timestamp,hour,day_of_week,is_weekend,is_peak_hour,terminal,num_flights,security_staff,checkin_staff,gates_available,weather,is_holiday_season,baggage_volume,international_ratio,passenger_flow,queue_length,waiting_time
2024-01-01 00:00:00,0,0,0,0,T1,12,14,14,17,Clear,1,1367,0.4216968971838151,2088,200,34
2024-01-01 01:00:00,1,0,0,0,T2,13,10,10,18,Clear,1,1578,0.6932923543227152,2208,200,80
2024-01-01 02:00:00,2,0,0,0,T2,9,12,14,12,Clear,1,1228,0.5439986631130483,1526,165,30
2024-01-01 03:00:00,3,0,0,0,T3,7,10,11,9,Clear,1,1098,0.6757995766256756,1320,184,87
2024-01-01 04:00:00,4,0,0,0,T3,12,16,11,16,Foggy,1,2576,0.366106775625201,3740,200,85
2024-01-01 05:00:00,5,0,0,0,T1,13,17,8,19,Clear,1,1962,0.5604308102007778,2235,200,60
2024-01-01 06:00:00,6,0,0,1,T3,23,27,16,8,Clear,1,5499,0.6043140194467589,6756,200,38
2024-01-01 07:00:00,7,0,0,1,T2,29,33,21,18,Clear,1,7733,0.39971689165954993,8866,200,29
2024-01-01 08:00:00,8,0,0,1,T2,25,32,18,14,Clear,1,5771,0.6584365199693972,6853,200,22
2024-01-01 09:00:00,9,0,0,1,T1,15,20,23,18,Clear,1,3582,0.3479461469334731,5374,200,32
2024-01-01 10:00:00,10,0,0,0,T1,10,17,8,11,Clear,1,1477,0.41145858569464455,2400,200,38
2024-01-01 11:00:00,11,0,0,0,T3,7,11,12,19,Clear,1,1365,0.48812025377841534,1624,200,52
2024-01-01 12:00:00,12,0,0,0,T3,10,10,8,19,Clear,1,1410,0.6762093057958416,2243,200,90
2024-01-01 13:00:00,13,0,0,0,T1,11,11,8,18,Clear,1,1696,0.5220803246397849,2007,200,85
2024-01-01 14:00:00,14,0,0,0,T2,6,10,13,19,Clear,1,1231,0.6403713795070051,1422,200,82
2024-01-01 15:00:00,15,0,0,0,T3,8,15,11,10,Clear,1,1490,0.6977829850443282,2029,200,51
2024-01-01 16:00:00,16,0,0,0,T1,8,10,13,12,Clear,1,1102,0.5359483390242175,1633,190,72
2024-01-01 17:00:00,17,0,0,1,T3,17,25,22,18,Clear,1,3779,0.5288016796836732,5041,200,26
2024-01-01 18:00:00,18,0,0,1,T3,15,31,19,13,Clear,1,2721,0.6404546686067427,3803,200,35
2024-01-01 19:00:00,19,0,0,1,T1,16,28,24,13,Clear,1,4292,0.5788062963981071,5220,200,31
2024-01-01 20:00:00,20,0,0,1,T2,21,32,24,14,Clear,1,5137,0.31104670874948187,5933,200,26
2024-01-01 21:00:00,21,0,0,0,T2,11,15,10,16,Clear,1,1898,0.5148329708786621,2748,200,41
2024-01-01 22:00:00,22,0,0,0,T1,12,14,11,19,Foggy,1,2336,0.5976170571996462,3200,200,85
2024-01-01 23:00:00,23,0,0,0,T1,14,14,13,14,Clear,1,1970,0.3731463988429229,3137,200,47
2024-01-02 00:00:00,0,1,0,0,T3,5,16,14,12,Clear,1,616,0.4966463500467329,979,108,17
2024-01-02 01:00:00,1,1,0,0,T2,5,14,14,17,Clear,1,1028,0.563477452647578,1200,96,21
2024-01-02 02:00:00,2,1,0,0,T1,12,16,9,8,Rainy,1,2535,0.6281707375085073,3219,200,52
2024-01-02 03:00:00,3,1,0,0,T2,6,12,9,10,Clear,1,1019,0.5771561434767758,1361,173,53
2024-01-02 04:00:00,4,1,0,0,T1,12,13,8,12,Foggy,1,2649,0.6468466428838888,3422,200,100
2024-01-02 05:00:00,5,1,0,0,T2,5,16,12,14,Rainy,1,896,0.4556806714936652,1032,174,47
2024-01-02 06:00:00,6,1,0,1,T1,23,22,23,14,Foggy,1,6649,0.6784778171526761,10017,200,35
2024-01-02 07:00:00,7,1,0,1,T3,21,32,19,17,Foggy,1,9272,0.5752120040700156,10412,200,45
2024-01-02 08:00:00,8,1,0,1,T3,15,32,20,14,Clear,1,3645,0.6521439874553667,4244,185,26
2024-01-02 09:00:00,9,1,0,1,T1,21,28,18,11,Clear,1,3444,0.4970500417163436,5439,200,44
2024-01-02 10:00:00,10,1,0,0,T1,14,13,11,15,Clear,1,2095,0.6852890157762445,3141,200,58
2024-01-02 11:00:00,11,1,0,0,T1,9,15,12,18,Foggy,1,1775,0.45368073255168795,2194,200,90
2024-01-02 12:00:00,12,1,0,0,T2,14,17,13,19,Clear,1,1877,0.4812963387315324,2769,200,37
2024-01-02 13:00:00,13,1,0,0,T1,13,10,12,11,Clear,1,1507,0.6506645943703171,2412,200,84
2024-01-02 14:00:00,14,1,0,0,T2,9,16,8,13,Rainy,1,2017,0.465927800935066,2724,200,91
2024-01-02 15:00:00,15,1,0,0,T1,11,15,11,8,Clear,1,1821,0.3964339329318527,2554,200,66
2024-01-02 16:00:00,16,1,0,0,T1,5,12,12,11,Clear,1,790,0.640872600127416,1045,103,40
2024-01-02 17:00:00,17,1,0,1,T2,19,33,23,8,Clear,1,3116,0.30581786626715274,4862,200,23
2024-01-02 18:00:00,18,1,0,1,T1,16,21,17,9,Clear,1,3416,0.4836543024953045,5043,200,47
2024-01-02 19:00:00,19,1,0,1,T3,19,21,17,16,Clear,1,4505,0.6497270419417668,6227,200,45
2024-01-02 20:00:00,20,1,0,1,T2,16,32,24,10,Clear,1,3071,0.5013669083419428,4331,165,11
2024-01-02 21:00:00,21,1,0,0,T2,13,19,8,16,Clear,1,2397,0.39444661324696173,2733,200,51
2024-01-02 22:00:00,22,1,0,0,T3,12,11,12,17,Clear,1,1746,0.39698820145389185,2299,200,66
2024-01-02 23:00:00,23,1,0,0,T1,9,19,14,16,Rainy,1,1304,0.5595291361166304,1847,200,48
2024-01-03 00:00:00,0,2,0,0,T2,8,15,9,15,Clear,1,1151,0.6734767295039498,1647,200,63
2024-01-03 01:00:00,1,2,0,0,T1,9,15,13,14,Clear,1,1850,0.4962995117035137,2073,165,29
2024-01-03 02:00:00,2,2,0,0,T2,13,11,14,18,Clear,1,1558,0.544248016976653,2456,200,53
2024-01-03 03:00:00,3,2,0,0,T1,9,13,12,18,Clear,1,1444,0.3351472444970627,1793,200,53
2024-01-03 04:00:00,4,2,0,0,T1,13,10,8,18,Clear,1,2543,0.38200072402129487,2835,200,96
2024-01-03 05:00:00,5,2,0,0,T1,5,17,13,19,Rainy,1,904,0.56607888827848,1071,151,32
2024-01-03 06:00:00,6,2,0,1,T2,18,28,24,16,Clear,1,3948,0.45659284408060075,5588,200,35
2024-01-03 07:00:00,7,2,0,1,T2,19,27,22,10,Clear,1,4958,0.49816945056158624,5742,200,26
2024-01-03 08:00:00,8,2,0,1,T2,25,23,20,16,Clear,1,4616,0.3917005580930566,7158,200,34
2024-01-03 09:00:00,9,2,0,1,T2,16,30,17,10,Clear,1,3742,0.5459801052610618,5453,200,26
2024-01-03 10:00:00,10,2,0,0,T3,12,11,8,8,Clear,1,2241,0.5426860185531424,2900,200,94
2024-01-03 11:00:00,11,2,0,0,T2,12,18,13,18,Clear,1,1327,0.43407889665836036,2153,200,44
2024-01-03 12:00:00,12,2,0,0,T3,9,19,8,10,Clear,1,1402,0.35634280815191993,1906,193,51
2024-01-03 13:00:00,13,2,0,0,T1,11,13,13,12,Foggy,1,1820,0.4658496494908095,2824,200,99
2024-01-03 14:00:00,14,2,0,0,T1,12,10,14,8,Clear,1,2112,0.5349814416936297,2483,200,59
2024-01-03 15:00:00,15,2,0,0,T1,7,11,9,13,Clear,1,1311,0.44932372651190117,1484,200,89
2024-01-03 16:00:00,16,2,0,0,T1,6,10,14,14,Clear,1,891,0.5610984431407499,1364,139,37
2024-01-03 17:00:00,17,2,0,1,T1,16,22,22,15,Rainy,1,4482,0.5532963099643842,7160,200,32
2024-01-03 18:00:00,18,2,0,1,T2,19,22,17,11,Clear,1,5506,0.4380768579525102,6484,200,44
2024-01-03 19:00:00,19,2,0,1,T3,23,21,19,19,Clear,1,6386,0.3728428555286333,8615,200,46
2024-01-03 20:00:00,20,2,0,1,T2,15,33,23,15,Clear,1,3679,0.6290335503646696,4571,200,20
2024-01-03 21:00:00,21,2,0,0,T2,14,13,8,13,Clear,1,1941,0.40659935734835284,2859,200,52
2024-01-03 22:00:00,22,2,0,0,T2,6,18,12,14,Clear,1,930,0.6348315962812117,1500,139,30
2024-01-03 23:00:00,23,2,0,0,T2,8,10,10,14,Clear,1,1277,0.6366118641240173,1970,200,76
2024-01-04 00:00:00,0,3,0,0,T3,6,18,9,9,Clear,1,876,0.5778785883417707,1044,139,36
2024-01-04 01:00:00,1,3,0,0,T1,6,12,12,19,Rainy,1,1564,0.6033569655782726,1763,200,60
2024-01-04 02:00:00,2,3,0,0,T2,5,16,12,13,Clear,1,982,0.6997413998263339,1265,156,27
2024-01-04 03:00:00,3,3,0,0,T2,10,19,14,12,Rainy,1,1365,0.4820574740144624,2215,186,55
2024-01-04 04:00:00,4,3,0,0,T2,11,10,13,15,Clear,1,1500,0.6162892659355854,1970,200,76
2024-01-04 05:00:00,5,3,0,0,T1,6,10,12,17,Rainy,1,894,0.3037941734513992,1440,200,104
2024-01-04 06:00:00,6,3,0,1,T1,15,32,19,19,Clear,1,3668,0.418523248182396,5347,200,21
2024-01-04 07:00:00,7,3,0,1,T1,23,20,19,16,Clear,1,5961,0.5403193785768792,6890,200,45
2024-01-04 08:00:00,8,3,0,1,T3,16,28,21,11,Clear,1,2943,0.6829081051933302,4817,200,21
2024-01-04 09:00:00,9,3,0,1,T3,19,24,20,14,Rainy,1,6781,0.361558362535942,8385,200,43
2024-01-04 10:00:00,10,3,0,0,T3,10,17,12,16,Clear,1,1701,0.5203429482436557,2136,200,65
2024-01-04 11:00:00,11,3,0,0,T1,12,15,10,12,Clear,1,1981,0.5648448040426258,2569,200,75
2024-01-04 12:00:00,12,3,0,0,T2,5,15,10,15,Clear,1,579,0.65265485310814,882,82,31
2024-01-04 13:00:00,13,3,0,0,T3,13,12,14,14,Clear,1,2004,0.3336392897871938,3047,200,50
2024-01-04 14:00:00,14,3,0,0,T1,13,10,14,9,Clear,1,2178,0.6728112422040069,2758,200,66
2024-01-04 15:00:00,15,3,0,0,T1,8,13,11,9,Foggy,1,1186,0.6409658636794591,1906,200,61
2024-01-04 16:00:00,16,3,0,0,T3,8,12,11,19,Clear,1,1215,0.4704725208943892,1352,197,66
2024-01-04 17:00:00,17,3,0,1,T2,21,34,21,18,Clear,1,3542,0.47293392041704074,5489,200,36
2024-01-04 18:00:00,18,3,0,1,T3,19,30,18,13,Rainy,1,5668,0.5251001145373531,6960,200,42
2024-01-04 19:00:00,19,3,0,1,T2,25,27,23,8,Clear,1,4658,0.6647344139839644,6769,200,35
2024-01-04 20:00:00,20,3,0,1,T3,18,33,23,14,Clear,1,5054,0.4241447835694295,6022,200,13
2024-01-04 21:00:00,21,3,0,0,T2,12,14,9,9,Clear,1,1620,0.4922027789031316,2649,200,74
2024-01-04 22:00:00,22,3,0,0,T1,5,18,13,13,Clear,1,684,0.3314313988620083,1123,96,21
2024-01-04 23:00:00,23,3,0,0,T1,6,15,14,17,Clear,1,1212,0.32078851346058895,1377,120,23
2024-01-05 00:00:00,0,4,0,0,T2,6,17,9,19,Rainy,1,1163,0.3326519928122358,1420,200,63
2024-01-05 01:00:00,1,4,0,0,T1,11,18,12,10,Clear,1,2141,0.5221454203750524,2858,200,50
2024-01-05 02:00:00,2,4,0,0,T2,10,14,8,18,Clear,1,1490,0.5970826084799924,1822,171,49
2024-01-05 03:00:00,3,4,0,0,T2,8,13,11,15,Clear,1,1311,0.6171824378422526,1683,200,64
2024-01-05 04:00:00,4,4,0,0,T2,7,12,9,13,Clear,1,1156,0.4491394548755738,1464,171,74
2024-01-05 05:00:00,5,4,0,0,T2,9,14,13,16,Clear,1,1358,0.4564326146607043,2093,200,59
2024-01-05 06:00:00,6,4,0,1,T3,16,22,19,12,Clear,1,4678,0.4723550094647223,5513,200,21
2024-01-05 07:00:00,7,4,0,1,T1,25,31,15,16,Clear,1,5836,0.6222680611800213,6840,200,33
2024-01-05 08:00:00,8,4,0,1,T2,29,25,18,9,Foggy,1,8082,0.45895159538576036,10022,200,32
2024-01-05 09:00:00,9,4,0,1,T2,25,30,16,16,Clear,1,5769,0.3119894359490712,8989,200,42
2024-01-05 10:00:00,10,4,0,0,T1,6,19,11,14,Clear,1,952,0.449718706855917,1066,90,30
2024-01-05 11:00:00,11,4,0,0,T1,6,10,9,15,Rainy,1,1290,0.5308740946846993,1613,200,114
2024-01-05 12:00:00,12,4,0,0,T1,6,11,13,16,Rainy,1,1573,0.475268938564795,1793,200,60
2024-01-05 13:00:00,13,4,0,0,T3,13,16,10,18,Clear,1,1954,0.45216788169311906,2542,200,54
2024-01-05 14:00:00,14,4,0,0,T2,5,10,8,10,Clear,1,719,0.49167275105189234,952,176,72
2024-01-05 15:00:00,15,4,0,0,T1,14,18,11,12,Clear,1,2460,0.6822094783819739,3018,200,60
2024-01-05 16:00:00,16,4,0,0,T1,11,16,14,12,Rainy,1,1715,0.6212103591330653,2478,200,55
2024-01-05 17:00:00,17,4,0,1,T2,24,23,16,9,Clear,1,5491,0.583618504688973,7249,200,26
2024-01-05 18:00:00,18,4,0,1,T1,24,32,24,15,Foggy,1,8266,0.6536825853393631,9774,200,36
2024-01-05 19:00:00,19,4,0,1,T1,23,34,24,15,Clear,1,5634,0.6290457274054713,8257,200,27
2024-01-05 20:00:00,20,4,0,1,T2,24,28,16,10,Clear,1,4464,0.5567886001773064,7354,200,39
2024-01-05 21:00:00,21,4,0,0,T2,14,18,13,16,Clear,1,2859,0.5769744605297478,3507,200,49
2024-01-05 22:00:00,22,4,0,0,T3,7,13,9,13,Clear,1,1077,0.3934848327641732,1282,154,33
2024-01-05 23:00:00,23,4,0,0,T2,10,17,9,10,Clear,1,1445,0.3240569370403141,1954,200,67
2024-01-06 00:00:00,0,5,1,0,T2,8,14,12,16,Clear,1,1548,0.34793160080705854,2167,165,40
2024-01-06 01:00:00,1,5,1,0,T3,10,14,11,15,Rainy,1,2542,0.5433945650639165,2959,200,82
2024-01-06 02:00:00,2,5,1,0,T2,8,11,12,11,Clear,1,1425,0.5402377333442469,1941,200,65
2024-01-06 03:00:00,3,5,1,0,T2,7,15,10,13,Clear,1,1401,0.5129924770237704,1747,200,55
2024-01-06 04:00:00,4,5,1,0,T2,7,16,11,16,Clear,1,1133,0.4254910764776384,1524,200,56
2024-01-06 05:00:00,5,5,1,0,T2,5,15,13,11,Clear,1,861,0.6852460446356695,1345,107,18
2024-01-06 06:00:00,6,5,1,1,T2,26,32,18,9,Clear,1,8989,0.6017014177375453,12060,200,27
2024-01-06 07:00:00,7,5,1,1,T2,29,28,21,10,Clear,1,7715,0.5532758504053856,9824,200,31
2024-01-06 08:00:00,8,5,1,1,T1,19,26,18,11,Clear,1,6631,0.3707548580575417,8907,200,37
2024-01-06 09:00:00,9,5,1,1,T1,19,33,21,9,Clear,1,5828,0.42940015796458947,7418,200,23
2024-01-06 10:00:00,10,5,1,0,T3,9,14,9,12,Foggy,1,2053,0.42987037075602397,3184,200,98
2024-01-06 11:00:00,11,5,1,0,T2,12,12,8,11,Rainy,1,2314,0.4117470855738865,3715,200,103
2024-01-06 12:00:00,12,5,1,0,T3,12,14,11,18,Clear,1,1874,0.31520873929498194,3051,200,56
2024-01-06 13:00:00,13,5,1,0,T2,5,12,10,15,Clear,1,1219,0.6135370707070695,1382,175,76
2024-01-06 14:00:00,14,5,1,0,T1,14,14,12,13,Rainy,1,3483,0.5575617014164522,4185,200,55
2024-01-06 15:00:00,15,5,1,0,T2,6,19,12,11,Clear,1,1518,0.35123829854648,1906,200,56
2024-01-06 16:00:00,16,5,1,0,T1,12,11,14,16,Clear,1,2848,0.5583243250620824,3289,200,50
2024-01-06 17:00:00,17,5,1,1,T1,28,26,21,8,Clear,1,7180,0.42802393300839336,11654,200,29
2024-01-06 18:00:00,18,5,1,1,T3,23,25,16,9,Clear,1,7959,0.5033442187665119,10243,200,43
2024-01-06 19:00:00,19,5,1,1,T1,17,26,21,19,Clear,1,6357,0.6967239805397454,7773,200,25
2024-01-06 20:00:00,20,5,1,1,T1,24,21,23,17,Rainy,1,11380,0.6330721877388172,13357,200,46
2024-01-06 21:00:00,21,5,1,0,T1,13,11,12,16,Clear,1,2802,0.5573460719647136,3916,200,39
2024-01-06 22:00:00,22,5,1,0,T3,10,12,9,12,Clear,1,1769,0.34165494316811496,2166,200,64
2024-01-06 23:00:00,23,5,1,0,T1,8,13,13,15,Clear,1,1546,0.4336953274784243,2504,200,45
2024-01-07 00:00:00,0,6,1,0,T3,10,14,14,11,Clear,1,2169,0.6993390045571798,2643,200,40
2024-01-07 01:00:00,1,6,1,0,T3,5,10,13,11,Clear,1,728,0.5801007837778084,1121,165,69
2024-01-07 02:00:00,2,6,1,0,T2,10,15,8,18,Clear,1,2350,0.49318754883414206,3187,200,75
2024-01-07 03:00:00,3,6,1,0,T1,8,16,14,9,Foggy,1,2321,0.3053610505728662,3130,200,78
2024-01-07 04:00:00,4,6,1,0,T1,14,15,11,14,Clear,1,2723,0.6625749813377644,4401,200,52
2024-01-07 05:00:00,5,6,1,0,T1,8,11,8,18,Clear,1,2230,0.3209031517144095,2532,200,79
2024-01-07 06:00:00,6,6,1,1,T2,28,28,19,17,Foggy,1,7987,0.573501642230817,12747,200,32
2024-01-07 07:00:00,7,6,1,1,T2,22,32,16,19,Rainy,1,6725,0.36630981606531027,9022,200,33
2024-01-07 08:00:00,8,6,1,1,T3,23,21,24,9,Rainy,1,9286,0.49890237212587524,11079,200,30
2024-01-07 09:00:00,9,6,1,1,T1,19,23,24,11,Rainy,1,8423,0.6088049905239961,9407,200,38
2024-01-07 10:00:00,10,6,1,0,T1,13,17,13,10,Foggy,1,4122,0.3815065836510756,4636,200,80
2024-01-07 11:00:00,11,6,1,0,T2,12,18,11,12,Clear,1,2941,0.6173045401753017,3637,200,40
2024-01-07 12:00:00,12,6,1,0,T1,7,12,10,9,Clear,1,1591,0.6871023508413555,1895,200,75
2024-01-07 13:00:00,13,6,1,0,T3,13,16,8,14,Clear,1,2458,0.3117456636409569,3915,200,65
2024-01-07 14:00:00,14,6,1,0,T3,14,14,10,19,Rainy,1,3722,0.4976849789001199,5262,200,70
2024-01-07 15:00:00,15,6,1,0,T3,14,14,11,15,Clear,1,3310,0.4742021817592637,4222,200,47
2024-01-07 16:00:00,16,6,1,0,T2,5,14,11,18,Rainy,1,1310,0.3290683486440065,1460,137,55
2024-01-07 17:00:00,17,6,1,1,T1,17,23,24,16,Clear,1,5681,0.3931052588405155,6522,200,41
2024-01-07 18:00:00,18,6,1,1,T3,26,32,16,10,Foggy,1,10524,0.6907201314042637,14738,200,36
2024-01-07 19:00:00,19,6,1,1,T1,18,20,23,15,Rainy,1,8575,0.6219627107365755,10379,200,56
2024-01-07 20:00:00,20,6,1,1,T1,21,33,23,18,Clear,1,5323,0.5268683119677542,8673,200,18
2024-01-07 21:00:00,21,6,1,0,T1,9,12,8,18,Rainy,1,2405,0.5125266082272236,3053,200,109
2024-01-07 22:00:00,22,6,1,0,T3,7,11,12,12,Clear,1,1828,0.5287089408193288,2117,200,86
2024-01-07 23:00:00,23,6,1,0,T2,12,15,11,16,Clear,1,2265,0.5705705449353569,2861,200,68
2024-01-08 00:00:00,0,0,0,0,T1,8,15,11,10,Clear,1,1456,0.48899734200260536,2056,200,60
2024-01-08 01:00:00,1,0,0,0,T1,12,12,11,17,Foggy,1,2016,0.5066290513783915,3045,200,67
2024-01-08 02:00:00,2,0,0,0,T1,5,17,10,11,Clear,1,624,0.5468266064471204,998,118,26
2024-01-08 03:00:00,3,0,0,0,T1,7,16,14,16,Clear,1,1151,0.5919441235393914,1606,115,21
2024-01-08 04:00:00,4,0,0,0,T3,9,10,12,17,Foggy,1,1975,0.3484100001940772,2779,200,64
2024-01-08 05:00:00,5,0,0,0,T2,8,10,8,19,Clear,1,1144,0.30405247361109733,1471,200,77
2024-01-08 06:00:00,6,0,0,1,T2,20,28,23,14,Rainy,1,6145,0.5308799546938203,8240,200,18
2024-01-08 07:00:00,7,0,0,1,T1,19,33,15,16,Rainy,1,5178,0.42252539951128504,7587,200,43
2024-01-08 08:00:00,8,0,0,1,T3,26,31,16,10,Clear,1,6052,0.5103250395493295,8431,200,19
2024-01-08 09:00:00,9,0,0,1,T2,26,24,21,11,Clear,1,5444,0.45434980115804635,9044,200,23
2024-01-08 10:00:00,10,0,0,0,T3,5,10,13,12,Clear,1,813,0.33972088110147713,1269,132,34
2024-01-08 11:00:00,11,0,0,0,T1,14,12,9,13,Rainy,1,2725,0.630682943896595,3490,200,104
2024-01-08 12:00:00,12,0,0,0,T3,8,10,12,13,Clear,1,1039,0.37784953468194876,1534,200,79
2024-01-08 13:00:00,13,0,0,0,T1,9,16,11,10,Clear,1,1606,0.5938311692485653,1925,200,41
2024-01-08 14:00:00,14,0,0,0,T1,10,18,9,10,Clear,1,1730,0.35226093752938514,2010,200,42
2024-01-08 15:00:00,15,0,0,0,T3,9,10,11,16,Rainy,1,2370,0.5354926088525279,2759,200,85
2024-01-08 16:00:00,16,0,0,0,T1,10,10,13,15,Clear,1,1699,0.5365627037689952,2177,200,78
2024-01-08 17:00:00,17,0,0,1,T3,17,34,23,15,Rainy,1,4872,0.6705530426920346,6183,200,33
2024-01-08 18:00:00,18,0,0,1,T1,20,32,20,18,Rainy,1,6463,0.6962184131080533,7713,200,29
2024-01-08 19:00:00,19,0,0,1,T1,24,20,22,14,Clear,1,5522,0.6287706543759719,6267,200,24
2024-01-08 20:00:00,20,0,0,1,T3,15,23,17,9,Clear,1,3542,0.5308162657847643,4486,200,26
2024-01-08 21:00:00,21,0,0,0,T2,7,15,9,15,Clear,1,1262,0.3844449884664545,1578,157,52
2024-01-08 22:00:00,22,0,0,0,T3,7,17,14,15,Clear,1,1198,0.5591269783962114,1695,124,32
2024-01-08 23:00:00,23,0,0,0,T1,5,16,14,17,Clear,1,944,0.6215834030210081,1116,74,23
2024-01-09 00:00:00,0,1,0,0,T2,8,16,9,19,Clear,1,1059,0.5827905949822865,1551,126,39
2024-01-09 01:00:00,1,1,0,0,T1,6,17,8,13,Clear,1,1178,0.4253391670340572,1382,144,31
2024-01-09 02:00:00,2,1,0,0,T3,7,12,8,13,Clear,1,1055,0.3667812354988795,1756,200,70
2024-01-09 03:00:00,3,1,0,0,T2,9,10,11,18,Foggy,1,1660,0.4440201863603913,2702,200,102
2024-01-09 04:00:00,4,1,0,0,T3,13,12,14,9,Clear,1,2486,0.5590852684251686,3036,200,70
2024-01-09 05:00:00,5,1,0,0,T3,11,11,8,15,Foggy,1,1587,0.31720278074677577,2537,200,109
2024-01-09 06:00:00,6,1,0,1,T2,15,25,20,17,Clear,1,2385,0.5944801700243048,3914,200,40
2024-01-09 07:00:00,7,1,0,1,T1,26,25,18,15,Rainy,1,7696,0.387922139529276,11316,200,37
2024-01-09 08:00:00,8,1,0,1,T1,26,30,20,12,Clear,1,5168,0.5567439835421422,7749,200,29
2024-01-09 09:00:00,9,1,0,1,T2,25,24,18,14,Rainy,1,6668,0.3609311142650715,10072,200,39
2024-01-09 10:00:00,10,1,0,0,T3,13,11,9,19,Clear,1,1817,0.5245174171793611,2291,200,66
2024-01-09 11:00:00,11,1,0,0,T3,5,19,11,14,Clear,1,888,0.4552662824507982,1123,127,36
2024-01-09 12:00:00,12,1,0,0,T2,5,10,14,11,Clear,1,742,0.31782552937947167,1109,156,57
2024-01-09 13:00:00,13,1,0,0,T2,10,11,14,17,Clear,1,1300,0.317559977057202,1782,180,61
2024-01-09 14:00:00,14,1,0,0,T1,12,10,8,18,Rainy,1,2717,0.6924711347049177,3454,200,91
2024-01-09 15:00:00,15,1,0,0,T1,7,11,8,18,Clear,1,1208,0.39281593156044237,1744,200,88
2024-01-09 16:00:00,16,1,0,0,T2,5,13,9,13,Rainy,1,1007,0.623310175822375,1335,200,79
2024-01-09 17:00:00,17,1,0,1,T1,25,28,17,19,Clear,1,4107,0.6044031693981569,6696,200,41
2024-01-09 18:00:00,18,1,0,1,T1,18,23,19,10,Clear,1,4768,0.6608945613848952,5582,200,26
2024-01-09 19:00:00,19,1,0,1,T3,18,23,21,17,Rainy,1,6174,0.5253298568132186,7569,200,40
2024-01-09 20:00:00,20,1,0,1,T2,26,29,17,10,Clear,1,5434,0.41827786961664165,8032,200,34
2024-01-09 21:00:00,21,1,0,0,T2,13,13,9,10,Clear,1,2195,0.5618602747463818,2641,200,76
2024-01-09 22:00:00,22,1,0,0,T1,13,10,14,12,Clear,1,1853,0.39216666484693996,2682,200,83
2024-01-09 23:00:00,23,1,0,0,T1,8,15,10,11,Rainy,1,1897,0.37264558710264106,2245,200,74
2024-01-10 00:00:00,0,2,0,0,T1,10,13,14,15,Rainy,1,2006,0.4927469917098466,2545,200,73
2024-01-10 01:00:00,1,2,0,0,T1,8,18,10,12,Clear,1,1180,0.6214072433739737,1875,200,38
2024-01-10 02:00:00,2,2,0,0,T1,14,16,12,16,Clear,1,2677,0.5248291177610284,3273,200,69
2024-01-10 03:00:00,3,2,0,0,T3,5,10,10,17,Clear,1,729,0.5814799118516203,1209,200,91
2024-01-10 04:00:00,4,2,0,0,T3,11,13,10,10,Rainy,1,2269,0.5708609649830694,2693,200,76
2024-01-10 05:00:00,5,2,0,0,T2,6,17,13,10,Clear,1,667,0.37476577624338464,1028,90,18
2024-01-10 06:00:00,6,2,0,1,T1,19,30,19,18,Clear,1,4953,0.5710163782014136,7076,200,22
2024-01-10 07:00:00,7,2,0,1,T1,28,34,21,11,Foggy,1,9957,0.6961447127993488,12760,200,38
2024-01-10 08:00:00,8,2,0,1,T1,29,29,23,16,Clear,1,6782,0.3296168871649392,8972,200,18
2024-01-10 09:00:00,9,2,0,1,T2,16,28,17,9,Clear,1,4758,0.41891631612293345,5374,200,23
2024-01-10 10:00:00,10,2,0,0,T1,7,13,10,9,Clear,1,1069,0.6786934915693582,1244,179,51
2024-01-10 11:00:00,11,2,0,0,T1,14,14,14,18,Rainy,1,2883,0.3061579566765234,3991,200,74
2024-01-10 12:00:00,12,2,0,0,T2,5,18,11,10,Foggy,1,1063,0.6658194655394235,1290,195,78
2024-01-10 13:00:00,13,2,0,0,T2,8,18,10,17,Foggy,1,1544,0.627347826592535,1940,200,55
2024-01-10 14:00:00,14,2,0,0,T1,8,10,8,12,Clear,1,1334,0.653985723272235,1907,200,81
2024-01-10 15:00:00,15,2,0,0,T1,8,17,13,10,Clear,1,1670,0.5337795639029703,1906,200,44
2024-01-10 16:00:00,16,2,0,0,T2,5,10,13,12,Clear,1,1014,0.6745122485875706,1277,134,46
2024-01-10 17:00:00,17,2,0,1,T1,16,34,20,18,Clear,1,2874,0.4124152325524113,4335,200,10
2024-01-10 18:00:00,18,2,0,1,T2,20,21,23,8,Foggy,1,5131,0.6223378130471332,6992,200,54
2024-01-10 19:00:00,19,2,0,1,T1,26,31,22,17,Clear,1,6772,0.6811260068010023,7748,200,25
2024-01-10 20:00:00,20,2,0,1,T1,24,20,24,17,Foggy,1,9070,0.6351633499407214,11295,200,46
2024-01-10 21:00:00,21,2,0,0,T3,7,18,14,13,Clear,1,1042,0.5962504595577482,1430,122,31
2024-01-10 22:00:00,22,2,0,0,T3,9,15,11,9,Clear,1,1449,0.34736601567037273,1871,200,70
2024-01-10 23:00:00,23,2,0,0,T1,11,16,14,13,Clear,1,1746,0.6485873685506135,2114,200,46
2024-01-11 00:00:00,0,3,0,0,T2,12,19,8,9,Clear,1,1865,0.6921742281081487,2549,200,59
2024-01-11 01:00:00,1,3,0,0,T2,9,19,8,10,Clear,1,1494,0.5754526517231502,1895,198,49
2024-01-11 02:00:00,2,3,0,0,T1,13,15,11,16,Clear,1,2040,0.6419896078245897,3115,200,48
2024-01-11 03:00:00,3,3,0,0,T3,7,14,13,16,Rainy,1,1313,0.5593272029808383,2118,200,79
2024-01-11 04:00:00,4,3,0,0,T1,6,15,14,11,Foggy,1,1199,0.5890951008955219,1622,192,58
2024-01-11 05:00:00,5,3,0,0,T2,6,10,8,19,Clear,1,783,0.5084292762033551,1025,126,46
2024-01-11 06:00:00,6,3,0,1,T1,24,23,15,10,Clear,1,6528,0.5388621223961207,7888,200,48
2024-01-11 07:00:00,7,3,0,1,T2,18,29,19,12,Clear,1,3402,0.3966002511971334,4901,200,26
2024-01-11 08:00:00,8,3,0,1,T1,28,33,24,19,Rainy,1,8242,0.5133005597116409,10777,200,29
2024-01-11 09:00:00,9,3,0,1,T2,17,33,15,19,Clear,1,4391,0.6146833362829236,4907,200,29
2024-01-11 10:00:00,10,3,0,0,T3,8,10,11,15,Clear,1,1329,0.4301162473446991,1535,144,59
2024-01-11 11:00:00,11,3,0,0,T3,12,15,9,9,Rainy,1,2505,0.5284649194489444,3387,200,50
2024-01-11 12:00:00,12,3,0,0,T1,5,12,11,18,Clear,1,659,0.6348478511322608,1078,158,45
2024-01-11 13:00:00,13,3,0,0,T2,7,12,12,12,Clear,1,921,0.531536067214237,1437,134,49
2024-01-11 14:00:00,14,3,0,0,T2,11,17,10,9,Clear,1,1900,0.44924904736895344,2366,200,42
2024-01-11 15:00:00,15,3,0,0,T3,9,14,14,16,Clear,1,1609,0.3816666236672972,2223,177,58
2024-01-11 16:00:00,16,3,0,0,T1,6,10,12,9,Clear,1,1103,0.460754879956292,1478,200,83
2024-01-11 17:00:00,17,3,0,1,T1,19,20,20,9,Foggy,1,5864,0.33382615123889514,8067,200,33
2024-01-11 18:00:00,18,3,0,1,T2,18,26,21,18,Rainy,1,4387,0.6389551722285495,5933,200,50
2024-01-11 19:00:00,19,3,0,1,T1,18,31,21,12,Foggy,1,5557,0.4876428844190315,8309,200,28
2024-01-11 20:00:00,20,3,0,1,T1,24,23,19,11,Foggy,1,7262,0.35187159128969414,10844,200,50
2024-01-11 21:00:00,21,3,0,0,T1,5,13,12,11,Clear,1,704,0.4938151980320043,1127,107,23
2024-01-11 22:00:00,22,3,0,0,T1,9,15,9,15,Clear,1,1233,0.37629039503635786,1739,200,51
2024-01-11 23:00:00,23,3,0,0,T1,6,12,11,15,Clear,1,1020,0.3063292687987283,1157,106,37
2024-01-12 00:00:00,0,4,0,0,T2,13,15,10,19,Clear,1,2689,0.37019665095254295,3037,200,66
2024-01-12 01:00:00,1,4,0,0,T2,13,19,13,13,Clear,1,1817,0.4114572252460145,2772,200,48
2024-01-12 02:00:00,2,4,0,0,T1,10,11,13,13,Foggy,1,2381,0.618370554857401,2790,200,75
2024-01-12 03:00:00,3,4,0,0,T1,13,18,14,12,Rainy,1,1875,0.48332943783503013,2905,200,67
2024-01-12 04:00:00,4,4,0,0,T1,5,17,9,15,Foggy,1,883,0.3617968816019703,1067,128,49
2024-01-12 05:00:00,5,4,0,0,T2,6,10,13,14,Foggy,1,889,0.5586401775794647,1450,200,102
2024-01-12 06:00:00,6,4,0,1,T1,29,28,18,17,Rainy,1,6474,0.48627301670491174,9239,200,45
2024-01-12 07:00:00,7,4,0,1,T3,23,28,22,15,Foggy,1,7815,0.6425973611050294,10190,200,33
2024-01-12 08:00:00,8,4,0,1,T3,22,25,20,9,Clear,1,5215,0.31659966687323177,7579,200,27
2024-01-12 09:00:00,9,4,0,1,T2,25,20,20,10,Clear,1,6264,0.43590809691953747,7169,200,41
2024-01-12 10:00:00,10,4,0,0,T2,14,10,8,11,Clear,1,2943,0.6741938054109983,3461,200,75
2024-01-12 11:00:00,11,4,0,0,T1,6,13,13,19,Clear,1,931,0.3757573671539384,1066,135,33
2024-01-12 12:00:00,12,4,0,0,T1,10,19,8,17,Clear,1,1616,0.3997832817172929,1881,150,48
2024-01-12 13:00:00,13,4,0,0,T2,11,11,11,19,Foggy,1,2004,0.4719830479119287,2853,200,68
2024-01-12 14:00:00,14,4,0,0,T3,10,14,13,8,Clear,1,1524,0.30607075291473074,2291,200,49
2024-01-12 15:00:00,15,4,0,0,T2,9,12,13,15,Clear,1,1688,0.4855926792667549,2184,200,46
2024-01-12 16:00:00,16,4,0,0,T1,10,14,8,18,Clear,1,1587,0.6753262914605264,2304,200,47
2024-01-12 17:00:00,17,4,0,1,T3,24,33,23,14,Foggy,1,7445,0.40114324730004447,9495,200,32
2024-01-12 18:00:00,18,4,0,1,T2,20,29,19,8,Clear,1,5145,0.6651569778946301,7273,200,31
2024-01-12 19:00:00,19,4,0,1,T2,28,34,22,13,Rainy,1,9179,0.6748435779678708,11761,200,29
2024-01-12 20:00:00,20,4,0,1,T1,20,25,16,9,Clear,1,4924,0.5725412052965395,7356,200,38
2024-01-12 21:00:00,21,4,0,0,T3,12,17,12,8,Rainy,1,2494,0.3867824983455518,3650,200,65
2024-01-12 22:00:00,22,4,0,0,T1,12,13,12,17,Clear,1,2229,0.46128425327352907,2826,200,69
2024-01-12 23:00:00,23,4,0,0,T3,6,11,12,12,Clear,1,1204,0.4725206825364058,1411,200,66
2024-01-13 00:00:00,0,5,1,0,T1,11,15,9,9,Clear,1,2509,0.5786780445746994,3084,200,77
2024-01-13 01:00:00,1,5,1,0,T1,5,18,10,12,Rainy,1,1368,0.6120757073931979,1859,200,61
2024-01-13 02:00:00,2,5,1,0,T3,11,10,9,8,Clear,1,1930,0.6188844290315051,2635,200,92
2024-01-13 03:00:00,3,5,1,0,T2,14,16,14,16,Clear,1,2872,0.42184094230967617,3248,200,59
2024-01-13 04:00:00,4,5,1,0,T1,6,18,9,9,Clear,1,962,0.45907376577322184,1240,101,27
2024-01-13 05:00:00,5,5,1,0,T3,6,19,10,18,Rainy,1,1298,0.6329454158643979,1784,200,33
2024-01-13 06:00:00,6,5,1,1,T3,27,20,22,11,Rainy,1,10887,0.4578289261275695,15546,200,45
2024-01-13 07:00:00,7,5,1,1,T2,17,32,24,12,Rainy,1,6650,0.5718788867333381,9204,200,26
2024-01-13 08:00:00,8,5,1,1,T1,18,33,17,14,Rainy,1,6600,0.3564430376085404,7885,200,27
2024-01-13 09:00:00,9,5,1,1,T2,16,21,19,11,Clear,1,4230,0.3676247113758865,6661,200,35
2024-01-13 10:00:00,10,5,1,0,T1,7,18,12,10,Foggy,1,1618,0.4718491455587376,2666,200,75
2024-01-13 11:00:00,11,5,1,0,T1,11,14,11,14,Clear,1,2287,0.6462249532688813,3385,200,66
2024-01-13 12:00:00,12,5,1,0,T1,14,17,9,18,Foggy,1,3347,0.5608941412529762,4193,200,67
2024-01-13 13:00:00,13,5,1,0,T1,10,15,8,11,Rainy,1,1779,0.31113756303096535,2789,200,64
2024-01-13 14:00:00,14,5,1,0,T2,13,11,11,14,Clear,1,2599,0.5001114140831041,3380,200,76
2024-01-13 15:00:00,15,5,1,0,T1,9,11,13,9,Foggy,1,2525,0.6601056444808281,3121,200,87
2024-01-13 16:00:00,16,5,1,0,T3,5,13,11,9,Clear,1,746,0.5738504777059865,1218,196,52
2024-01-13 17:00:00,17,5,1,1,T3,21,33,21,19,Foggy,1,7516,0.4195131484217006,10950,200,36
2024-01-13 18:00:00,18,5,1,1,T3,19,34,17,8,Clear,1,4978,0.3552061948080207,6691,200,23
2024-01-13 19:00:00,19,5,1,1,T1,21,34,20,15,Clear,1,5284,0.4273216378769389,7113,200,25
2024-01-13 20:00:00,20,5,1,1,T2,18,25,22,10,Clear,1,7217,0.3370001751755855,8034,200,25
2024-01-13 21:00:00,21,5,1,0,T3,13,15,11,11,Clear,1,2763,0.4192302602099291,4036,200,51
2024-01-13 22:00:00,22,5,1,0,T1,13,13,10,14,Foggy,1,3649,0.361567803913162,4585,200,74
2024-01-13 23:00:00,23,5,1,0,T3,12,13,13,15,Clear,1,3290,0.511885586443347,3729,200,53
2024-01-14 00:00:00,0,6,1,0,T2,13,18,12,13,Clear,1,3550,0.42719302053613395,4242,200,43
2024-01-14 01:00:00,1,6,1,0,T2,13,19,8,13,Clear,1,1802,0.6764193040153508,2842,200,35
2024-01-14 02:00:00,2,6,1,0,T3,12,18,10,13,Clear,1,3176,0.3605729257479853,3584,200,60
2024-01-14 03:00:00,3,6,1,0,T2,11,11,13,18,Clear,1,1593,0.5209464551268936,2580,200,49
2024-01-14 04:00:00,4,6,1,0,T2,13,12,12,15,Rainy,1,2796,0.47310859373672753,4333,200,67
2024-01-14 05:00:00,5,6,1,0,T2,5,16,13,17,Clear,1,951,0.42278891288360726,1344,116,35
2024-01-14 06:00:00,6,6,1,1,T1,27,20,24,17,Foggy,1,10569,0.6802131283817635,12539,200,57
2024-01-14 07:00:00,7,6,1,1,T1,23,25,19,19,Rainy,1,6417,0.5397844558634866,10411,200,33
2024-01-14 08:00:00,8,6,1,1,T3,26,25,19,17,Clear,1,7412,0.5525835170332083,8744,200,30
2024-01-14 09:00:00,9,6,1,1,T3,23,24,21,18,Foggy,1,8202,0.3238348389412575,12514,200,40
2024-01-14 10:00:00,10,6,1,0,T2,14,14,10,17,Clear,1,3232,0.6534258913480762,3650,200,67
2024-01-14 11:00:00,11,6,1,0,T1,14,13,14,11,Clear,1,2086,0.34541625693051464,3080,200,44
2024-01-14 12:00:00,12,6,1,0,T3,11,15,9,16,Foggy,1,3441,0.6185937557318323,3844,200,76
2024-01-14 13:00:00,13,6,1,0,T3,13,13,8,14,Foggy,1,3083,0.30167497745118316,4949,200,87
2024-01-14 14:00:00,14,6,1,0,T2,7,17,10,16,Clear,1,1039,0.45725885179760606,1496,119,45
2024-01-14 15:00:00,15,6,1,0,T1,13,13,13,9,Rainy,1,3143,0.4399751414282856,4594,200,49
2024-01-14 16:00:00,16,6,1,0,T3,7,16,12,17,Rainy,1,1800,0.5923481383104641,2571,200,83
2024-01-14 17:00:00,17,6,1,1,T2,25,20,17,19,Rainy,1,10748,0.4610957938987323,14058,200,46
2024-01-14 18:00:00,18,6,1,1,T2,20,25,17,19,Foggy,1,5934,0.5923518493288831,8590,200,28
2024-01-14 19:00:00,19,6,1,1,T2,28,32,16,14,Clear,1,10285,0.40181621716866445,12126,200,18
2024-01-14 20:00:00,20,6,1,1,T2,18,30,20,18,Clear,1,5516,0.5397197148025554,7602,200,27
2024-01-14 21:00:00,21,6,1,0,T2,13,19,9,16,Clear,1,2096,0.48865979630023815,3214,200,62
2024-01-14 22:00:00,22,6,1,0,T1,6,10,11,15,Clear,1,1574,0.6652165867559423,1909,200,76
2024-01-14 23:00:00,23,6,1,0,T2,7,10,9,19,Rainy,1,1913,0.37093062128957577,2253,200,71
2024-01-15 00:00:00,0,0,0,0,T2,14,18,11,9,Clear,1,2222,0.5652108814892589,2889,200,62
2024-01-15 01:00:00,1,0,0,0,T2,8,19,12,17,Clear,1,890,0.6612894509378828,1483,154,26
2024-01-15 02:00:00,2,0,0,0,T1,8,17,12,19,Clear,1,1223,0.45437580437477093,1957,200,67
2024-01-15 03:00:00,3,0,0,0,T1,9,16,14,16,Clear,1,1266,0.3588908297642068,1784,135,35
2024-01-15 04:00:00,4,0,0,0,T1,8,14,10,13,Clear,1,1326,0.37312535541569036,1554,200,56
2024-01-15 05:00:00,5,0,0,0,T3,11,12,8,16,Foggy,1,2089,0.6704820807537379,2736,200,89
2024-01-15 06:00:00,6,0,0,1,T3,24,21,18,16,Foggy,1,5689,0.3254739070010067,8224,200,52
2024-01-15 07:00:00,7,0,0,1,T1,27,33,17,17,Clear,1,8140,0.5391359947382739,9086,200,31
2024-01-15 08:00:00,8,0,0,1,T1,20,23,17,18,Clear,1,4186,0.5311311886045742,5810,200,47
2024-01-15 09:00:00,9,0,0,1,T1,15,22,19,10,Rainy,1,4185,0.590148640093943,4846,200,42
2024-01-15 10:00:00,10,0,0,0,T1,6,15,13,9,Clear,1,1286,0.4572487192828316,1545,147,31
2024-01-15 11:00:00,11,0,0,0,T1,8,10,12,8,Clear,1,933,0.3487552330129082,1531,200,66
2024-01-15 12:00:00,12,0,0,0,T2,12,15,9,8,Clear,1,1897,0.31842522547279095,2778,200,68
2024-01-15 13:00:00,13,0,0,0,T3,11,11,13,13,Clear,1,1673,0.5215293762534902,2649,200,87
2024-01-15 14:00:00,14,0,0,0,T2,10,15,9,14,Rainy,1,1724,0.5976114321390706,2773,200,77
2024-01-15 15:00:00,15,0,0,0,T2,14,18,14,11,Foggy,1,1987,0.48088099164141546,3183,200,66
2024-01-15 16:00:00,16,0,0,0,T2,11,19,8,9,Rainy,1,1990,0.6430122431007694,2217,200,60
2024-01-15 17:00:00,17,0,0,1,T1,19,29,23,18,Clear,1,4322,0.3895698351186358,6990,200,27
2024-01-15 18:00:00,18,0,0,1,T1,27,25,18,10,Clear,1,5623,0.34953841068232694,7114,200,24
2024-01-15 19:00:00,19,0,0,1,T1,17,21,15,11,Rainy,1,3996,0.4931405097640419,5460,200,35
2024-01-15 20:00:00,20,0,0,1,T1,26,20,18,17,Clear,1,5134,0.5803741460071996,6603,200,49
2024-01-15 21:00:00,21,0,0,0,T1,5,14,11,13,Clear,1,726,0.37438460302296706,1091,143,46
2024-01-15 22:00:00,22,0,0,0,T3,11,19,8,11,Clear,1,1726,0.37680643389601465,2190,200,44
2024-01-15 23:00:00,23,0,0,0,T1,13,18,14,14,Rainy,1,2765,0.4423831093882562,3498,200,46
2024-01-16 00:00:00,0,1,0,0,T1,6,13,12,19,Clear,1,904,0.3816350644623041,1068,135,39
2024-01-16 01:00:00,1,1,0,0,T2,6,19,9,11,Clear,1,1100,0.590114833741822,1286,106,26
2024-01-16 02:00:00,2,1,0,0,T1,9,15,8,15,Clear,1,1502,0.5215973022012523,1736,168,45
2024-01-16 03:00:00,3,1,0,0,T2,6,19,11,12,Clear,1,734,0.42561752276737297,1192,163,40
2024-01-16 04:00:00,4,1,0,0,T2,9,16,10,17,Foggy,1,1846,0.6048698348726578,2396,200,72
2024-01-16 05:00:00,5,1,0,0,T3,7,10,14,17,Clear,1,1391,0.45802133514271837,1630,200,80
2024-01-16 06:00:00,6,1,0,1,T1,24,25,24,15,Rainy,1,7005,0.4930404942646083,8496,200,35
2024-01-16 07:00:00,7,1,0,1,T1,18,23,24,18,Clear,1,5079,0.5666926119430359,6316,200,36
2024-01-16 08:00:00,8,1,0,1,T2,18,27,16,17,Foggy,1,5456,0.6078986491428349,6659,200,34
2024-01-16 09:00:00,9,1,0,1,T3,17,21,20,11,Clear,1,4334,0.43600175442395683,5062,200,40
2024-01-16 10:00:00,10,1,0,0,T3,9,16,10,12,Clear,1,1140,0.4288270140782919,1863,200,57
2024-01-16 11:00:00,11,1,0,0,T2,12,19,12,10,Clear,1,1886,0.6246288017406192,2252,200,34
2024-01-16 12:00:00,12,1,0,0,T2,11,13,9,9,Clear,1,1890,0.49591434719529626,2422,200,55
2024-01-16 13:00:00,13,1,0,0,T2,9,13,9,12,Rainy,1,1405,0.5232684735561762,2058,200,72
2024-01-16 14:00:00,14,1,0,0,T1,11,13,14,14,Clear,1,1760,0.5691023944987696,2525,200,67
2024-01-16 15:00:00,15,1,0,0,T1,10,14,8,14,Clear,1,1701,0.32477860743159515,2048,196,60
2024-01-16 16:00:00,16,1,0,0,T2,11,11,8,11,Clear,1,1742,0.6443195747661979,2220,200,62
2024-01-16 17:00:00,17,1,0,1,T1,16,33,22,15,Clear,1,3732,0.48225981977595095,4729,197,24
2024-01-16 18:00:00,18,1,0,1,T2,21,30,20,8,Clear,1,3998,0.6007083150731912,6339,200,25
2024-01-16 19:00:00,19,1,0,1,T3,26,31,16,12,Clear,1,5217,0.606538885241861,6737,200,24
2024-01-16 20:00:00,20,1,0,1,T2,19,32,19,18,Rainy,1,5188,0.3736179088200854,7516,200,44
2024-01-16 21:00:00,21,1,0,0,T3,5,13,10,19,Clear,1,605,0.35214125201730617,913,99,41
2024-01-16 22:00:00,22,1,0,0,T1,8,17,14,12,Clear,1,1001,0.348298654358672,1274,80,24
2024-01-16 23:00:00,23,1,0,0,T3,6,16,9,17,Clear,1,1247,0.3819209636224838,1419,150,46
2024-01-17 00:00:00,0,2,0,0,T3,10,14,12,10,Clear,1,1576,0.596347707354087,1844,197,50
2024-01-17 01:00:00,1,2,0,0,T2,13,16,9,16,Clear,1,1862,0.41569756112786727,2784,200,68
2024-01-17 02:00:00,2,2,0,0,T1,14,10,10,18,Rainy,1,3249,0.3524234523217161,3692,200,72
2024-01-17 03:00:00,3,2,0,0,T3,12,12,10,9,Rainy,1,2653,0.4179783296169368,3010,200,77
2024-01-17 04:00:00,4,2,0,0,T2,7,15,8,13,Rainy,1,1338,0.32488203661027637,2067,200,82
2024-01-17 05:00:00,5,2,0,0,T3,9,14,14,8,Clear,1,1818,0.48865054607810465,2181,200,45
2024-01-17 06:00:00,6,2,0,1,T1,26,24,18,18,Foggy,1,8931,0.32007014012798957,9978,200,61
2024-01-17 07:00:00,7,2,0,1,T1,26,20,21,12,Rainy,1,5603,0.5247741014078653,8156,200,42
2024-01-17 08:00:00,8,2,0,1,T1,22,20,15,11,Clear,1,4564,0.6835487492761639,6677,200,45
2024-01-17 09:00:00,9,2,0,1,T1,16,34,20,16,Clear,1,3151,0.47582517670915947,4876,200,16
2024-01-17 10:00:00,10,2,0,0,T2,11,13,11,19,Clear,1,1310,0.4030527995054116,2168,200,41
2024-01-17 11:00:00,11,2,0,0,T2,8,12,8,12,Foggy,1,1809,0.6413268746666344,2026,200,74
2024-01-17 12:00:00,12,2,0,0,T2,12,18,11,10,Clear,1,1952,0.4351926201879344,2327,178,54
2024-01-17 13:00:00,13,2,0,0,T2,9,10,12,8,Clear,1,945,0.582782527397369,1515,163,65
2024-01-17 14:00:00,14,2,0,0,T2,5,11,11,15,Clear,1,981,0.6832552479217984,1103,144,44
2024-01-17 15:00:00,15,2,0,0,T1,8,16,11,16,Rainy,1,1117,0.6287009667941561,1769,181,46
2024-01-17 16:00:00,16,2,0,0,T1,11,18,14,19,Foggy,1,2001,0.6399785983780754,3332,200,63
2024-01-17 17:00:00,17,2,0,1,T1,21,26,16,13,Clear,1,5779,0.42386754816051697,7969,200,38
2024-01-17 18:00:00,18,2,0,1,T3,20,29,17,10,Clear,1,5152,0.5889645537854178,6222,200,19
2024-01-17 19:00:00,19,2,0,1,T1,27,22,19,15,Rainy,1,8327,0.4071169898090535,11769,200,47
2024-01-17 20:00:00,20,2,0,1,T2,27,23,20,8,Clear,1,6490,0.6264369411657045,7559,200,39
2024-01-17 21:00:00,21,2,0,0,T3,9,13,14,14,Clear,1,1153,0.5277191736539181,1582,171,50
2024-01-17 22:00:00,22,2,0,0,T1,12,14,9,18,Rainy,1,2388,0.3498453542713309,2718,200,45
2024-01-17 23:00:00,23,2,0,0,T2,6,11,8,19,Clear,1,1223,0.6071058470857351,1453,200,90
2024-01-18 00:00:00,0,3,0,0,T1,5,17,12,8,Clear,1,768,0.3533665342092828,1006,113,14
2024-01-18 01:00:00,1,3,0,0,T2,6,16,8,13,Clear,1,895,0.35163447805698467,1226,149,57
2024-01-18 02:00:00,2,3,0,0,T2,14,19,14,17,Rainy,1,2699,0.6432827163908119,3069,200,59
2024-01-18 03:00:00,3,3,0,0,T1,11,13,13,10,Rainy,1,1758,0.3367110425884703,2899,200,58
2024-01-18 04:00:00,4,3,0,0,T2,5,12,10,19,Foggy,1,963,0.470757891129321,1562,200,104
2024-01-18 05:00:00,5,3,0,0,T2,14,11,11,11,Clear,1,2029,0.5648928633318372,2522,200,54
2024-01-18 06:00:00,6,3,0,1,T2,26,29,22,12,Clear,1,5423,0.5683060101772143,8704,200,30
2024-01-18 07:00:00,7,3,0,1,T3,24,33,20,16,Rainy,1,6132,0.3365412970894223,8028,200,32
2024-01-18 08:00:00,8,3,0,1,T3,27,25,18,11,Clear,1,7341,0.5165450553584527,8162,200,33
2024-01-18 09:00:00,9,3,0,1,T1,25,27,24,10,Clear,1,6118,0.5775452647502929,8930,200,33
2024-01-18 10:00:00,10,3,0,0,T1,13,14,10,8,Clear,1,2148,0.4988916780079983,2679,200,56
2024-01-18 11:00:00,11,3,0,0,T3,8,10,8,8,Clear,1,926,0.5484906121920669,1393,200,94
2024-01-18 12:00:00,12,3,0,0,T1,5,17,14,17,Rainy,1,830,0.47918866255287595,1198,110,39
2024-01-18 13:00:00,13,3,0,0,T2,14,11,9,14,Foggy,1,2088,0.6789199997680267,3169,200,118
2024-01-18 14:00:00,14,3,0,0,T1,11,13,11,9,Clear,1,1425,0.5053042018281768,1890,177,68
2024-01-18 15:00:00,15,3,0,0,T1,7,15,10,11,Rainy,1,1208,0.3917574008617528,1703,174,43
2024-01-18 16:00:00,16,3,0,0,T1,11,16,12,13,Clear,1,1461,0.3527227319586717,2188,200,52
2024-01-18 17:00:00,17,3,0,1,T3,16,22,23,10,Rainy,1,5247,0.33933796863608523,6797,200,28
2024-01-18 18:00:00,18,3,0,1,T2,25,20,19,17,Rainy,1,6941,0.3112486025111695,8509,200,47
2024-01-18 19:00:00,19,3,0,1,T1,16,21,23,8,Rainy,1,3297,0.6638257709521205,5450,200,25
2024-01-18 20:00:00,20,3,0,1,T1,24,28,23,13,Clear,1,5941,0.5086933675412982,7243,200,32
2024-01-18 21:00:00,21,3,0,0,T1,7,19,8,16,Clear,1,1475,0.41259092098036776,1744,200,65
2024-01-18 22:00:00,22,3,0,0,T1,13,11,9,12,Clear,1,2219,0.6984897972178554,2919,200,79
2024-01-18 23:00:00,23,3,0,0,T2,12,14,13,18,Clear,1,1863,0.5507082077668888,2883,200,72
2024-01-19 00:00:00,0,4,0,0,T1,10,14,10,9,Clear,1,1313,0.3076396797414903,1869,200,50
2024-01-19 01:00:00,1,4,0,0,T2,12,19,10,10,Clear,1,1396,0.6252568017926902,2085,200,60
2024-01-19 02:00:00,2,4,0,0,T2,12,14,9,19,Clear,1,1649,0.664691139336653,2674,200,63
2024-01-19 03:00:00,3,4,0,0,T2,5,19,8,8,Clear,1,906,0.3769263091137402,1212,170,44
2024-01-19 04:00:00,4,4,0,0,T2,14,15,13,13,Clear,1,2025,0.32032103587557686,2933,200,47
2024-01-19 05:00:00,5,4,0,0,T2,13,11,10,17,Clear,1,2437,0.36991399515334633,2740,200,47
2024-01-19 06:00:00,6,4,0,1,T2,25,28,18,12,Foggy,1,6206,0.6983974596402798,8166,200,23
2024-01-19 07:00:00,7,4,0,1,T3,27,22,20,19,Clear,1,6757,0.6991909822233041,9928,200,28
2024-01-19 08:00:00,8,4,0,1,T3,22,29,17,17,Rainy,1,6271,0.6788611744025419,8709,200,35
2024-01-19 09:00:00,9,4,0,1,T2,26,23,15,18,Clear,1,8249,0.41566013378166033,9648,200,46
2024-01-19 10:00:00,10,4,0,0,T3,7,10,9,15,Foggy,1,1056,0.3198050518809174,1749,200,104
2024-01-19 11:00:00,11,4,0,0,T2,14,14,11,12,Clear,1,2151,0.3597526544905728,2886,200,74
2024-01-19 12:00:00,12,4,0,0,T2,7,14,12,10,Clear,1,1072,0.6915789423418647,1269,107,35
2024-01-19 13:00:00,13,4,0,0,T2,12,17,13,8,Clear,1,2172,0.33969506596787236,2536,200,57
2024-01-19 14:00:00,14,4,0,0,T1,12,18,9,14,Clear,1,2330,0.350720719650704,2703,200,58
2024-01-19 15:00:00,15,4,0,0,T3,14,14,11,14,Clear,1,2104,0.6744652166203986,2492,200,59
2024-01-19 16:00:00,16,4,0,0,T2,5,19,13,11,Clear,1,1081,0.5904245304249898,1228,99,22
2024-01-19 17:00:00,17,4,0,1,T3,20,22,22,12,Clear,1,4239,0.4789402196022502,6510,200,41
2024-01-19 18:00:00,18,4,0,1,T1,21,22,24,15,Clear,1,4933,0.33064896079688105,6021,200,20
2024-01-19 19:00:00,19,4,0,1,T2,20,22,18,13,Clear,1,5800,0.5733305450510919,6860,200,38
2024-01-19 20:00:00,20,4,0,1,T1,29,29,22,18,Foggy,1,7710,0.4078969863495068,10100,200,31
2024-01-19 21:00:00,21,4,0,0,T2,7,17,11,13,Clear,1,825,0.36050571378507035,1196,98,26
2024-01-19 22:00:00,22,4,0,0,T1,9,14,14,9,Clear,1,1352,0.6924390498054038,1824,200,40
2024-01-19 23:00:00,23,4,0,0,T2,9,11,14,9,Clear,1,1533,0.5021414672951304,1876,200,45
2024-01-20 00:00:00,0,5,1,0,T2,13,14,9,18,Foggy,1,3818,0.5598171834414643,4960,200,88
2024-01-20 01:00:00,1,5,1,0,T1,12,12,8,8,Rainy,1,2739,0.5373985663287405,3938,200,69
2024-01-20 02:00:00,2,5,1,0,T1,11,10,13,13,Clear,1,1673,0.39737704670616425,2587,200,80
2024-01-20 03:00:00,3,5,1,0,T3,13,17,11,14,Clear,1,2562,0.4986061688922419,4164,200,43
2024-01-20 04:00:00,4,5,1,0,T1,12,13,10,11,Rainy,1,2883,0.4466887634375196,4388,200,60
2024-01-20 05:00:00,5,5,1,0,T1,9,11,13,11,Clear,1,1687,0.6888317341898228,2360,200,63
2024-01-20 06:00:00,6,5,1,1,T1,26,30,22,10,Clear,1,7428,0.30422065472636023,11319,200,24
2024-01-20 07:00:00,7,5,1,1,T1,23,22,21,14,Clear,1,7020,0.6962995237572875,8754,200,44
2024-01-20 08:00:00,8,5,1,1,T3,17,33,20,10,Clear,1,5030,0.6342160898174829,6836,200,38
2024-01-20 09:00:00,9,5,1,1,T3,22,24,20,19,Clear,1,7387,0.4777763830685995,10330,200,27
2024-01-20 10:00:00,10,5,1,0,T1,5,17,8,17,Clear,1,747,0.5898231636635273,1196,125,41
2024-01-20 11:00:00,11,5,1,0,T1,12,16,10,10,Rainy,1,3191,0.4447073247690263,3787,200,62
2024-01-20 12:00:00,12,5,1,0,T2,8,15,12,16,Clear,1,1137,0.47051908696137035,1825,149,42
2024-01-20 13:00:00,13,5,1,0,T2,13,10,8,10,Clear,1,3011,0.33775899036154367,4145,200,69
2024-01-20 14:00:00,14,5,1,0,T1,5,17,13,11,Foggy,1,1380,0.5791457581408577,1906,200,76
2024-01-20 15:00:00,15,5,1,0,T1,11,16,10,14,Rainy,1,3081,0.5166387691193948,3535,200,78
2024-01-20 16:00:00,16,5,1,0,T2,6,17,14,8,Rainy,1,1608,0.3111364205050345,2119,200,46
2024-01-20 17:00:00,17,5,1,1,T1,21,26,20,10,Foggy,1,8041,0.3562029212434373,10178,200,44
2024-01-20 18:00:00,18,5,1,1,T2,28,33,22,14,Foggy,1,8875,0.4654931590321319,14620,200,45
2024-01-20 19:00:00,19,5,1,1,T1,18,29,21,8,Clear,1,4709,0.6549766763009951,6918,200,37
2024-01-20 20:00:00,20,5,1,1,T1,16,25,22,13,Clear,1,5395,0.330213307662763,7220,200,22
2024-01-20 21:00:00,21,5,1,0,T2,8,14,14,16,Foggy,1,2180,0.3576012895679288,3306,200,79
2024-01-20 22:00:00,22,5,1,0,T3,10,17,8,18,Clear,1,2206,0.4060914090010698,3133,200,57
2024-01-20 23:00:00,23,5,1,0,T2,5,19,10,11,Rainy,1,1562,0.5188251963673768,1863,200,57
2024-01-21 00:00:00,0,6,1,0,T2,8,14,8,15,Clear,1,2077,0.3654702654918911,2441,200,59
2024-01-21 01:00:00,1,6,1,0,T1,14,16,13,14,Clear,1,3708,0.3804700929155518,4446,200,40
2024-01-21 02:00:00,2,6,1,0,T1,14,17,10,16,Clear,1,3235,0.39316073545979263,4299,200,59
2024-01-21 03:00:00,3,6,1,0,T3,6,16,14,16,Clear,1,1331,0.30992688457805967,1480,116,21
2024-01-21 04:00:00,4,6,1,0,T3,10,17,12,12,Clear,1,2076,0.6219867335526741,3162,200,69
2024-01-21 05:00:00,5,6,1,0,T3,11,18,8,8,Clear,1,2298,0.3033982314428838,2963,200,51
2024-01-21 06:00:00,6,6,1,1,T3,28,34,15,14,Clear,1,8864,0.3466756479743599,10483,200,23
2024-01-21 07:00:00,7,6,1,1,T2,21,28,24,14,Clear,1,5230,0.4504917513444764,8464,200,34
2024-01-21 08:00:00,8,6,1,1,T3,17,28,17,8,Foggy,1,7251,0.3708860227515168,10258,200,43
2024-01-21 09:00:00,9,6,1,1,T2,17,34,15,10,Clear,1,4559,0.4464113062986061,5854,200,30
2024-01-21 10:00:00,10,6,1,0,T3,13,11,9,17,Clear,1,2370,0.4485083682021575,3592,200,86
2024-01-21 11:00:00,11,6,1,0,T2,7,17,13,13,Clear,1,1469,0.5798111481610287,1916,200,53
2024-01-21 12:00:00,12,6,1,0,T2,8,10,12,9,Foggy,1,1921,0.5789791312657224,2461,200,81
2024-01-21 13:00:00,13,6,1,0,T1,8,19,13,16,Rainy,1,1613,0.40047680184178686,2225,200,42
2024-01-21 14:00:00,14,6,1,0,T1,14,14,10,8,Clear,1,2450,0.35212719523651637,3795,200,73
2024-01-21 15:00:00,15,6,1,0,T1,8,14,10,15,Rainy,1,1800,0.650305015543662,2654,200,50
2024-01-21 16:00:00,16,6,1,0,T3,7,14,8,17,Clear,1,1167,0.492916529598484,1704,200,71
2024-01-21 17:00:00,17,6,1,1,T2,15,27,24,17,Clear,1,5313,0.6719687052582659,6285,200,25
2024-01-21 18:00:00,18,6,1,1,T2,18,31,22,11,Clear,1,5308,0.5365204595692978,7168,200,17
2024-01-21 19:00:00,19,6,1,1,T3,21,22,20,12,Clear,1,6604,0.30164248115897935,8898,200,42
2024-01-21 20:00:00,20,6,1,1,T1,24,27,22,11,Clear,1,8698,0.6528822948907962,10592,200,38
2024-01-21 21:00:00,21,6,1,0,T2,7,18,12,16,Clear,1,1437,0.32527531170980645,1944,200,59
2024-01-21 22:00:00,22,6,1,0,T2,10,14,14,9,Rainy,1,2762,0.41490307795082704,3790,200,76
2024-01-21 23:00:00,23,6,1,0,T2,6,19,9,14,Clear,1,1452,0.6220373507198105,1647,182,53
2024-01-22 00:00:00,0,0,0,0,T3,6,16,12,17,Clear,1,902,0.32283963137807054,1191,99,31
2024-01-22 01:00:00,1,0,0,0,T1,14,12,12,18,Rainy,1,2495,0.32180475596434366,3962,200,62
2024-01-22 02:00:00,2,0,0,0,T2,13,11,12,8,Clear,1,2124,0.3854149911535805,3223,200,68
2024-01-22 03:00:00,3,0,0,0,T2,9,17,9,12,Clear,1,1504,0.5342416671358028,2191,200,58
2024-01-22 04:00:00,4,0,0,0,T2,6,19,9,17,Clear,1,823,0.575929477159055,1150,128,28
2024-01-22 05:00:00,5,0,0,0,T2,10,18,10,14,Clear,1,1793,0.3718604871821367,2499,200,41
2024-01-22 06:00:00,6,0,0,1,T2,26,32,17,16,Clear,1,5864,0.6068933576636892,8628,200,24
2024-01-22 07:00:00,7,0,0,1,T1,21,23,17,17,Clear,1,5826,0.49081929007174185,7736,200,43
2024-01-22 08:00:00,8,0,0,1,T3,28,21,15,13,Clear,1,6191,0.6061082096467827,7470,200,45
2024-01-22 09:00:00,9,0,0,1,T1,18,20,17,16,Clear,1,3603,0.4517462392816746,5528,200,32
2024-01-22 10:00:00,10,0,0,0,T3,12,15,14,19,Rainy,1,2172,0.5046362442586196,2728,200,54
2024-01-22 11:00:00,11,0,0,0,T1,12,12,8,17,Clear,1,1456,0.3289557593057241,2422,200,68
2024-01-22 12:00:00,12,0,0,0,T1,12,11,8,18,Clear,1,1518,0.459887820389771,1999,200,85
2024-01-22 13:00:00,13,0,0,0,T3,6,16,13,8,Rainy,1,1249,0.4170060081364124,1462,135,42
2024-01-22 14:00:00,14,0,0,0,T1,13,13,13,15,Clear,1,1802,0.36294863333996413,2432,200,68
2024-01-22 15:00:00,15,0,0,0,T1,8,10,13,10,Clear,1,1478,0.315519781891555,1880,200,61
2024-01-22 16:00:00,16,0,0,0,T1,5,14,14,10,Clear,1,721,0.6462580145490927,960,82,23
2024-01-22 17:00:00,17,0,0,1,T1,26,30,17,11,Clear,1,5571,0.5930800735483228,8945,200,30
2024-01-22 18:00:00,18,0,0,1,T2,22,23,17,16,Clear,1,5673,0.6135887402022357,7100,200,35
2024-01-22 19:00:00,19,0,0,1,T1,23,33,16,16,Clear,1,5495,0.48709947014986543,7955,200,31
2024-01-22 20:00:00,20,0,0,1,T1,28,21,15,9,Clear,1,7739,0.36193707264809094,10330,200,28
2024-01-22 21:00:00,21,0,0,0,T1,5,17,11,14,Clear,1,671,0.595318204191323,875,95,22
2024-01-22 22:00:00,22,0,0,0,T1,8,11,11,10,Clear,1,1089,0.44268926772356254,1707,173,43
2024-01-22 23:00:00,23,0,0,0,T2,6,15,14,8,Foggy,1,1172,0.6877765876529027,1546,200,68
2024-01-23 00:00:00,0,1,0,0,T2,9,16,10,9,Clear,1,1329,0.49674712876688265,1598,168,28
2024-01-23 01:00:00,1,1,0,0,T3,7,19,9,8,Clear,1,1086,0.36487334896315093,1356,127,30
2024-01-23 02:00:00,2,1,0,0,T2,14,18,12,16,Foggy,1,3321,0.6564803189607238,4216,200,65
2024-01-23 03:00:00,3,1,0,0,T2,9,10,11,10,Clear,1,1635,0.42577364232456216,2215,200,71
2024-01-23 04:00:00,4,1,0,0,T2,6,15,9,9,Clear,1,1006,0.6547326157875837,1351,200,54
2024-01-23 05:00:00,5,1,0,0,T1,14,12,9,19,Clear,1,2117,0.48854659376313736,2848,200,65
2024-01-23 06:00:00,6,1,0,1,T1,23,20,20,17,Foggy,1,5917,0.40603566750081443,8000,200,58
2024-01-23 07:00:00,7,1,0,1,T2,29,29,21,17,Clear,1,7706,0.6774212582597637,10614,200,32
2024-01-23 08:00:00,8,1,0,1,T3,21,32,22,13,Clear,1,6075,0.6888213898493952,6995,200,32
2024-01-23 09:00:00,9,1,0,1,T3,18,20,22,9,Clear,1,2998,0.578352629747394,4664,200,31
2024-01-23 10:00:00,10,1,0,0,T1,13,11,13,14,Clear,1,2707,0.5513691315670691,3081,200,59
2024-01-23 11:00:00,11,1,0,0,T1,5,13,14,17,Rainy,1,1026,0.3316998424519715,1220,139,28
2024-01-23 12:00:00,12,1,0,0,T1,6,13,13,17,Clear,1,1229,0.5424055327744325,1486,163,57
2024-01-23 13:00:00,13,1,0,0,T2,14,10,12,16,Clear,1,2227,0.36428533967639426,2978,200,52
2024-01-23 14:00:00,14,1,0,0,T3,5,12,11,18,Clear,1,918,0.312485424135499,1098,116,45
2024-01-23 15:00:00,15,1,0,0,T3,5,16,11,13,Clear,1,864,0.5430783613990432,1291,151,47
2024-01-23 16:00:00,16,1,0,0,T2,7,15,9,17,Clear,1,1110,0.4399213418046317,1308,140,29
2024-01-23 17:00:00,17,1,0,1,T2,25,33,17,16,Clear,1,5429,0.6939659064067618,8370,200,21
2024-01-23 18:00:00,18,1,0,1,T1,17,29,15,17,Clear,1,4591,0.5316519216140196,6138,200,32
2024-01-23 19:00:00,19,1,0,1,T1,25,21,24,19,Clear,1,5140,0.5733737948215668,7612,200,29
2024-01-23 20:00:00,20,1,0,1,T2,20,27,20,9,Rainy,1,4821,0.373267810971317,7727,200,29
2024-01-23 21:00:00,21,1,0,0,T2,9,12,8,18,Clear,1,1493,0.5340311265492864,1988,200,71
2024-01-23 22:00:00,22,1,0,0,T2,7,19,14,16,Clear,1,879,0.3343641552811282,1344,146,26
2024-01-23 23:00:00,23,1,0,0,T2,12,14,11,17,Clear,1,1893,0.5811966904587278,2186,200,41
2024-01-24 00:00:00,0,2,0,0,T1,9,19,14,18,Clear,1,1381,0.5579026906360371,2157,163,24
2024-01-24 01:00:00,1,2,0,0,T1,7,16,12,16,Clear,1,1225,0.648533436936113,1569,113,28
2024-01-24 02:00:00,2,2,0,0,T3,7,10,11,13,Clear,1,1187,0.545667540127557,1493,193,67
2024-01-24 03:00:00,3,2,0,0,T1,9,15,14,16,Clear,1,1270,0.3216846976823972,2021,200,31
2024-01-24 04:00:00,4,2,0,0,T2,7,16,12,8,Rainy,1,1668,0.6810691465996302,1940,200,50
2024-01-24 05:00:00,5,2,0,0,T2,8,11,12,8,Clear,1,1537,0.37437345634975383,2001,200,85
2024-01-24 06:00:00,6,2,0,1,T1,27,26,22,17,Clear,1,7333,0.5914460627171108,9547,200,21
2024-01-24 07:00:00,7,2,0,1,T1,17,21,15,9,Clear,1,4489,0.6156162416808189,5540,200,44
2024-01-24 08:00:00,8,2,0,1,T1,24,24,23,16,Clear,1,5296,0.5815746668138062,6239,200,20
2024-01-24 09:00:00,9,2,0,1,T3,24,27,18,15,Clear,1,5806,0.31142836708960414,6860,200,34
2024-01-24 10:00:00,10,2,0,0,T2,11,10,14,14,Clear,1,1735,0.41921573283778035,2137,200,47
2024-01-24 11:00:00,11,2,0,0,T2,8,13,8,10,Clear,1,1121,0.5087449181328715,1369,156,50
2024-01-24 12:00:00,12,2,0,0,T1,10,18,14,12,Rainy,1,1882,0.54991815948749,2868,200,72
2024-01-24 13:00:00,13,2,0,0,T1,11,14,14,16,Rainy,1,2382,0.37579605835984164,2681,200,82
2024-01-24 14:00:00,14,2,0,0,T2,13,12,10,8,Clear,1,2014,0.6934389198955097,2887,200,85
2024-01-24 15:00:00,15,2,0,0,T2,11,16,13,9,Clear,1,1280,0.36588709877719233,1886,123,27
2024-01-24 16:00:00,16,2,0,0,T2,11,15,11,8,Clear,1,1489,0.5485857690627138,2435,200,68
2024-01-24 17:00:00,17,2,0,1,T3,15,33,23,13,Clear,1,3824,0.6531345962712316,4977,200,32
2024-01-24 18:00:00,18,2,0,1,T2,22,23,24,17,Rainy,1,8129,0.42468132859712476,9864,200,38
2024-01-24 19:00:00,19,2,0,1,T1,15,32,24,19,Rainy,1,4118,0.43759185452654803,5104,200,30
2024-01-24 20:00:00,20,2,0,1,T1,15,24,19,18,Clear,1,3462,0.532746106601883,5063,200,31
2024-01-24 21:00:00,21,2,0,0,T1,11,15,9,9,Clear,1,1675,0.4698290428743822,2664,200,45
2024-01-24 22:00:00,22,2,0,0,T3,12,15,11,18,Clear,1,2221,0.3655726883812811,2844,200,43
2024-01-24 23:00:00,23,2,0,0,T2,12,12,9,16,Clear,1,1567,0.5260130099903799,2074,200,86
2024-01-25 00:00:00,0,3,0,0,T2,13,11,13,9,Clear,1,2028,0.34117845788011447,2844,200,66
2024-01-25 01:00:00,1,3,0,0,T2,10,15,8,12,Clear,1,1283,0.31232984747974807,1742,200,61
2024-01-25 02:00:00,2,3,0,0,T3,12,16,13,14,Clear,1,2413,0.3002867434826319,2950,200,46
2024-01-25 03:00:00,3,3,0,0,T3,11,18,11,14,Clear,1,1114,0.3892360073781423,1838,145,30
2024-01-25 04:00:00,4,3,0,0,T1,6,10,8,15,Clear,1,1122,0.5226929231036871,1378,169,74
2024-01-25 05:00:00,5,3,0,0,T3,7,18,11,16,Clear,1,847,0.6623400768395182,1280,160,41
2024-01-25 06:00:00,6,3,0,1,T3,28,33,23,10,Clear,1,4445,0.4212878186874365,7359,200,28
2024-01-25 07:00:00,7,3,0,1,T2,29,31,22,10,Clear,1,5453,0.3792522967294308,8845,200,20
2024-01-25 08:00:00,8,3,0,1,T1,26,28,20,19,Foggy,1,7080,0.5615111691824626,9279,200,48
2024-01-25 09:00:00,9,3,0,1,T1,18,28,18,13,Clear,1,3906,0.4600621091461596,5621,200,30
2024-01-25 10:00:00,10,3,0,0,T1,13,16,10,11,Rainy,1,2363,0.31786448655155947,3179,200,59
2024-01-25 11:00:00,11,3,0,0,T1,13,16,14,19,Clear,1,2143,0.572233237167507,3183,200,33
2024-01-25 12:00:00,12,3,0,0,T1,8,15,8,14,Rainy,1,1486,0.5386891960424868,1789,200,87
2024-01-25 13:00:00,13,3,0,0,T1,10,10,14,10,Clear,1,1872,0.36556810481877794,2151,200,70
2024-01-25 14:00:00,14,3,0,0,T1,14,16,10,9,Foggy,1,2015,0.3154366247752535,3124,200,75
2024-01-25 15:00:00,15,3,0,0,T3,12,13,14,11,Rainy,1,1741,0.3337551791579948,2599,200,91
2024-01-25 16:00:00,16,3,0,0,T1,7,19,10,14,Clear,1,1170,0.4754686787212195,1758,200,40
2024-01-25 17:00:00,17,3,0,1,T3,29,32,17,13,Clear,1,6890,0.5509586221263385,7757,200,31
2024-01-25 18:00:00,18,3,0,1,T1,21,28,16,11,Rainy,1,4505,0.5691420151238764,7303,200,47
2024-01-25 19:00:00,19,3,0,1,T3,18,22,20,14,Clear,1,4433,0.5356625509575152,6325,200,31
2024-01-25 20:00:00,20,3,0,1,T2,17,33,16,12,Clear,1,3995,0.6247558574273266,5869,200,36
2024-01-25 21:00:00,21,3,0,0,T2,11,10,8,17,Clear,1,2174,0.35546101164532146,2525,200,54
2024-01-25 22:00:00,22,3,0,0,T1,13,18,14,19,Clear,1,2620,0.3612539202417615,2973,200,34
2024-01-25 23:00:00,23,3,0,0,T1,11,10,8,11,Clear,1,1475,0.5438114039016254,2186,200,102
2024-01-26 00:00:00,0,4,0,0,T2,14,18,14,18,Clear,1,2338,0.5129217455392665,2619,200,65
2024-01-26 01:00:00,1,4,0,0,T3,8,19,12,19,Clear,1,1371,0.6081647148274575,1667,188,44
2024-01-26 02:00:00,2,4,0,0,T2,10,19,8,13,Clear,1,1593,0.6355551596503097,2348,200,58
2024-01-26 03:00:00,3,4,0,0,T1,6,18,11,9,Clear,1,994,0.46165937271082247,1232,150,37
2024-01-26 04:00:00,4,4,0,0,T3,14,12,9,13,Clear,1,2087,0.6582611678332707,3168,200,65
2024-01-26 05:00:00,5,4,0,0,T1,7,13,10,17,Rainy,1,1177,0.6750966619739288,1442,200,83
2024-01-26 06:00:00,6,4,0,1,T1,20,26,17,10,Foggy,1,5258,0.6473188072645311,8524,200,46
2024-01-26 07:00:00,7,4,0,1,T1,25,22,19,17,Clear,1,5822,0.45799610821961295,6755,200,34
2024-01-26 08:00:00,8,4,0,1,T1,28,29,15,13,Clear,1,6758,0.5656296484799337,9476,200,27
2024-01-26 09:00:00,9,4,0,1,T1,15,34,23,9,Rainy,1,5135,0.6914616325351859,6367,200,26
2024-01-26 10:00:00,10,4,0,0,T2,14,15,9,14,Clear,1,1930,0.3444139692095438,2768,200,69
2024-01-26 11:00:00,11,4,0,0,T2,9,14,13,11,Clear,1,1141,0.44396561448614535,1418,145,41
2024-01-26 12:00:00,12,4,0,0,T2,7,12,11,14,Foggy,1,1457,0.373383153903546,2330,200,114
2024-01-26 13:00:00,13,4,0,0,T3,7,19,14,19,Clear,1,1211,0.5082621414936446,1560,156,23
2024-01-26 14:00:00,14,4,0,0,T2,7,17,14,8,Clear,1,730,0.5041570885394826,1173,124,35
2024-01-26 15:00:00,15,4,0,0,T3,6,13,11,15,Clear,1,1182,0.6153100832683318,1394,200,45
2024-01-26 16:00:00,16,4,0,0,T1,10,14,11,8,Clear,1,1230,0.6467764171322049,1784,200,52
2024-01-26 17:00:00,17,4,0,1,T2,26,34,18,14,Clear,1,6284,0.5234489347464757,7747,200,31
2024-01-26 18:00:00,18,4,0,1,T3,29,33,20,12,Rainy,1,9017,0.5217956457284683,10653,200,36
2024-01-26 19:00:00,19,4,0,1,T1,21,29,19,8,Rainy,1,5481,0.6409755542567492,8916,200,42
2024-01-26 20:00:00,20,4,0,1,T2,26,25,17,18,Rainy,1,8628,0.6451884109328576,9691,200,47
2024-01-26 21:00:00,21,4,0,0,T2,7,10,12,11,Clear,1,1199,0.36424125857185957,1599,200,58
2024-01-26 22:00:00,22,4,0,0,T1,12,12,14,19,Rainy,1,2157,0.622884398570167,3160,200,63
2024-01-26 23:00:00,23,4,0,0,T1,10,19,14,17,Clear,1,1839,0.43763019734814224,2430,200,28
2024-01-27 00:00:00,0,5,1,0,T3,7,16,10,19,Foggy,1,2462,0.4676351014683864,2823,200,71
2024-01-27 01:00:00,1,5,1,0,T3,12,12,10,12,Clear,1,2458,0.4335259646836949,3739,200,57
2024-01-27 02:00:00,2,5,1,0,T2,8,14,12,16,Clear,1,1648,0.5544875314677379,1897,200,46
2024-01-27 03:00:00,3,5,1,0,T2,13,17,14,16,Clear,1,3030,0.5554904728996879,3989,200,58
2024-01-27 04:00:00,4,5,1,0,T3,9,16,14,18,Clear,1,2099,0.49600170030573737,2926,200,48
2024-01-27 05:00:00,5,5,1,0,T1,12,13,12,18,Rainy,1,2120,0.48746065479855405,3310,200,84
2024-01-27 06:00:00,6,5,1,1,T3,25,20,18,9,Foggy,1,8149,0.5384730677609507,13579,200,45
2024-01-27 07:00:00,7,5,1,1,T3,27,20,19,10,Clear,1,10489,0.4829266439571281,11961,200,47
2024-01-27 08:00:00,8,5,1,1,T3,17,31,21,12,Clear,1,3748,0.45600642429902427,5965,200,26
2024-01-27 09:00:00,9,5,1,1,T2,19,28,24,19,Clear,1,7563,0.5636622178400537,8991,200,34
2024-01-27 10:00:00,10,5,1,0,T1,10,13,14,14,Clear,1,1859,0.6312851031546376,2236,200,63
2024-01-27 11:00:00,11,5,1,0,T1,13,14,8,15,Rainy,1,3428,0.4775952857368121,3871,200,60
2024-01-27 12:00:00,12,5,1,0,T1,6,12,9,12,Clear,1,884,0.6218566789338709,1461,174,44
2024-01-27 13:00:00,13,5,1,0,T1,6,18,8,12,Clear,1,902,0.6710068062831298,1497,135,43
2024-01-27 14:00:00,14,5,1,0,T1,5,15,8,10,Clear,1,1043,0.3619263019486941,1398,200,58
2024-01-27 15:00:00,15,5,1,0,T1,11,14,12,8,Clear,1,2984,0.5329429820255863,3497,200,42
2024-01-27 16:00:00,16,5,1,0,T3,6,13,11,9,Rainy,1,1626,0.6240071112185053,1820,200,61
2024-01-27 17:00:00,17,5,1,1,T2,17,29,24,18,Clear,1,5954,0.5354344389397017,6781,200,33
2024-01-27 18:00:00,18,5,1,1,T2,19,30,17,17,Clear,1,4884,0.49919052103495726,7999,200,18
2024-01-27 19:00:00,19,5,1,1,T2,24,22,20,14,Clear,1,6782,0.4302013352504541,10975,200,25
2024-01-27 20:00:00,20,5,1,1,T1,26,20,17,12,Foggy,1,12631,0.30979210632528,16683,200,59
2024-01-27 21:00:00,21,5,1,0,T3,6,19,13,8,Clear,1,1002,0.6137632466472815,1272,146,22
2024-01-27 22:00:00,22,5,1,0,T2,9,15,13,18,Rainy,1,2710,0.6533398804088415,3357,200,79
2024-01-27 23:00:00,23,5,1,0,T2,5,17,12,9,Clear,1,964,0.41364165969097316,1364,172,39
2024-01-28 00:00:00,0,6,1,0,T1,12,19,11,15,Clear,1,2143,0.5936294124023511,3199,200,38
2024-01-28 01:00:00,1,6,1,0,T1,13,13,11,10,Clear,1,3502,0.4445065553623958,4122,200,74
2024-01-28 02:00:00,2,6,1,0,T1,10,17,14,16,Clear,1,1820,0.40441146611737966,2995,200,37
2024-01-28 03:00:00,3,6,1,0,T2,9,16,10,13,Clear,1,2077,0.4404975329133313,2499,200,45
2024-01-28 04:00:00,4,6,1,0,T3,8,19,12,10,Clear,1,1383,0.4425545914092113,1755,125,25
2024-01-28 05:00:00,5,6,1,0,T1,12,11,11,9,Clear,1,2637,0.6365427085220794,3272,200,85
2024-01-28 06:00:00,6,6,1,1,T2,19,28,22,9,Clear,1,4887,0.5308213366854176,6911,200,34
2024-01-28 07:00:00,7,6,1,1,T1,27,27,20,13,Clear,1,6634,0.4048451888067186,9247,200,23
2024-01-28 08:00:00,8,6,1,1,T1,26,27,20,9,Foggy,1,7692,0.6505169394095749,11438,200,31
2024-01-28 09:00:00,9,6,1,1,T1,16,24,17,17,Clear,1,5166,0.49273490143050325,6403,200,26
2024-01-28 10:00:00,10,6,1,0,T1,11,14,10,19,Clear,1,1966,0.48081751063192063,2979,200,75
2024-01-28 11:00:00,11,6,1,0,T2,6,12,14,19,Clear,1,1038,0.4771656392167854,1339,192,41
2024-01-28 12:00:00,12,6,1,0,T1,14,17,13,13,Clear,1,2258,0.4288322301265063,3518,200,63
2024-01-28 13:00:00,13,6,1,0,T2,11,14,14,19,Clear,1,2768,0.5514885548102328,3498,200,62
2024-01-28 14:00:00,14,6,1,0,T2,14,11,9,14,Rainy,1,3290,0.5460859586387655,5381,200,87
2024-01-28 15:00:00,15,6,1,0,T3,10,10,9,14,Clear,1,2046,0.38241942408515595,3237,200,86
2024-01-28 16:00:00,16,6,1,0,T1,8,17,12,15,Clear,1,1590,0.6723230689379047,1906,200,66
2024-01-28 17:00:00,17,6,1,1,T1,18,20,21,15,Rainy,1,6876,0.613982246114603,9792,200,34
2024-01-28 18:00:00,18,6,1,1,T1,25,28,24,12,Clear,1,7490,0.3318580516139063,10975,200,20
2024-01-28 19:00:00,19,6,1,1,T2,23,31,18,19,Rainy,1,9119,0.3045558672354211,11905,200,41
2024-01-28 20:00:00,20,6,1,1,T2,28,22,16,12,Clear,1,9200,0.34316982198599755,10299,200,29
2024-01-28 21:00:00,21,6,1,0,T3,9,11,14,19,Rainy,1,2154,0.5318145476599924,2875,200,75
2024-01-28 22:00:00,22,6,1,0,T1,5,18,10,8,Foggy,1,958,0.5134085723923935,1512,200,59
2024-01-28 23:00:00,23,6,1,0,T1,13,11,11,15,Clear,1,3643,0.48170828974417007,4286,200,59
2024-01-29 00:00:00,0,0,0,0,T2,10,10,13,19,Clear,1,1349,0.6276429304710751,1787,151,49
2024-01-29 01:00:00,1,0,0,0,T2,6,15,13,15,Clear,1,1307,0.6410664612406882,1491,194,38
2024-01-29 02:00:00,2,0,0,0,T3,12,16,13,9,Clear,1,2554,0.5873789125209664,3002,200,51
2024-01-29 03:00:00,3,0,0,0,T2,5,18,12,14,Rainy,1,1173,0.6209839261349481,1371,199,60
2024-01-29 04:00:00,4,0,0,0,T1,12,11,12,13,Clear,1,2187,0.36323693491313946,2890,200,84
2024-01-29 05:00:00,5,0,0,0,T1,11,15,9,15,Clear,1,1983,0.4844134272391248,2603,200,60
2024-01-29 06:00:00,6,0,0,1,T1,22,33,17,18,Foggy,1,7471,0.5404330661572863,10309,200,46
2024-01-29 07:00:00,7,0,0,1,T2,18,20,15,11,Rainy,1,4777,0.492509580731042,6855,200,59
2024-01-29 08:00:00,8,0,0,1,T2,26,29,24,17,Foggy,1,8138,0.4988615263531486,10666,200,37
2024-01-29 09:00:00,9,0,0,1,T1,15,23,24,12,Clear,1,2814,0.5139616345530577,4120,200,30
2024-01-29 10:00:00,10,0,0,0,T1,9,13,14,12,Clear,1,1733,0.48379332042006606,2163,200,58
2024-01-29 11:00:00,11,0,0,0,T3,9,18,12,8,Rainy,1,1915,0.5397174265241914,2613,200,79
2024-01-29 12:00:00,12,0,0,0,T2,7,10,12,9,Rainy,1,1469,0.39878528966472837,1998,200,95
2024-01-29 13:00:00,13,0,0,0,T3,14,12,11,8,Clear,1,2276,0.3481361760972208,3363,200,63
2024-01-29 14:00:00,14,0,0,0,T1,8,16,10,17,Rainy,1,1115,0.4791900768554106,1662,178,51
2024-01-29 15:00:00,15,0,0,0,T1,9,14,13,16,Rainy,1,1804,0.442774919179254,2181,200,80
2024-01-29 16:00:00,16,0,0,0,T3,12,15,11,14,Rainy,1,2012,0.38784761819173486,2894,200,81
2024-01-29 17:00:00,17,0,0,1,T2,21,34,21,12,Rainy,1,7987,0.6739195878693998,9455,200,40
2024-01-29 18:00:00,18,0,0,1,T3,27,33,18,19,Clear,1,6905,0.3353947582796056,9058,200,30
2024-01-29 19:00:00,19,0,0,1,T1,15,34,19,18,Clear,1,2806,0.4074802943017073,3902,173,33
2024-01-29 20:00:00,20,0,0,1,T1,25,20,23,17,Clear,1,5171,0.4714900567005925,6589,200,41
2024-01-29 21:00:00,21,0,0,0,T1,5,15,10,14,Clear,1,774,0.4476224637367216,1208,133,38
2024-01-29 22:00:00,22,0,0,0,T2,9,15,9,13,Clear,1,1783,0.3449531899714837,2081,200,42
2024-01-29 23:00:00,23,0,0,0,T1,11,10,9,19,Rainy,1,1794,0.5186717999555147,2831,200,71
2024-01-30 00:00:00,0,1,0,0,T2,12,12,9,9,Rainy,1,2490,0.6505255879662035,3446,200,60
2024-01-30 01:00:00,1,1,0,0,T1,5,12,10,16,Clear,1,835,0.6994469276657538,944,130,39
2024-01-30 02:00:00,2,1,0,0,T1,12,15,14,16,Rainy,1,1895,0.5386522129428564,3075,200,47
2024-01-30 03:00:00,3,1,0,0,T1,10,18,11,8,Clear,1,1622,0.30325849927769405,1908,200,39
2024-01-30 04:00:00,4,1,0,0,T1,6,10,12,16,Rainy,1,941,0.41899706799706726,1370,200,103
2024-01-30 05:00:00,5,1,0,0,T1,9,13,11,13,Clear,1,1093,0.5405267297344605,1810,200,81
2024-01-30 06:00:00,6,1,0,1,T2,16,24,18,16,Clear,1,4216,0.4366847517366753,5278,200,31
2024-01-30 07:00:00,7,1,0,1,T2,19,23,15,11,Clear,1,5422,0.6535991107484747,6719,200,37
2024-01-30 08:00:00,8,1,0,1,T1,20,30,19,14,Rainy,1,4251,0.4393911903182621,6935,200,44
2024-01-30 09:00:00,9,1,0,1,T1,25,33,19,8,Clear,1,5778,0.6716083542867204,7533,200,26
2024-01-30 10:00:00,10,1,0,0,T1,10,16,13,9,Clear,1,1468,0.3869790536030801,2151,200,43
2024-01-30 11:00:00,11,1,0,0,T1,11,15,12,17,Clear,1,1908,0.5536972363910171,2607,200,49
2024-01-30 12:00:00,12,1,0,0,T3,11,12,12,10,Clear,1,1772,0.33920216594837665,2090,184,49
2024-01-30 13:00:00,13,1,0,0,T2,6,11,13,9,Clear,1,1039,0.5328722944578559,1221,137,54
2024-01-30 14:00:00,14,1,0,0,T1,14,10,9,17,Rainy,1,2890,0.36308144850379676,3551,200,72
2024-01-30 15:00:00,15,1,0,0,T1,7,19,13,12,Clear,1,1085,0.48200617538577906,1441,90,10
2024-01-30 16:00:00,16,1,0,0,T3,14,11,13,9,Clear,1,2211,0.3683779574270343,2659,200,52
2024-01-30 17:00:00,17,1,0,1,T1,27,28,19,9,Clear,1,5606,0.688769820280934,7630,200,31
2024-01-30 18:00:00,18,1,0,1,T3,19,33,20,17,Rainy,1,4869,0.6488818115995579,6254,200,32
2024-01-30 19:00:00,19,1,0,1,T1,27,27,17,12,Clear,1,6055,0.6212224871564715,7754,200,39
2024-01-30 20:00:00,20,1,0,1,T3,22,20,22,17,Clear,1,5226,0.6817606039324263,6937,200,48
2024-01-30 21:00:00,21,1,0,0,T2,9,17,9,17,Foggy,1,1959,0.540101213173402,2769,200,82
2024-01-30 22:00:00,22,1,0,0,T1,14,10,11,13,Rainy,1,2123,0.5029576375379842,3421,200,82
2024-01-30 23:00:00,23,1,0,0,T1,11,10,11,16,Foggy,1,1466,0.4099161057687199,2432,200,75
2024-01-01 00:00:00,0,0,0,0,T1,7,11,13,12,Clear,1,1325,0.6646472822013713,1654,193,49
2024-01-01 01:00:00,1,0,0,0,T2,5,19,12,9,Clear,1,852,0.32943251779587635,1040,95,11
2024-01-01 02:00:00,2,0,0,0,T2,14,11,12,15,Clear,1,2565,0.6131736690959468,3463,200,50
2024-01-01 03:00:00,3,0,0,0,T2,6,16,10,12,Clear,1,999,0.5637515714405859,1177,153,35
2024-01-01 04:00:00,4,0,0,0,T1,13,16,11,12,Clear,1,1547,0.5903084187831109,2576,200,45
2024-01-01 05:00:00,5,0,0,0,T2,6,17,14,13,Rainy,1,1109,0.5133579566027218,1379,154,36
2024-01-01 06:00:00,6,0,0,1,T2,28,26,19,19,Clear,1,5587,0.500852656367813,8423,200,32
2024-01-01 07:00:00,7,0,0,1,T1,23,23,16,16,Clear,1,6235,0.380003568445099,7464,200,52
2024-01-01 08:00:00,8,0,0,1,T1,28,28,18,16,Rainy,1,8520,0.4457639463981613,11544,200,33
2024-01-01 09:00:00,9,0,0,1,T1,27,29,19,13,Clear,1,6838,0.463737968352957,8566,200,29
2024-01-01 10:00:00,10,0,0,0,T3,5,14,9,13,Clear,1,527,0.46272371654273975,831,127,50
2024-01-01 11:00:00,11,0,0,0,T3,11,12,8,9,Clear,1,2265,0.4933245794789175,2632,200,94
2024-01-01 12:00:00,12,0,0,0,T1,11,15,12,12,Clear,1,1591,0.5848752774696457,2406,200,40
2024-01-01 13:00:00,13,0,0,0,T2,10,11,11,14,Clear,1,1386,0.6744585341728451,1954,200,75
2024-01-01 14:00:00,14,0,0,0,T1,14,13,14,14,Clear,1,2160,0.4657233249336692,2626,200,60
2024-01-01 15:00:00,15,0,0,0,T2,9,19,8,13,Foggy,1,1814,0.6016925293398194,2842,200,47
2024-01-01 16:00:00,16,0,0,0,T2,14,11,13,13,Foggy,1,2416,0.5315748704821428,3605,200,63
2024-01-01 17:00:00,17,0,0,1,T2,15,28,18,19,Clear,1,4443,0.3330940332248964,5653,200,38
2024-01-01 18:00:00,18,0,0,1,T3,28,20,22,15,Clear,1,6443,0.4548522035884593,8036,200,38
2024-01-01 19:00:00,19,0,0,1,T1,26,27,18,18,Rainy,1,7970,0.5199915945535456,10695,200,35
2024-01-01 20:00:00,20,0,0,1,T2,26,24,16,14,Clear,1,5621,0.45591012784891494,7586,200,47
2024-01-01 21:00:00,21,0,0,0,T1,11,12,11,15,Clear,1,1486,0.3133671978820238,2160,200,60
2024-01-01 22:00:00,22,0,0,0,T3,13,12,13,8,Clear,1,2237,0.6462803969296014,3011,200,55
2024-01-01 23:00:00,23,0,0,0,T1,5,12,11,11,Rainy,1,842,0.3027830349213165,1395,200,79
2024-01-02 00:00:00,0,1,0,0,T1,9,19,9,18,Clear,1,1557,0.6574594596361922,2214,200,33
2024-01-02 01:00:00,1,1,0,0,T1,12,15,12,8,Clear,1,1368,0.6028602321229757,2279,200,48
2024-01-02 02:00:00,2,1,0,0,T3,8,12,12,14,Clear,1,954,0.5332780647532184,1561,200,60
2024-01-02 03:00:00,3,1,0,0,T1,10,13,12,11,Clear,1,2136,0.4096544668767753,2388,200,55
2024-01-02 04:00:00,4,1,0,0,T1,11,12,14,8,Foggy,1,1542,0.34314231046140575,2492,200,72
2024-01-02 05:00:00,5,1,0,0,T2,11,13,11,19,Rainy,1,2034,0.6888383972849244,3128,200,62
2024-01-02 06:00:00,6,1,0,1,T2,27,26,23,13,Clear,1,4895,0.5500077816672416,8062,200,24
2024-01-02 07:00:00,7,1,0,1,T1,15,21,20,18,Clear,1,3251,0.628450441794072,5228,200,40
2024-01-02 08:00:00,8,1,0,1,T2,28,27,20,16,Clear,1,8113,0.312742705011304,10591,200,23
2024-01-02 09:00:00,9,1,0,1,T2,21,24,18,19,Rainy,1,6855,0.49597270129794424,9160,200,40
2024-01-02 10:00:00,10,1,0,0,T2,10,12,8,16,Rainy,1,1792,0.4992602881004593,2548,200,108
2024-01-02 11:00:00,11,1,0,0,T2,6,12,8,16,Clear,1,857,0.47851466738974047,1171,200,71
2024-01-02 12:00:00,12,1,0,0,T2,14,10,14,13,Clear,1,1930,0.3936777702467251,2923,200,59
2024-01-02 13:00:00,13,1,0,0,T2,7,17,11,10,Clear,1,1032,0.69039324775698,1309,109,20
2024-01-02 14:00:00,14,1,0,0,T1,12,16,9,14,Rainy,1,2625,0.5523881779480233,3052,200,59
2024-01-02 15:00:00,15,1,0,0,T2,5,11,12,8,Clear,1,803,0.6092360566468448,1038,119,50
2024-01-02 16:00:00,16,1,0,0,T1,5,18,10,14,Clear,1,743,0.3079605934960311,830,73,25
2024-01-02 17:00:00,17,1,0,1,T2,15,27,19,19,Clear,1,3451,0.5726104119546601,5521,200,46
2024-01-02 18:00:00,18,1,0,1,T2,15,32,15,18,Rainy,1,4031,0.3354531898998323,4511,200,30
2024-01-02 19:00:00,19,1,0,1,T3,24,30,18,8,Rainy,1,7184,0.3435999959451904,8466,200,41
2024-01-02 20:00:00,20,1,0,1,T1,19,25,21,11,Clear,1,4414,0.44362831161726046,5120,200,36
2024-01-02 21:00:00,21,1,0,0,T1,11,17,14,10,Clear,1,1262,0.4557472041525602,1919,200,58
2024-01-02 22:00:00,22,1,0,0,T3,12,11,11,12,Rainy,1,1860,0.39309209674802137,2569,200,54
2024-01-02 23:00:00,23,1,0,0,T2,9,11,13,19,Clear,1,1118,0.44018808092717115,1542,200,51
2024-01-03 00:00:00,0,2,0,0,T3,10,19,13,16,Clear,1,1751,0.5756918945451808,2264,200,52
2024-01-03 01:00:00,1,2,0,0,T1,12,18,11,16,Clear,1,2562,0.6830653899235892,2958,200,58
2024-01-03 02:00:00,2,2,0,0,T3,5,15,9,16,Clear,1,752,0.5531997775387711,968,160,48
2024-01-03 03:00:00,3,2,0,0,T1,8,19,10,19,Clear,1,1616,0.3570887415874152,1907,200,30
2024-01-03 04:00:00,4,2,0,0,T1,11,14,14,16,Rainy,1,2133,0.458162004211883,2689,200,65
2024-01-03 05:00:00,5,2,0,0,T3,10,11,14,16,Rainy,1,2337,0.33289328860424017,2888,200,89
2024-01-03 06:00:00,6,2,0,1,T2,25,25,17,14,Clear,1,5153,0.5567101617764045,8248,200,29
2024-01-03 07:00:00,7,2,0,1,T2,16,25,22,15,Clear,1,3341,0.4021641683407373,4917,200,27
2024-01-03 08:00:00,8,2,0,1,T2,28,28,23,13,Rainy,1,9386,0.5101001859321952,12490,200,31
2024-01-03 09:00:00,9,2,0,1,T3,21,27,20,10,Clear,1,5471,0.6223712613661434,6393,200,36
2024-01-03 10:00:00,10,2,0,0,T1,7,15,10,17,Clear,1,672,0.639501080226094,1094,108,32
2024-01-03 11:00:00,11,2,0,0,T1,14,19,12,17,Clear,1,1822,0.5988696682158601,2421,200,42
2024-01-03 12:00:00,12,2,0,0,T2,11,10,11,10,Clear,1,1540,0.5793921871259549,2370,200,53
2024-01-03 13:00:00,13,2,0,0,T3,5,10,12,15,Clear,1,734,0.3506248546027036,1171,130,62
2024-01-03 14:00:00,14,2,0,0,T3,7,12,13,19,Rainy,1,1420,0.30126971927380125,2027,200,70
2024-01-03 15:00:00,15,2,0,0,T3,11,14,11,13,Rainy,1,1776,0.49783591120392545,2258,200,73
2024-01-03 16:00:00,16,2,0,0,T1,11,13,10,14,Clear,1,1819,0.6714088300169718,2492,200,57
2024-01-03 17:00:00,17,2,0,1,T2,16,29,20,9,Clear,1,5276,0.4889123857315204,5881,200,26
2024-01-03 18:00:00,18,2,0,1,T2,27,24,24,19,Clear,1,8435,0.5800753037176212,9832,200,29
2024-01-03 19:00:00,19,2,0,1,T2,18,23,16,17,Clear,1,3276,0.5594987748946616,4947,200,35
2024-01-03 20:00:00,20,2,0,1,T3,29,33,21,10,Clear,1,6077,0.41629754635626953,8593,200,32
2024-01-03 21:00:00,21,2,0,0,T2,8,16,9,8,Rainy,1,1349,0.4473241528346927,2026,200,81
2024-01-03 22:00:00,22,2,0,0,T1,13,18,13,18,Rainy,1,2908,0.4881153906812703,3608,200,41
2024-01-03 23:00:00,23,2,0,0,T2,9,11,14,18,Clear,1,1501,0.5922547685051509,2200,200,64
2024-01-04 00:00:00,0,3,0,0,T3,14,19,8,12,Clear,1,2220,0.591083807362895,3281,200,32
2024-01-04 01:00:00,1,3,0,0,T1,11,17,14,19,Rainy,1,1874,0.5926583615679553,2780,200,68
2024-01-04 02:00:00,2,3,0,0,T2,10,11,13,15,Clear,1,2015,0.6871439696325663,2391,200,83
2024-01-04 03:00:00,3,3,0,0,T2,13,13,9,11,Clear,1,1793,0.5648743542847334,2356,200,68
2024-01-04 04:00:00,4,3,0,0,T1,11,18,13,9,Rainy,1,2395,0.4489875755648433,3334,200,57
2024-01-04 05:00:00,5,3,0,0,T2,5,13,14,16,Clear,1,941,0.35804429419264205,1127,97,27
2024-01-04 06:00:00,6,3,0,1,T2,27,33,18,8,Clear,1,6337,0.5424774149696561,8706,200,33
2024-01-04 07:00:00,7,3,0,1,T2,27,20,15,17,Clear,1,7591,0.3907482065325976,9355,200,38
2024-01-04 08:00:00,8,3,0,1,T3,21,20,15,12,Clear,1,3931,0.420383086223469,6534,200,37
2024-01-04 09:00:00,9,3,0,1,T2,27,31,24,9,Clear,1,5961,0.586451056190695,9892,200,22
2024-01-04 10:00:00,10,3,0,0,T1,13,14,10,8,Clear,1,1530,0.6769374030685429,2468,200,46
2024-01-04 11:00:00,11,3,0,0,T3,6,12,11,13,Clear,1,1218,0.554182871847556,1377,151,38
2024-01-04 12:00:00,12,3,0,0,T1,9,17,11,17,Clear,1,1040,0.3486491562720377,1556,123,40
2024-01-04 13:00:00,13,3,0,0,T1,9,11,13,16,Clear,1,1930,0.4166307078303061,2243,200,62
2024-01-04 14:00:00,14,3,0,0,T1,8,16,14,9,Clear,1,1262,0.6054008338881465,1999,200,30
2024-01-04 15:00:00,15,3,0,0,T2,7,15,9,15,Clear,1,958,0.534088131756382,1218,141,30
2024-01-04 16:00:00,16,3,0,0,T1,14,14,12,10,Clear,1,1822,0.41381624410882245,2956,200,66
2024-01-04 17:00:00,17,3,0,1,T3,28,29,16,10,Clear,1,7162,0.6159472429518971,9222,200,29
2024-01-04 18:00:00,18,3,0,1,T2,20,23,19,16,Clear,1,5198,0.33069094877128236,6061,200,39
2024-01-04 19:00:00,19,3,0,1,T1,21,31,16,19,Clear,1,5213,0.5308309770527061,7180,200,38
2024-01-04 20:00:00,20,3,0,1,T3,27,23,21,10,Clear,1,6499,0.4280043956988253,9374,200,31
2024-01-04 21:00:00,21,3,0,0,T1,7,11,10,10,Foggy,1,1424,0.6783324684463479,2336,200,67
2024-01-04 22:00:00,22,3,0,0,T3,9,19,9,9,Rainy,1,1553,0.5629976919939768,2010,200,73
2024-01-04 23:00:00,23,3,0,0,T1,11,10,13,18,Clear,1,1808,0.5277340807104376,2453,200,77
2024-01-05 00:00:00,0,4,0,0,T2,13,14,11,17,Clear,1,2097,0.44377801047289567,2436,200,62
2024-01-05 01:00:00,1,4,0,0,T3,9,12,14,13,Clear,1,1454,0.6478760805038182,2265,200,60
2024-01-05 02:00:00,2,4,0,0,T2,6,18,10,11,Clear,1,860,0.6581585070573772,1412,175,44
2024-01-05 03:00:00,3,4,0,0,T1,8,13,8,19,Rainy,1,1220,0.3763795435501771,1635,200,91
2024-01-05 04:00:00,4,4,0,0,T1,14,15,12,19,Clear,1,2696,0.48445671115227995,3055,200,66
2024-01-05 05:00:00,5,4,0,0,T1,9,10,13,15,Rainy,1,1673,0.4489118627239632,2476,200,83
2024-01-05 06:00:00,6,4,0,1,T1,21,20,20,13,Clear,1,4206,0.519124633889921,6964,200,38
2024-01-05 07:00:00,7,4,0,1,T2,27,30,17,15,Clear,1,7331,0.6811215392996692,9234,200,31
2024-01-05 08:00:00,8,4,0,1,T3,27,33,17,10,Foggy,1,6947,0.6591054310076752,11441,200,37
2024-01-05 09:00:00,9,4,0,1,T2,25,29,15,11,Foggy,1,8729,0.3459316126885478,9864,200,56
2024-01-05 10:00:00,10,4,0,0,T3,7,14,11,10,Clear,1,1103,0.5715512929562386,1583,189,65
2024-01-05 11:00:00,11,4,0,0,T2,8,14,9,17,Rainy,1,1774,0.4877129112480965,2215,200,48
2024-01-05 12:00:00,12,4,0,0,T1,10,16,8,12,Clear,1,1342,0.4994057843956228,2224,200,47
2024-01-05 13:00:00,13,4,0,0,T1,5,14,10,17,Rainy,1,1074,0.6907884218505043,1378,200,75
2024-01-05 14:00:00,14,4,0,0,T2,7,18,11,12,Clear,1,1142,0.4406539893351395,1344,138,46
2024-01-05 15:00:00,15,4,0,0,T1,12,10,11,13,Clear,1,2370,0.604555466041979,2803,200,72
2024-01-05 16:00:00,16,4,0,0,T3,9,15,10,15,Clear,1,1184,0.4717675147409013,1480,200,62
2024-01-05 17:00:00,17,4,0,1,T2,15,32,16,17,Rainy,1,4443,0.47605768261517467,6533,200,42
2024-01-05 18:00:00,18,4,0,1,T3,15,20,21,18,Clear,1,2900,0.43734135456642076,3735,200,41
2024-01-05 19:00:00,19,4,0,1,T2,27,32,20,18,Foggy,1,8020,0.300434807921973,10364,200,47
2024-01-05 20:00:00,20,4,0,1,T3,19,20,23,18,Rainy,1,5204,0.38178668807903016,6487,200,42
2024-01-05 21:00:00,21,4,0,0,T3,11,19,11,14,Clear,1,1649,0.4049937818865907,1991,176,45
2024-01-05 22:00:00,22,4,0,0,T1,8,15,12,15,Clear,1,903,0.6412581266234366,1354,162,35
2024-01-05 23:00:00,23,4,0,0,T1,13,18,8,14,Clear,1,1494,0.32045265524267885,2463,200,35
2024-01-06 00:00:00,0,5,1,0,T3,12,14,14,15,Clear,1,2517,0.39276044870756593,3254,200,48
2024-01-06 01:00:00,1,5,1,0,T1,13,11,9,10,Clear,1,2102,0.37129323956463334,3030,200,77
2024-01-06 02:00:00,2,5,1,0,T3,14,19,11,13,Rainy,1,3334,0.6857351072844022,5086,200,73
2024-01-06 03:00:00,3,5,1,0,T2,12,16,14,18,Foggy,1,3358,0.3976378289970409,4720,200,79
2024-01-06 04:00:00,4,5,1,0,T2,5,10,12,8,Foggy,1,1567,0.39112030228514244,2118,200,120
2024-01-06 05:00:00,5,5,1,0,T1,6,10,9,9,Clear,1,1581,0.4425012171595205,1768,200,69
2024-01-06 06:00:00,6,5,1,1,T2,24,34,20,14,Clear,1,7850,0.6358266825901687,10808,200,23
2024-01-06 07:00:00,7,5,1,1,T2,19,26,23,14,Rainy,1,6635,0.5378200404580179,8571,200,41
2024-01-06 08:00:00,8,5,1,1,T1,17,34,19,17,Clear,1,4985,0.43198772557787746,6786,200,24
2024-01-06 09:00:00,9,5,1,1,T3,27,21,15,16,Clear,1,8155,0.4197387105938709,12840,200,28
2024-01-06 10:00:00,10,5,1,0,T3,5,17,10,14,Clear,1,686,0.46947726079985685,1090,132,24
2024-01-06 11:00:00,11,5,1,0,T1,6,10,11,14,Clear,1,1385,0.3849482621209991,1719,200,54
2024-01-06 12:00:00,12,5,1,0,T3,14,13,10,19,Foggy,1,3741,0.45564920384601204,4790,200,97
2024-01-06 13:00:00,13,5,1,0,T2,12,13,10,9,Clear,1,2261,0.6147827241916166,3120,200,54
2024-01-06 14:00:00,14,5,1,0,T2,7,10,9,13,Foggy,1,1618,0.3168179184303779,2310,200,102
2024-01-06 15:00:00,15,5,1,0,T2,10,16,10,11,Clear,1,2143,0.5850168036531987,2548,200,52
2024-01-06 16:00:00,16,5,1,0,T1,12,17,14,8,Clear,1,2107,0.5974357626084903,2759,200,42
2024-01-06 17:00:00,17,5,1,1,T1,23,23,21,17,Clear,1,7915,0.5265246486076418,9209,200,25
2024-01-06 18:00:00,18,5,1,1,T2,23,32,18,14,Clear,1,5232,0.3185984158765217,8367,200,22
2024-01-06 19:00:00,19,5,1,1,T1,24,22,15,19,Clear,1,6926,0.6617331390130159,11335,200,35
2024-01-06 20:00:00,20,5,1,1,T1,27,21,18,13,Rainy,1,6878,0.6137766168282917,11214,200,46
2024-01-06 21:00:00,21,5,1,0,T2,9,15,14,8,Rainy,1,2930,0.3516990775956904,3342,200,49
2024-01-06 22:00:00,22,5,1,0,T1,6,13,10,16,Clear,1,1238,0.3558569320838334,1415,200,51
2024-01-06 23:00:00,23,5,1,0,T2,13,13,14,17,Clear,1,2580,0.6643007250952588,2937,200,52
2024-01-07 00:00:00,0,6,1,0,T2,10,10,13,19,Clear,1,2291,0.5713440359131607,3023,200,84
2024-01-07 01:00:00,1,6,1,0,T1,13,19,10,9,Rainy,1,2945,0.5153986602980238,4124,200,65
2024-01-07 02:00:00,2,6,1,0,T3,14,18,13,19,Clear,1,3451,0.31475731556430725,3960,200,40
2024-01-07 03:00:00,3,6,1,0,T1,11,10,10,9,Clear,1,2085,0.3473587365710616,2471,200,61
2024-01-07 04:00:00,4,6,1,0,T3,13,16,13,19,Rainy,1,3345,0.5227824519442941,3737,200,37
2024-01-07 05:00:00,5,6,1,0,T2,6,13,9,15,Clear,1,1208,0.46110144749897675,1826,200,59
2024-01-07 06:00:00,6,6,1,1,T1,16,24,19,11,Clear,1,5228,0.579554434046827,7240,200,28
2024-01-07 07:00:00,7,6,1,1,T3,17,23,16,11,Clear,1,6717,0.6256207705685719,7502,200,26
2024-01-07 08:00:00,8,6,1,1,T1,20,34,16,14,Clear,1,5887,0.6356486412424659,6983,200,22
2024-01-07 09:00:00,9,6,1,1,T3,23,23,21,13,Rainy,1,11145,0.6823446721498951,12842,200,44
2024-01-07 10:00:00,10,6,1,0,T2,14,11,10,15,Rainy,1,2489,0.5928393479290767,3962,200,114
2024-01-07 11:00:00,11,6,1,0,T2,13,10,8,11,Foggy,1,2609,0.458030530155277,4078,200,105
2024-01-07 12:00:00,12,6,1,0,T1,12,16,13,15,Rainy,1,3064,0.6265815422402232,3992,200,67
2024-01-07 13:00:00,13,6,1,0,T1,13,14,14,11,Clear,1,2564,0.35224979323063654,3047,200,42
2024-01-07 14:00:00,14,6,1,0,T1,11,15,14,14,Clear,1,2113,0.36906296043903586,3366,200,41
2024-01-07 15:00:00,15,6,1,0,T1,5,15,14,16,Foggy,1,1019,0.6557218895312873,1486,200,90
2024-01-07 16:00:00,16,6,1,0,T3,14,13,14,9,Clear,1,3099,0.6947654856872849,3929,200,71
2024-01-07 17:00:00,17,6,1,1,T1,19,29,22,19,Rainy,1,8188,0.38667465748215707,10959,200,39
2024-01-07 18:00:00,18,6,1,1,T1,21,33,23,14,Foggy,1,11180,0.3963214048618476,13331,200,27
2024-01-07 19:00:00,19,6,1,1,T2,18,23,21,17,Clear,1,7051,0.5921992584403672,7847,200,41
2024-01-07 20:00:00,20,6,1,1,T1,22,33,19,18,Clear,1,6344,0.30840992288784086,10552,200,24
2024-01-07 21:00:00,21,6,1,0,T2,12,11,10,16,Clear,1,1958,0.3373727467369997,2702,200,83
2024-01-07 22:00:00,22,6,1,0,T2,10,10,12,12,Rainy,1,2140,0.3351812033474916,3063,200,94
2024-01-07 23:00:00,23,6,1,0,T2,6,14,12,18,Clear,1,982,0.6007195778074834,1450,177,36
2024-01-08 00:00:00,0,0,0,0,T1,6,18,11,10,Clear,1,1064,0.5357087044948347,1483,149,27
2024-01-08 01:00:00,1,0,0,0,T1,9,18,14,19,Foggy,1,1437,0.5617225286136224,2068,192,75
2024-01-08 02:00:00,2,0,0,0,T1,9,10,14,17,Clear,1,1960,0.6390445496862597,2265,200,85
2024-01-08 03:00:00,3,0,0,0,T1,13,16,10,17,Foggy,1,2499,0.5670695804033148,3319,200,63
2024-01-08 04:00:00,4,0,0,0,T1,10,12,9,8,Clear,1,1567,0.5494031239824888,2368,200,57
2024-01-08 05:00:00,5,0,0,0,T1,7,13,8,10,Rainy,1,1304,0.503949622522561,1581,200,90
2024-01-08 06:00:00,6,0,0,1,T3,15,23,24,18,Clear,1,4999,0.6453772534041333,5598,200,35
2024-01-08 07:00:00,7,0,0,1,T1,16,32,20,10,Clear,1,3969,0.31295015090976325,4953,200,29
2024-01-08 08:00:00,8,0,0,1,T2,15,26,16,15,Clear,1,2806,0.6396283499613968,4377,200,32
2024-01-08 09:00:00,9,0,0,1,T2,17,24,23,18,Rainy,1,5880,0.4207116892545106,7008,200,48
2024-01-08 10:00:00,10,0,0,0,T3,8,10,10,12,Foggy,1,2221,0.65105554863511,2610,200,86
2024-01-08 11:00:00,11,0,0,0,T1,9,10,10,14,Clear,1,1559,0.34542181753739754,2286,200,61
2024-01-08 12:00:00,12,0,0,0,T1,14,10,9,10,Clear,1,2516,0.4693345769865527,3118,200,77
2024-01-08 13:00:00,13,0,0,0,T3,11,15,10,15,Clear,1,1500,0.5188949711517133,1903,158,40
2024-01-08 14:00:00,14,0,0,0,T1,8,15,12,11,Clear,1,997,0.5422117099565088,1631,123,47
2024-01-08 15:00:00,15,0,0,0,T2,12,13,12,13,Clear,1,1874,0.47351376088294905,2489,200,67
2024-01-08 16:00:00,16,0,0,0,T2,14,15,8,13,Clear,1,2333,0.3521813948709443,2786,200,48
2024-01-08 17:00:00,17,0,0,1,T3,22,20,21,14,Rainy,1,7756,0.6932863946614982,8643,200,40
2024-01-08 18:00:00,18,0,0,1,T2,27,33,16,17,Clear,1,5310,0.4341906442243479,7122,200,26
2024-01-08 19:00:00,19,0,0,1,T1,15,28,23,19,Clear,1,3404,0.3156602177108312,4108,200,33
2024-01-08 20:00:00,20,0,0,1,T3,28,28,23,11,Rainy,1,7579,0.3031226777955561,10639,200,37
2024-01-08 21:00:00,21,0,0,0,T2,10,15,13,11,Clear,1,2000,0.44856676479729285,2402,200,37
2024-01-08 22:00:00,22,0,0,0,T1,6,11,8,15,Clear,1,897,0.5582841378982548,1096,187,88
2024-01-08 23:00:00,23,0,0,0,T3,8,19,13,16,Clear,1,1079,0.6927509185410423,1629,200,52
2024-01-09 00:00:00,0,1,0,0,T2,6,12,10,19,Clear,1,1239,0.36895845731938104,1396,200,85
2024-01-09 01:00:00,1,1,0,0,T2,12,15,9,14,Clear,1,1351,0.6880229440152277,2243,200,42
2024-01-09 02:00:00,2,1,0,0,T2,9,11,13,15,Clear,1,1351,0.46352555602936407,1591,200,72
2024-01-09 03:00:00,3,1,0,0,T2,7,18,12,14,Clear,1,940,0.377621552098242,1518,146,42
2024-01-09 04:00:00,4,1,0,0,T2,5,12,13,16,Clear,1,767,0.5532427290870927,1095,152,39
2024-01-09 05:00:00,5,1,0,0,T1,12,11,8,16,Clear,1,2389,0.6457651964267713,2777,200,98
2024-01-09 06:00:00,6,1,0,1,T2,19,34,21,9,Clear,1,3957,0.5730975358508164,5835,200,31
2024-01-09 07:00:00,7,1,0,1,T3,23,29,23,14,Clear,1,5176,0.5162117004355742,7489,200,37
2024-01-09 08:00:00,8,1,0,1,T1,17,22,24,12,Clear,1,2731,0.6412607239876029,4550,200,26
2024-01-09 09:00:00,9,1,0,1,T2,16,32,23,12,Clear,1,3368,0.5583666105622056,4952,200,31
2024-01-09 10:00:00,10,1,0,0,T3,6,14,11,12,Clear,1,888,0.6652982477953264,1133,123,30
2024-01-09 11:00:00,11,1,0,0,T1,13,19,11,8,Rainy,1,2041,0.6164817014352284,2651,200,54
2024-01-09 12:00:00,12,1,0,0,T2,8,10,14,9,Rainy,1,2030,0.4815731129214247,2455,200,79
2024-01-09 13:00:00,13,1,0,0,T1,6,18,10,13,Clear,1,904,0.3879001200667518,1057,101,30
2024-01-09 14:00:00,14,1,0,0,T1,7,17,13,14,Clear,1,1383,0.4196521182524977,1581,163,45
2024-01-09 15:00:00,15,1,0,0,T2,11,14,14,9,Clear,1,1758,0.5065359275353306,2716,200,73
2024-01-09 16:00:00,16,1,0,0,T3,11,14,9,12,Clear,1,1545,0.5613086263330975,2350,200,62
2024-01-09 17:00:00,17,1,0,1,T1,28,32,18,12,Clear,1,6181,0.4660578015473151,8973,200,35
2024-01-09 18:00:00,18,1,0,1,T3,19,28,22,11,Rainy,1,5760,0.4175347822487842,6894,200,33
2024-01-09 19:00:00,19,1,0,1,T3,20,32,21,12,Clear,1,4543,0.5638121276119923,7108,200,35
2024-01-09 20:00:00,20,1,0,1,T2,22,27,17,16,Clear,1,5034,0.32875578184000537,5773,200,26
2024-01-09 21:00:00,21,1,0,0,T2,12,12,12,18,Clear,1,1699,0.4894741041613485,2490,200,60
2024-01-09 22:00:00,22,1,0,0,T3,12,10,10,10,Clear,1,2092,0.5596970931351882,2397,200,92
2024-01-09 23:00:00,23,1,0,0,T1,8,14,14,15,Clear,1,1565,0.5300450267757446,1790,200,46
2024-01-10 00:00:00,0,2,0,0,T2,12,19,10,11,Clear,1,2229,0.6055988197278173,2775,200,43
2024-01-10 01:00:00,1,2,0,0,T3,5,14,9,9,Clear,1,956,0.3989378684573376,1273,176,70
2024-01-10 02:00:00,2,2,0,0,T2,7,16,12,18,Clear,1,984,0.6012798807656917,1404,135,23
2024-01-10 03:00:00,3,2,0,0,T1,12,14,12,17,Clear,1,1835,0.5471261119035556,2150,200,53
2024-01-10 04:00:00,4,2,0,0,T3,7,15,11,17,Clear,1,1398,0.58865185440188,1692,157,48
2024-01-10 05:00:00,5,2,0,0,T1,6,12,10,18,Clear,1,1056,0.6113972397813516,1208,140,39
2024-01-10 06:00:00,6,2,0,1,T1,26,34,24,19,Clear,1,4558,0.43088000881557165,6851,200,24
2024-01-10 07:00:00,7,2,0,1,T2,16,28,17,9,Clear,1,3512,0.4951791637028259,4533,200,35
2024-01-10 08:00:00,8,2,0,1,T1,15,33,24,15,Clear,1,3532,0.5669447189967232,4410,200,31
2024-01-10 09:00:00,9,2,0,1,T2,15,32,18,10,Clear,1,4115,0.5346357602217957,4859,200,18
2024-01-10 10:00:00,10,2,0,0,T2,10,15,13,18,Clear,1,1129,0.30732773704141747,1882,169,34
2024-01-10 11:00:00,11,2,0,0,T1,5,12,14,18,Clear,1,684,0.6809682779013825,946,96,35
2024-01-10 12:00:00,12,2,0,0,T3,11,13,10,17,Clear,1,1404,0.5386651627729926,1887,200,74
2024-01-10 13:00:00,13,2,0,0,T1,6,16,14,11,Clear,1,729,0.3578619608027907,953,72,5
2024-01-10 14:00:00,14,2,0,0,T2,13,19,13,9,Rainy,1,3034,0.4833703496179662,3417,200,57
2024-01-10 15:00:00,15,2,0,0,T2,5,12,8,11,Clear,1,706,0.6507391993005825,977,125,33
2024-01-10 16:00:00,16,2,0,0,T2,10,15,14,14,Clear,1,1700,0.4360435746011475,2040,200,53
2024-01-10 17:00:00,17,2,0,1,T1,17,34,21,18,Rainy,1,5564,0.382103011894508,7284,200,31
2024-01-10 18:00:00,18,2,0,1,T3,16,33,23,19,Foggy,1,3915,0.5860405355049868,5412,200,25
2024-01-10 19:00:00,19,2,0,1,T2,25,21,18,9,Rainy,1,5801,0.663444295119842,9008,200,54
2024-01-10 20:00:00,20,2,0,1,T1,23,27,24,16,Clear,1,6620,0.4503531414659986,7774,200,24
2024-01-10 21:00:00,21,2,0,0,T2,10,15,12,12,Foggy,1,2260,0.48084088230572564,2691,200,68
2024-01-10 22:00:00,22,2,0,0,T3,6,15,10,12,Clear,1,722,0.5111639311775696,1043,134,23
2024-01-10 23:00:00,23,2,0,0,T1,12,13,13,13,Clear,1,1746,0.6906172425378255,2374,200,63
2024-01-11 00:00:00,0,3,0,0,T1,9,11,11,9,Clear,1,1142,0.367363179604012,1872,200,67
2024-01-11 01:00:00,1,3,0,0,T2,6,12,11,14,Clear,1,1290,0.5073630178938303,1479,172,37
2024-01-11 02:00:00,2,3,0,0,T1,7,10,11,8,Foggy,1,1614,0.5957671654663462,2041,200,120
2024-01-11 03:00:00,3,3,0,0,T1,9,18,8,10,Foggy,1,1668,0.5525558726457913,2172,200,80
2024-01-11 04:00:00,4,3,0,0,T1,6,19,9,14,Clear,1,813,0.5537759764673409,1109,77,14
2024-01-11 05:00:00,5,3,0,0,T3,11,13,8,15,Clear,1,1799,0.6692343276957717,2789,200,75
2024-01-11 06:00:00,6,3,0,1,T2,17,25,20,17,Clear,1,4649,0.6898687582065025,5724,200,29
2024-01-11 07:00:00,7,3,0,1,T1,29,34,20,18,Clear,1,5762,0.4087383735936809,9145,200,34
2024-01-11 08:00:00,8,3,0,1,T3,16,29,17,15,Foggy,1,4207,0.36793577332049915,5953,200,28
2024-01-11 09:00:00,9,3,0,1,T1,27,32,22,9,Clear,1,4601,0.6097042273729805,6969,200,22
2024-01-11 10:00:00,10,3,0,0,T2,14,10,14,13,Foggy,1,3415,0.4323634332312104,4514,200,67
2024-01-11 11:00:00,11,3,0,0,T2,12,16,10,14,Clear,1,1291,0.5259396683998298,1982,157,29
2024-01-11 12:00:00,12,3,0,0,T2,11,14,13,17,Clear,1,1415,0.4890122541243603,1917,200,47
2024-01-11 13:00:00,13,3,0,0,T1,8,11,9,16,Clear,1,1143,0.3408689292142323,1830,200,72
2024-01-11 14:00:00,14,3,0,0,T2,10,17,13,11,Clear,1,2025,0.3234004931498543,2322,182,45
2024-01-11 15:00:00,15,3,0,0,T2,6,16,10,10,Rainy,1,1560,0.3747337999737677,1757,200,63
2024-01-11 16:00:00,16,3,0,0,T1,13,10,9,12,Rainy,1,1900,0.30191992992694827,2898,200,90
2024-01-11 17:00:00,17,3,0,1,T2,20,34,15,14,Clear,1,5902,0.3680932129753322,7355,200,35
2024-01-11 18:00:00,18,3,0,1,T1,26,29,20,9,Clear,1,5111,0.46474538615458066,7626,200,27
2024-01-11 19:00:00,19,3,0,1,T2,26,21,21,11,Clear,1,5616,0.36791077590324883,8014,200,42
2024-01-11 20:00:00,20,3,0,1,T2,25,26,18,15,Clear,1,4800,0.5987081778477716,7319,200,22
2024-01-11 21:00:00,21,3,0,0,T1,12,11,8,11,Clear,1,1940,0.5405233455258815,2977,200,67
2024-01-11 22:00:00,22,3,0,0,T2,11,19,9,11,Clear,1,2167,0.30885146976863265,2657,200,49
2024-01-11 23:00:00,23,3,0,0,T2,5,15,9,9,Foggy,1,1120,0.6352530102421443,1570,200,95
2024-01-12 00:00:00,0,4,0,0,T1,14,18,8,15,Clear,1,2152,0.5715385540115445,3351,200,40
2024-01-12 01:00:00,1,4,0,0,T2,9,13,8,17,Clear,1,1164,0.5285645572176937,1659,200,78
2024-01-12 02:00:00,2,4,0,0,T2,8,19,10,13,Clear,1,1126,0.5975461123552683,1554,126,29
2024-01-12 03:00:00,3,4,0,0,T3,13,19,13,12,Clear,1,1717,0.445625148718664,2605,172,37
2024-01-12 04:00:00,4,4,0,0,T2,6,14,11,8,Clear,1,940,0.5484533627393325,1353,139,33
2024-01-12 05:00:00,5,4,0,0,T1,10,19,12,14,Rainy,1,1906,0.6879702294263773,2192,168,54
2024-01-12 06:00:00,6,4,0,1,T2,19,20,16,9,Clear,1,3989,0.4463947604011228,4865,200,53
2024-01-12 07:00:00,7,4,0,1,T2,15,31,17,16,Clear,1,3232,0.4379495134772839,4754,200,32
2024-01-12 08:00:00,8,4,0,1,T2,21,25,17,8,Foggy,1,7381,0.4907371215661839,9105,200,31
2024-01-12 09:00:00,9,4,0,1,T1,27,31,19,9,Clear,1,7513,0.524092448079305,9324,200,23
2024-01-12 10:00:00,10,4,0,0,T1,12,14,12,13,Clear,1,1648,0.3032233155582141,2312,200,50
2024-01-12 11:00:00,11,4,0,0,T3,11,14,9,17,Rainy,1,1839,0.5820319712735167,2969,200,75
2024-01-12 12:00:00,12,4,0,0,T2,12,13,8,15,Clear,1,1260,0.4201452894284454,2048,200,59
2024-01-12 13:00:00,13,4,0,0,T2,13,16,9,15,Clear,1,1415,0.6930256802341709,2320,200,67
2024-01-12 14:00:00,14,4,0,0,T3,7,10,11,10,Clear,1,1248,0.33778282050748765,1422,172,57
2024-01-12 15:00:00,15,4,0,0,T1,7,11,14,16,Clear,1,896,0.5370634591541786,1281,115,44
2024-01-12 16:00:00,16,4,0,0,T2,7,13,12,14,Clear,1,982,0.6429659386603203,1538,154,34
2024-01-12 17:00:00,17,4,0,1,T2,18,22,24,11,Clear,1,3973,0.4842654978842815,5752,200,32
2024-01-12 18:00:00,18,4,0,1,T1,16,30,19,13,Clear,1,2618,0.5816619003155494,4133,200,32
2024-01-12 19:00:00,19,4,0,1,T2,20,28,21,12,Clear,1,5453,0.5224462165948852,6989,200,26
2024-01-12 20:00:00,20,4,0,1,T2,21,20,16,14,Clear,1,6515,0.4258755895485306,7810,200,59
2024-01-12 21:00:00,21,4,0,0,T2,10,13,12,9,Rainy,1,1876,0.6635556019396447,3084,200,54
2024-01-12 22:00:00,22,4,0,0,T3,11,10,8,11,Clear,1,1895,0.3913673827327743,2354,200,53
2024-01-12 23:00:00,23,4,0,0,T2,12,12,10,9,Clear,1,1498,0.49318134528666624,2457,200,42
2024-01-13 00:00:00,0,5,1,0,T1,8,15,9,14,Rainy,1,2445,0.6610961844368005,2776,200,65
2024-01-13 01:00:00,1,5,1,0,T2,14,19,12,12,Clear,1,2274,0.43502290142418,3219,200,35
2024-01-13 02:00:00,2,5,1,0,T2,5,17,11,12,Clear,1,1109,0.5751092142181926,1417,138,30
2024-01-13 03:00:00,3,5,1,0,T2,6,19,14,16,Rainy,1,1685,0.42609545136040844,2290,183,63
2024-01-13 04:00:00,4,5,1,0,T3,6,12,14,9,Clear,1,1075,0.6236725190035219,1436,190,51
2024-01-13 05:00:00,5,5,1,0,T1,9,13,10,12,Rainy,1,2675,0.49770974456244976,2994,200,98
2024-01-13 06:00:00,6,5,1,1,T3,25,33,18,16,Clear,1,6083,0.3879698192157497,9127,200,24
2024-01-13 07:00:00,7,5,1,1,T3,28,34,19,16,Clear,1,9269,0.6311481518024695,10620,200,23
2024-01-13 08:00:00,8,5,1,1,T1,16,30,16,14,Clear,1,4598,0.3315128284015657,6927,200,43
2024-01-13 09:00:00,9,5,1,1,T1,17,25,15,18,Clear,1,4357,0.4926729289820768,7214,200,35
2024-01-13 10:00:00,10,5,1,0,T1,5,18,9,13,Rainy,1,1165,0.3429415898584398,1662,200,49
2024-01-13 11:00:00,11,5,1,0,T2,5,11,10,10,Clear,1,991,0.6717961691069866,1187,144,66
2024-01-13 12:00:00,12,5,1,0,T3,5,19,14,19,Foggy,1,1289,0.3146526559398477,2139,197,50
2024-01-13 13:00:00,13,5,1,0,T2,13,19,14,12,Clear,1,3080,0.42479136065915934,3603,200,44
2024-01-13 14:00:00,14,5,1,0,T3,8,19,10,9,Clear,1,1268,0.5750405715682935,1978,161,31
2024-01-13 15:00:00,15,5,1,0,T3,5,10,9,14,Foggy,1,1348,0.3644654751584644,1973,200,103
2024-01-13 16:00:00,16,5,1,0,T2,9,19,12,10,Clear,1,1528,0.4238722257405823,2115,149,29
2024-01-13 17:00:00,17,5,1,1,T1,22,29,22,18,Rainy,1,9680,0.4237024441893142,11597,200,28
2024-01-13 18:00:00,18,5,1,1,T2,20,34,19,11,Clear,1,5206,0.6675917302001594,7702,200,23
2024-01-13 19:00:00,19,5,1,1,T2,20,28,24,11,Clear,1,7337,0.5386955451119632,9070,200,28
2024-01-13 20:00:00,20,5,1,1,T1,16,34,23,19,Clear,1,4088,0.5839584435484895,6655,200,31
2024-01-13 21:00:00,21,5,1,0,T2,11,13,8,10,Clear,1,2095,0.4373640455200072,3321,200,53
2024-01-13 22:00:00,22,5,1,0,T2,14,15,12,12,Clear,1,2942,0.5478783421617187,4197,200,63
2024-01-13 23:00:00,23,5,1,0,T1,13,11,12,18,Clear,1,3698,0.4377765224349459,4166,200,47
2024-01-14 00:00:00,0,6,1,0,T1,7,10,12,15,Rainy,1,1216,0.6076924814165751,1992,200,73
2024-01-14 01:00:00,1,6,1,0,T2,8,12,13,18,Clear,1,1413,0.45794660925771685,1777,200,68
2024-01-14 02:00:00,2,6,1,0,T2,14,12,12,15,Clear,1,3182,0.6448070864520067,4493,200,41
2024-01-14 03:00:00,3,6,1,0,T2,9,11,9,16,Clear,1,2277,0.6665083349374126,2721,200,70
2024-01-14 04:00:00,4,6,1,0,T1,13,12,9,12,Foggy,1,3661,0.5763230497224273,4997,200,95
2024-01-14 05:00:00,5,6,1,0,T2,9,12,10,13,Clear,1,2003,0.3979242960243603,2312,200,78
2024-01-14 06:00:00,6,6,1,1,T2,20,28,19,18,Clear,1,5220,0.40614046867015635,6494,200,41
2024-01-14 07:00:00,7,6,1,1,T1,15,20,21,13,Rainy,1,6587,0.5057305915639435,7403,200,52
2024-01-14 08:00:00,8,6,1,1,T2,22,32,16,15,Clear,1,6140,0.4532251248537869,8822,200,34
2024-01-14 09:00:00,9,6,1,1,T2,28,27,15,15,Clear,1,8652,0.3712785707152504,13674,200,32
2024-01-14 10:00:00,10,6,1,0,T1,12,10,9,14,Foggy,1,3785,0.41616436885689856,4614,200,114
2024-01-14 11:00:00,11,6,1,0,T1,7,13,13,14,Clear,1,1198,0.4293869338921986,1750,200,60
2024-01-14 12:00:00,12,6,1,0,T1,10,11,8,18,Clear,1,1961,0.6024066329860728,2622,200,59
2024-01-14 13:00:00,13,6,1,0,T2,5,17,9,17,Clear,1,1051,0.5243708984177045,1283,110,35
2024-01-14 14:00:00,14,6,1,0,T1,13,15,13,10,Clear,1,2964,0.6361970033662987,4259,200,44
2024-01-14 15:00:00,15,6,1,0,T3,6,19,14,10,Rainy,1,1842,0.30543263515950786,2085,200,47
2024-01-14 16:00:00,16,6,1,0,T1,12,14,14,19,Clear,1,2419,0.6500748853834916,3484,200,37
2024-01-14 17:00:00,17,6,1,1,T1,28,26,21,11,Clear,1,10161,0.6253373316180433,13607,200,27
2024-01-14 18:00:00,18,6,1,1,T1,17,31,15,11,Rainy,1,7167,0.4832058497263783,9041,200,43
2024-01-14 19:00:00,19,6,1,1,T3,27,32,23,14,Foggy,1,9072,0.5514528639611398,11789,200,28
2024-01-14 20:00:00,20,6,1,1,T3,22,20,15,14,Clear,1,7946,0.6714425318308077,9151,200,24
2024-01-14 21:00:00,21,6,1,0,T3,8,19,10,15,Rainy,1,2102,0.3701554340879776,2618,200,54
2024-01-14 22:00:00,22,6,1,0,T2,14,12,14,17,Clear,1,3214,0.6317146710122057,4332,200,46
2024-01-14 23:00:00,23,6,1,0,T2,11,16,10,10,Clear,1,1956,0.5024957066388631,2423,200,63
2024-01-15 00:00:00,0,0,0,0,T2,12,19,8,8,Rainy,1,2693,0.3050570405600074,3243,200,65
2024-01-15 01:00:00,1,0,0,0,T1,14,10,13,10,Clear,1,2203,0.49928467468489746,3018,200,63
2024-01-15 02:00:00,2,0,0,0,T3,12,15,9,14,Clear,1,1429,0.6511766255998424,2326,200,67
2024-01-15 03:00:00,3,0,0,0,T1,8,14,9,11,Rainy,1,1773,0.5652215454944483,2328,200,81
2024-01-15 04:00:00,4,0,0,0,T2,13,10,14,10,Foggy,1,2526,0.3516385399438533,3562,200,60
2024-01-15 05:00:00,5,0,0,0,T2,10,12,8,10,Foggy,1,1573,0.48513226287952305,2527,200,118
2024-01-15 06:00:00,6,0,0,1,T3,17,34,19,14,Foggy,1,5348,0.564358021575571,8155,200,39
2024-01-15 07:00:00,7,0,0,1,T2,19,34,24,15,Clear,1,5771,0.528304913900592,6849,200,26
2024-01-15 08:00:00,8,0,0,1,T1,18,28,17,19,Foggy,1,3664,0.5450674118957917,5986,200,47
2024-01-15 09:00:00,9,0,0,1,T3,29,34,23,11,Clear,1,7050,0.5227870135041793,8929,200,30
2024-01-15 10:00:00,10,0,0,0,T1,14,19,12,14,Rainy,1,2800,0.5620929938305377,3822,200,77
2024-01-15 11:00:00,11,0,0,0,T1,6,12,12,11,Clear,1,1054,0.6825992499108393,1382,159,48
2024-01-15 12:00:00,12,0,0,0,T3,9,10,13,18,Foggy,1,1390,0.6941749537478641,2272,200,99
2024-01-15 13:00:00,13,0,0,0,T1,11,14,10,13,Rainy,1,1869,0.6221115141313648,3000,200,89
2024-01-15 14:00:00,14,0,0,0,T1,9,10,9,9,Clear,1,1340,0.5466919741501622,1991,200,57
2024-01-15 15:00:00,15,0,0,0,T1,13,19,10,11,Clear,1,2286,0.44463610656812386,2642,200,47
2024-01-15 16:00:00,16,0,0,0,T3,13,10,10,13,Clear,1,1987,0.6767642179405919,2378,200,73
2024-01-15 17:00:00,17,0,0,1,T3,20,28,19,13,Clear,1,4200,0.556255568528049,6535,200,32
2024-01-15 18:00:00,18,0,0,1,T3,25,32,15,9,Clear,1,5858,0.5101762280609524,8362,200,28
2024-01-15 19:00:00,19,0,0,1,T2,25,25,22,15,Clear,1,5819,0.46068636787415507,9168,200,38
2024-01-15 20:00:00,20,0,0,1,T2,22,29,24,16,Clear,1,5301,0.5797483827243908,6128,200,30
2024-01-15 21:00:00,21,0,0,0,T1,10,17,14,8,Clear,1,1530,0.44197678579569666,1835,175,37
2024-01-15 22:00:00,22,0,0,0,T3,14,18,12,13,Clear,1,2164,0.6071750206472044,3176,200,60
2024-01-15 23:00:00,23,0,0,0,T3,11,15,13,14,Clear,1,1635,0.30822858587507823,2319,173,36
2024-01-16 00:00:00,0,1,0,0,T3,12,12,11,19,Clear,1,1632,0.5051842993036957,2350,200,53
2024-01-16 01:00:00,1,1,0,0,T1,11,11,13,18,Clear,1,2331,0.58659118676558,2634,200,75
2024-01-16 02:00:00,2,1,0,0,T2,9,18,13,14,Rainy,1,1529,0.3810475276501114,2349,200,40
2024-01-16 03:00:00,3,1,0,0,T3,7,11,9,17,Rainy,1,1270,0.5098830164729062,1474,200,80
2024-01-16 04:00:00,4,1,0,0,T1,5,17,9,14,Clear,1,769,0.5499182829335449,914,140,32
2024-01-16 05:00:00,5,1,0,0,T1,8,16,14,9,Foggy,1,1505,0.4553191111794156,1881,200,61
2024-01-16 06:00:00,6,1,0,1,T1,25,29,17,13,Clear,1,4995,0.3382744829223625,6372,200,21
2024-01-16 07:00:00,7,1,0,1,T1,23,24,22,11,Clear,1,4484,0.655232152903522,7250,200,27
2024-01-16 08:00:00,8,1,0,1,T3,28,21,15,16,Clear,1,8840,0.3976547283227625,9851,200,36
2024-01-16 09:00:00,9,1,0,1,T1,15,27,18,13,Clear,1,3271,0.5272911262666645,5349,200,35
2024-01-16 10:00:00,10,1,0,0,T1,7,16,10,9,Clear,1,1014,0.4918800650134183,1677,200,64
2024-01-16 11:00:00,11,1,0,0,T3,6,12,10,12,Rainy,1,1005,0.6704325387147675,1605,200,84
2024-01-16 12:00:00,12,1,0,0,T2,8,16,13,18,Clear,1,1243,0.5267058255409502,1491,197,41
2024-01-16 13:00:00,13,1,0,0,T1,5,19,14,12,Clear,1,763,0.38762664652495155,924,97,17
2024-01-16 14:00:00,14,1,0,0,T2,13,14,13,8,Clear,1,2044,0.47108046832769535,2425,200,69
2024-01-16 15:00:00,15,1,0,0,T2,14,12,10,9,Clear,1,2069,0.445800385819517,2475,200,75
2024-01-16 16:00:00,16,1,0,0,T3,13,12,9,12,Clear,1,2083,0.3492938672039216,2696,200,71
2024-01-16 17:00:00,17,1,0,1,T2,16,22,16,8,Clear,1,3549,0.6096862232665434,4321,200,31
2024-01-16 18:00:00,18,1,0,1,T2,18,23,24,19,Clear,1,3990,0.678655490885981,6410,200,29
2024-01-16 19:00:00,19,1,0,1,T3,23,33,22,19,Clear,1,7390,0.4578156832969702,8439,200,22
2024-01-16 20:00:00,20,1,0,1,T1,20,23,15,18,Clear,1,3581,0.6127360764691951,5133,200,40
2024-01-16 21:00:00,21,1,0,0,T1,5,13,12,16,Clear,1,774,0.6743199326117165,1139,174,54
2024-01-16 22:00:00,22,1,0,0,T2,10,18,9,9,Foggy,1,2489,0.5046224786077248,2843,200,56
2024-01-16 23:00:00,23,1,0,0,T2,11,13,13,16,Clear,1,2097,0.5695791673314368,2487,200,46
2024-01-17 00:00:00,0,2,0,0,T1,12,17,14,10,Clear,1,1547,0.3169398989905657,2385,200,40
2024-01-17 01:00:00,1,2,0,0,T2,9,15,8,14,Clear,1,1329,0.6554433961741806,1913,200,47
2024-01-17 02:00:00,2,2,0,0,T2,13,10,10,15,Clear,1,1552,0.6450079224906765,2403,200,50
2024-01-17 03:00:00,3,2,0,0,T1,8,13,13,18,Rainy,1,1654,0.6962512433063426,2118,200,81
2024-01-17 04:00:00,4,2,0,0,T1,8,17,8,15,Clear,1,1164,0.6524756947577235,1848,183,61
2024-01-17 05:00:00,5,2,0,0,T1,8,19,10,12,Clear,1,1412,0.48873718993504545,1975,142,43
2024-01-17 06:00:00,6,2,0,1,T3,25,22,16,14,Clear,1,5141,0.6481316138216376,6867,200,22
2024-01-17 07:00:00,7,2,0,1,T3,19,22,17,11,Clear,1,4055,0.6013188482196328,4825,200,24
2024-01-17 08:00:00,8,2,0,1,T2,23,20,15,8,Clear,1,6323,0.3676150065450204,7265,200,31
2024-01-17 09:00:00,9,2,0,1,T3,23,33,22,15,Clear,1,6518,0.5422700888692688,8455,200,25
2024-01-17 10:00:00,10,2,0,0,T1,10,15,9,12,Clear,1,1389,0.5242034936311892,2119,200,38
2024-01-17 11:00:00,11,2,0,0,T3,7,11,11,14,Clear,1,837,0.6308746856981287,1259,200,46
2024-01-17 12:00:00,12,2,0,0,T2,14,19,12,16,Clear,1,2237,0.6432054630273307,3021,200,38
2024-01-17 13:00:00,13,2,0,0,T1,11,10,13,9,Clear,1,2229,0.5846051601247273,2492,200,75
2024-01-17 14:00:00,14,2,0,0,T2,12,17,8,12,Clear,1,1525,0.47209140136083283,2042,200,64
2024-01-17 15:00:00,15,2,0,0,T2,11,14,13,15,Rainy,1,2192,0.4547810816351039,2547,200,60
2024-01-17 16:00:00,16,2,0,0,T1,8,13,14,14,Foggy,1,1411,0.41087254586984845,1866,200,74
2024-01-17 17:00:00,17,2,0,1,T1,21,34,16,14,Rainy,1,5393,0.6566322231832438,6456,200,42
2024-01-17 18:00:00,18,2,0,1,T2,27,23,21,13,Clear,1,4345,0.6736945764288556,6834,200,26
2024-01-17 19:00:00,19,2,0,1,T1,15,32,24,12,Rainy,1,3915,0.4623518675348896,4946,200,35
2024-01-17 20:00:00,20,2,0,1,T3,24,27,18,15,Foggy,1,6816,0.585042429434837,7803,200,46
2024-01-17 21:00:00,21,2,0,0,T2,9,13,8,17,Foggy,1,1802,0.6867408928978522,2301,200,71
2024-01-17 22:00:00,22,2,0,0,T2,6,18,9,10,Clear,1,946,0.4583701628694516,1309,190,45
2024-01-17 23:00:00,23,2,0,0,T3,10,11,8,15,Clear,1,1754,0.6681201082290992,2054,200,97
2024-01-18 00:00:00,0,3,0,0,T2,14,10,12,14,Foggy,1,2183,0.6852741558119559,3525,200,114
2024-01-18 01:00:00,1,3,0,0,T1,13,13,8,16,Clear,1,1764,0.6973559514956272,2844,200,83
2024-01-18 02:00:00,2,3,0,0,T2,14,10,11,8,Rainy,1,2419,0.6924154506724847,2796,200,92
2024-01-18 03:00:00,3,3,0,0,T1,10,18,11,16,Clear,1,1169,0.4727411462952147,1933,200,56
2024-01-18 04:00:00,4,3,0,0,T1,11,17,9,13,Clear,1,1596,0.6916705988800234,1992,200,35
2024-01-18 05:00:00,5,3,0,0,T2,11,16,9,16,Clear,1,1935,0.3747203364180142,2687,200,40
2024-01-18 06:00:00,6,3,0,1,T2,28,34,19,16,Clear,1,7302,0.5867105819336904,8604,200,32
2024-01-18 07:00:00,7,3,0,1,T1,19,24,15,8,Rainy,1,5540,0.5117931529517575,6591,200,42
2024-01-18 08:00:00,8,3,0,1,T2,21,22,15,9,Rainy,1,5745,0.5227260471877572,6969,200,36
2024-01-18 09:00:00,9,3,0,1,T3,28,33,22,15,Rainy,1,7296,0.3863465590637954,9053,200,26
2024-01-18 10:00:00,10,3,0,0,T2,8,11,10,19,Clear,1,1362,0.6828339269776875,1786,181,75
2024-01-18 11:00:00,11,3,0,0,T3,8,15,11,16,Clear,1,1250,0.6577342435034118,1924,200,58
2024-01-18 12:00:00,12,3,0,0,T1,12,18,14,17,Foggy,1,3065,0.616355577274381,3511,200,74
2024-01-18 13:00:00,13,3,0,0,T2,14,15,11,17,Clear,1,1852,0.3846328538281965,2369,200,44
2024-01-18 14:00:00,14,3,0,0,T2,13,15,9,15,Rainy,1,2692,0.456015311061722,3728,200,71
2024-01-18 15:00:00,15,3,0,0,T3,9,10,14,16,Clear,1,1450,0.6147168403450612,1890,200,49
2024-01-18 16:00:00,16,3,0,0,T3,12,18,14,16,Clear,1,1277,0.6617241487949094,2065,175,49
2024-01-18 17:00:00,17,3,0,1,T3,19,31,16,10,Foggy,1,5912,0.3606731393466708,8926,200,35
2024-01-18 18:00:00,18,3,0,1,T2,21,25,22,13,Clear,1,5884,0.39696883800242955,7122,200,29
2024-01-18 19:00:00,19,3,0,1,T1,21,32,15,10,Foggy,1,7019,0.38113631763227207,8362,200,43
2024-01-18 20:00:00,20,3,0,1,T1,16,24,21,16,Clear,1,3800,0.37834887403165496,4401,200,32
2024-01-18 21:00:00,21,3,0,0,T1,5,17,10,16,Clear,1,944,0.6934767433668706,1101,101,31
2024-01-18 22:00:00,22,3,0,0,T2,6,17,11,8,Clear,1,899,0.5278642795887698,1306,90,21
2024-01-18 23:00:00,23,3,0,0,T2,14,12,9,10,Clear,1,2640,0.5210538327316775,3283,200,75
2024-01-19 00:00:00,0,4,0,0,T2,12,18,9,13,Clear,1,2487,0.6222012445039453,2917,200,62
2024-01-19 01:00:00,1,4,0,0,T2,9,13,12,18,Clear,1,1416,0.37774762930645467,1898,200,43
2024-01-19 02:00:00,2,4,0,0,T3,8,15,10,17,Clear,1,1539,0.5560525661563689,1972,185,56
2024-01-19 03:00:00,3,4,0,0,T1,13,12,8,12,Rainy,1,2944,0.5869233649334034,3779,200,67
2024-01-19 04:00:00,4,4,0,0,T2,8,13,14,9,Clear,1,1476,0.4208742039997667,1646,174,46
2024-01-19 05:00:00,5,4,0,0,T1,14,14,10,18,Clear,1,2135,0.5728917070306336,3269,200,74
2024-01-19 06:00:00,6,4,0,1,T2,20,29,22,9,Rainy,1,4803,0.5356240614101164,7833,200,26
2024-01-19 07:00:00,7,4,0,1,T2,19,23,23,12,Rainy,1,6487,0.5742907804302728,7377,200,29
2024-01-19 08:00:00,8,4,0,1,T2,17,28,23,18,Clear,1,3738,0.40283272874054726,5274,200,34
2024-01-19 09:00:00,9,4,0,1,T3,29,21,24,11,Rainy,1,7749,0.3345064564252386,11628,200,37
2024-01-19 10:00:00,10,4,0,0,T2,13,17,10,10,Foggy,1,3036,0.32560003310095476,3966,200,44
2024-01-19 11:00:00,11,4,0,0,T1,11,14,12,11,Clear,1,1595,0.3931455959163364,2530,200,51
2024-01-19 12:00:00,12,4,0,0,T2,6,11,9,14,Clear,1,1057,0.3628729886433494,1254,165,49
2024-01-19 13:00:00,13,4,0,0,T1,6,12,8,12,Clear,1,1059,0.6841749215754227,1310,200,46
2024-01-19 14:00:00,14,4,0,0,T1,10,17,11,12,Clear,1,1659,0.3334653640204732,2148,200,58
2024-01-19 15:00:00,15,4,0,0,T1,10,17,11,12,Clear,1,1479,0.526212750769623,1760,200,32
2024-01-19 16:00:00,16,4,0,0,T3,11,12,11,12,Clear,1,1796,0.4976109971467475,2342,200,45
2024-01-19 17:00:00,17,4,0,1,T2,23,27,18,9,Clear,1,7319,0.535244628182241,8173,200,21
2024-01-19 18:00:00,18,4,0,1,T1,18,23,20,19,Rainy,1,5860,0.6630523813338828,7943,200,29
2024-01-19 19:00:00,19,4,0,1,T1,24,27,23,11,Clear,1,6186,0.43970596233905557,7673,200,21
2024-01-19 20:00:00,20,4,0,1,T2,27,24,21,10,Clear,1,6451,0.4059723544889624,9631,200,36
2024-01-19 21:00:00,21,4,0,0,T1,14,10,9,14,Clear,1,2225,0.4632772327269672,2615,200,59
2024-01-19 22:00:00,22,4,0,0,T1,11,17,12,11,Rainy,1,2267,0.3156529017935437,3191,200,44
2024-01-19 23:00:00,23,4,0,0,T1,14,19,10,8,Clear,1,1776,0.40951919656076485,2431,200,57
2024-01-20 00:00:00,0,5,1,0,T2,14,15,9,13,Clear,1,2236,0.376071254209597,3073,200,76
2024-01-20 01:00:00,1,5,1,0,T1,9,16,8,19,Clear,1,1856,0.6678101118076579,2576,200,43
2024-01-20 02:00:00,2,5,1,0,T1,9,13,13,13,Clear,1,1823,0.5862976156001869,2737,200,61
2024-01-20 03:00:00,3,5,1,0,T2,7,18,14,12,Foggy,1,2129,0.6619907527126725,2586,200,67
2024-01-20 04:00:00,4,5,1,0,T1,11,13,14,9,Clear,1,2497,0.45657440808914224,3565,200,55
2024-01-20 05:00:00,5,5,1,0,T3,5,18,12,16,Rainy,1,1431,0.623607416906679,1955,200,41
2024-01-20 06:00:00,6,5,1,1,T2,20,26,20,18,Clear,1,6679,0.6239505660154276,9348,200,30
2024-01-20 07:00:00,7,5,1,1,T2,26,26,16,10,Rainy,1,6766,0.526780190255524,10483,200,47
2024-01-20 08:00:00,8,5,1,1,T3,28,29,20,16,Clear,1,8980,0.35111318182953727,12670,200,37
2024-01-20 09:00:00,9,5,1,1,T1,24,21,23,16,Clear,1,7214,0.5482843454943795,11534,200,30
2024-01-20 10:00:00,10,5,1,0,T3,9,17,13,16,Rainy,1,1821,0.6484057149574997,2361,200,79
2024-01-20 11:00:00,11,5,1,0,T2,14,17,13,18,Clear,1,3233,0.52751427306167,4155,200,47
2024-01-20 12:00:00,12,5,1,0,T1,11,10,8,12,Clear,1,1978,0.632046764523249,2952,200,68
2024-01-20 13:00:00,13,5,1,0,T2,10,12,11,15,Rainy,1,2621,0.4162316915618649,3295,200,61
2024-01-20 14:00:00,14,5,1,0,T3,14,19,14,14,Clear,1,3291,0.3626325504715855,3699,200,42
2024-01-20 15:00:00,15,5,1,0,T1,9,11,11,11,Clear,1,1819,0.43072805288008364,2291,200,69
2024-01-20 16:00:00,16,5,1,0,T1,14,19,10,16,Clear,1,2942,0.532744140273865,3474,200,39
2024-01-20 17:00:00,17,5,1,1,T2,18,31,24,8,Clear,1,6751,0.42489273584829407,8385,200,18
2024-01-20 18:00:00,18,5,1,1,T3,29,28,24,18,Clear,1,9311,0.40747001834595986,10812,200,24
2024-01-20 19:00:00,19,5,1,1,T1,18,28,24,15,Foggy,1,6507,0.4712191167768298,8685,200,26
2024-01-20 20:00:00,20,5,1,1,T1,29,26,18,11,Clear,1,12461,0.39692809254829,14066,200,19
2024-01-20 21:00:00,21,5,1,0,T2,7,11,11,9,Foggy,1,2071,0.5555822654137437,2551,200,71
2024-01-20 22:00:00,22,5,1,0,T3,7,19,9,16,Clear,1,1100,0.46470582009055095,1569,163,44
2024-01-20 23:00:00,23,5,1,0,T1,9,11,8,11,Foggy,1,2730,0.3748433691669012,3501,200,120
2024-01-21 00:00:00,0,6,1,0,T3,9,12,12,17,Rainy,1,2425,0.5206837136596294,2803,200,87
2024-01-21 01:00:00,1,6,1,0,T2,7,14,14,12,Clear,1,1616,0.6081728781604936,1970,200,66
2024-01-21 02:00:00,2,6,1,0,T1,5,13,9,8,Foggy,1,1342,0.41741118166717983,1727,200,81
2024-01-21 03:00:00,3,6,1,0,T1,11,19,12,16,Clear,1,2499,0.5916150495280754,3429,200,44
2024-01-21 04:00:00,4,6,1,0,T1,7,13,9,8,Clear,1,1060,0.41775595437569485,1747,200,64
2024-01-21 05:00:00,5,6,1,0,T2,8,14,8,13,Clear,1,2013,0.4624495230524975,2561,200,41
2024-01-21 06:00:00,6,6,1,1,T1,16,20,21,9,Rainy,1,4745,0.6664194704830574,6845,200,43
2024-01-21 07:00:00,7,6,1,1,T2,24,21,20,13,Clear,1,7114,0.4017438155225527,8934,200,33
2024-01-21 08:00:00,8,6,1,1,T2,18,20,19,11,Rainy,1,7517,0.32929260171089353,8497,200,43
2024-01-21 09:00:00,9,6,1,1,T2,28,24,22,17,Rainy,1,8952,0.6379797894264411,13966,200,36
2024-01-21 10:00:00,10,6,1,0,T2,9,15,11,12,Foggy,1,2394,0.4458280628897007,3156,200,66
2024-01-21 11:00:00,11,6,1,0,T1,5,15,8,17,Rainy,1,1473,0.4379931382783513,1800,200,77
2024-01-21 12:00:00,12,6,1,0,T2,10,18,8,11,Rainy,1,2645,0.6223717464637861,3247,200,56
2024-01-21 13:00:00,13,6,1,0,T1,12,19,9,13,Rainy,1,3437,0.3372755143889251,4255,200,43
2024-01-21 14:00:00,14,6,1,0,T3,10,13,11,10,Clear,1,2481,0.3897922004930913,3067,200,41
2024-01-21 15:00:00,15,6,1,0,T1,9,17,11,10,Rainy,1,1971,0.6373210700815963,3259,200,47
2024-01-21 16:00:00,16,6,1,0,T2,7,19,13,17,Clear,1,1492,0.5322583201439801,2153,151,35
2024-01-21 17:00:00,17,6,1,1,T3,26,22,19,16,Clear,1,6573,0.6622166644603451,10622,200,34
2024-01-21 18:00:00,18,6,1,1,T2,25,21,15,19,Clear,1,8041,0.3963808170547771,10383,200,34
2024-01-21 19:00:00,19,6,1,1,T2,27,26,22,12,Clear,1,8908,0.6684588550367332,10095,200,33
2024-01-21 20:00:00,20,6,1,1,T3,18,24,23,15,Rainy,1,7284,0.3968722872691012,10017,200,32
2024-01-21 21:00:00,21,6,1,0,T1,8,19,8,14,Clear,1,1545,0.4344438584882415,1748,144,46
2024-01-21 22:00:00,22,6,1,0,T2,13,15,9,10,Rainy,1,2332,0.4209476135103753,3608,200,47
2024-01-21 23:00:00,23,6,1,0,T2,11,18,13,18,Clear,1,2493,0.47448291859294783,3370,200,29
2024-01-22 00:00:00,0,0,0,0,T3,5,14,10,19,Rainy,1,1193,0.46119990362144087,1434,146,45
2024-01-22 01:00:00,1,0,0,0,T2,10,12,10,17,Clear,1,1705,0.39285144084124235,2251,200,55
2024-01-22 02:00:00,2,0,0,0,T1,10,19,11,19,Clear,1,1332,0.4967175920250627,1726,200,44
2024-01-22 03:00:00,3,0,0,0,T2,8,13,10,19,Clear,1,1523,0.3304404223333449,1797,200,61
2024-01-22 04:00:00,4,0,0,0,T1,13,16,11,12,Clear,1,2570,0.5278520417079988,2913,200,43
2024-01-22 05:00:00,5,0,0,0,T2,9,11,9,14,Clear,1,1183,0.6603347921129293,1501,176,51
2024-01-22 06:00:00,6,0,0,1,T2,20,31,15,9,Foggy,1,7860,0.5505204379095463,8941,200,34
2024-01-22 07:00:00,7,0,0,1,T1,16,23,15,18,Rainy,1,4414,0.43644892508572575,6584,200,39
2024-01-22 08:00:00,8,0,0,1,T1,20,28,22,9,Rainy,1,5616,0.4495360343861807,6875,200,36
2024-01-22 09:00:00,9,0,0,1,T2,22,33,16,11,Clear,1,6871,0.442630199713149,8048,200,27
2024-01-22 10:00:00,10,0,0,0,T1,14,14,13,13,Clear,1,2122,0.37336378544694027,3173,200,68
2024-01-22 11:00:00,11,0,0,0,T3,14,11,9,9,Foggy,1,2685,0.49574125016303405,3261,200,89
2024-01-22 12:00:00,12,0,0,0,T1,12,14,9,10,Clear,1,1652,0.6423903441580574,2148,200,65
2024-01-22 13:00:00,13,0,0,0,T3,7,18,9,19,Clear,1,975,0.4741590520846398,1362,165,39
2024-01-22 14:00:00,14,0,0,0,T1,6,15,14,16,Clear,1,1053,0.41490633239669916,1539,114,28
2024-01-22 15:00:00,15,0,0,0,T1,6,18,13,9,Clear,1,702,0.36962044454601384,1000,121,31
2024-01-22 16:00:00,16,0,0,0,T2,10,13,12,17,Foggy,1,1708,0.5109764182231114,2581,200,58
2024-01-22 17:00:00,17,0,0,1,T1,28,21,22,19,Clear,1,5558,0.5293507152006234,9132,200,34
2024-01-22 18:00:00,18,0,0,1,T3,18,28,23,10,Clear,1,4251,0.45038444086454155,6088,200,33
2024-01-22 19:00:00,19,0,0,1,T3,15,29,22,8,Rainy,1,3495,0.4546658227208015,5545,200,28
2024-01-22 20:00:00,20,0,0,1,T3,28,21,16,15,Rainy,1,9325,0.6241330030303343,10587,200,49
2024-01-22 21:00:00,21,0,0,0,T1,5,16,14,18,Rainy,1,927,0.3920363168160158,1372,171,52
2024-01-22 22:00:00,22,0,0,0,T2,14,15,8,11,Clear,1,2135,0.6912612488336156,3118,200,50
2024-01-22 23:00:00,23,0,0,0,T1,7,14,14,19,Clear,1,1399,0.6063302187849774,1616,116,22
2024-01-23 00:00:00,0,1,0,0,T1,7,19,14,14,Clear,1,1170,0.4136651222819496,1802,200,34
2024-01-23 01:00:00,1,1,0,0,T2,11,11,11,16,Clear,1,1445,0.4916677389581767,2037,200,47
2024-01-23 02:00:00,2,1,0,0,T1,7,16,14,16,Foggy,1,1507,0.5482832905340236,2026,200,67
2024-01-23 03:00:00,3,1,0,0,T1,9,13,14,14,Clear,1,1288,0.6881669917547455,1658,155,49
2024-01-23 04:00:00,4,1,0,0,T1,10,11,12,18,Clear,1,1503,0.5500090190607854,2265,200,80
2024-01-23 05:00:00,5,1,0,0,T3,6,19,13,14,Clear,1,910,0.38507125120387975,1299,103,33
2024-01-23 06:00:00,6,1,0,1,T2,25,21,20,8,Clear,1,7640,0.5437189757165657,9106,200,47
2024-01-23 07:00:00,7,1,0,1,T1,28,29,20,11,Rainy,1,8509,0.3435183385523819,12160,200,30
2024-01-23 08:00:00,8,1,0,1,T2,19,23,19,12,Clear,1,5245,0.5564169273071577,6070,200,46
2024-01-23 09:00:00,9,1,0,1,T1,20,30,19,13,Clear,1,5018,0.3365310577461329,6502,200,24
2024-01-23 10:00:00,10,1,0,0,T1,13,13,8,9,Clear,1,1938,0.30422674882952533,2209,200,70
2024-01-23 11:00:00,11,1,0,0,T2,13,15,11,9,Clear,1,1887,0.5159098080971527,2230,200,52
2024-01-23 12:00:00,12,1,0,0,T1,5,18,9,17,Foggy,1,990,0.6445791685617392,1435,176,60
2024-01-23 13:00:00,13,1,0,0,T3,6,18,12,10,Clear,1,640,0.6012230439659638,1028,127,30
2024-01-23 14:00:00,14,1,0,0,T2,7,13,9,17,Rainy,1,1449,0.4102541480064778,1900,200,72
2024-01-23 15:00:00,15,1,0,0,T1,10,13,8,11,Clear,1,1776,0.3891909899150725,2138,200,76
2024-01-23 16:00:00,16,1,0,0,T2,13,14,8,11,Clear,1,2546,0.5679563471433626,2979,200,88
2024-01-23 17:00:00,17,1,0,1,T2,15,24,20,13,Foggy,1,4261,0.3407349366399197,6377,200,36
2024-01-23 18:00:00,18,1,0,1,T2,28,26,15,17,Clear,1,5992,0.5183225942475667,7200,200,21
2024-01-23 19:00:00,19,1,0,1,T2,25,26,21,13,Clear,1,6280,0.3788140345871853,8443,200,31
2024-01-23 20:00:00,20,1,0,1,T2,21,25,20,19,Clear,1,4579,0.3412799247623344,6347,200,25
2024-01-23 21:00:00,21,1,0,0,T2,6,18,14,9,Clear,1,1029,0.4872408177798421,1365,116,26
2024-01-23 22:00:00,22,1,0,0,T2,14,10,12,8,Clear,1,1462,0.5149241036014441,2400,200,81
2024-01-23 23:00:00,23,1,0,0,T3,6,17,13,12,Clear,1,1062,0.591483699390141,1356,158,40
2024-01-24 00:00:00,0,2,0,0,T3,7,12,12,14,Clear,1,1366,0.401806646614588,1662,186,43
2024-01-24 01:00:00,1,2,0,0,T2,7,18,9,14,Clear,1,886,0.6877600450264747,1460,158,42
2024-01-24 02:00:00,2,2,0,0,T3,6,10,14,11,Clear,1,1186,0.5346234242989416,1391,192,45
2024-01-24 03:00:00,3,2,0,0,T1,11,18,9,16,Clear,1,1664,0.392871420073442,2115,200,54
2024-01-24 04:00:00,4,2,0,0,T2,12,11,13,17,Clear,1,1775,0.4908710436444811,2499,200,43
2024-01-24 05:00:00,5,2,0,0,T2,14,19,12,18,Clear,1,2747,0.5023705017968682,3298,200,43
2024-01-24 06:00:00,6,2,0,1,T2,28,26,23,9,Clear,1,8530,0.5199684282078652,10140,200,32
2024-01-24 07:00:00,7,2,0,1,T1,22,30,16,15,Rainy,1,7096,0.5773703208398384,8657,200,22
2024-01-24 08:00:00,8,2,0,1,T3,15,21,19,16,Clear,1,3439,0.45727081263504016,5055,200,39
2024-01-24 09:00:00,9,2,0,1,T1,25,20,19,13,Rainy,1,5975,0.634237612094485,9419,200,51
2024-01-24 10:00:00,10,2,0,0,T2,5,14,13,13,Clear,1,689,0.4332298718500789,845,111,23
2024-01-24 11:00:00,11,2,0,0,T2,6,14,11,19,Clear,1,995,0.6906642548840568,1279,111,25
2024-01-24 12:00:00,12,2,0,0,T2,6,12,9,16,Clear,1,779,0.6679605465747684,1251,143,42
2024-01-24 13:00:00,13,2,0,0,T2,11,17,12,19,Foggy,1,1666,0.3105354806994208,2587,200,44
2024-01-24 14:00:00,14,2,0,0,T3,6,12,14,14,Foggy,1,1274,0.6585941090569986,1577,200,73
2024-01-24 15:00:00,15,2,0,0,T1,12,11,11,14,Clear,1,1724,0.5110103694698394,2479,200,46
2024-01-24 16:00:00,16,2,0,0,T3,9,19,11,10,Clear,1,1378,0.49000670279736747,1976,200,48
2024-01-24 17:00:00,17,2,0,1,T1,23,22,22,19,Clear,1,6757,0.3594737569426787,8343,200,39
2024-01-24 18:00:00,18,2,0,1,T3,17,21,18,13,Rainy,1,4214,0.5076996950339545,5331,200,31
2024-01-24 19:00:00,19,2,0,1,T3,15,21,24,17,Rainy,1,3142,0.34086529356248874,5014,200,47
2024-01-24 20:00:00,20,2,0,1,T3,27,24,19,11,Clear,1,7244,0.6353930762263296,10020,200,39
2024-01-24 21:00:00,21,2,0,0,T1,14,10,10,9,Foggy,1,3575,0.46272853283707516,4509,200,108
2024-01-24 22:00:00,22,2,0,0,T2,5,12,8,16,Clear,1,730,0.43414971395180996,1104,115,38
2024-01-24 23:00:00,23,2,0,0,T1,6,15,9,17,Clear,1,1139,0.643823813061386,1405,122,40
2024-01-25 00:00:00,0,3,0,0,T3,7,13,11,15,Clear,1,1281,0.6150404585846577,1737,200,78
2024-01-25 01:00:00,1,3,0,0,T1,14,11,8,15,Clear,1,2176,0.6726400505376179,3353,200,98
2024-01-25 02:00:00,2,3,0,0,T3,5,18,11,17,Clear,1,896,0.3496640746191243,1124,89,24
2024-01-25 03:00:00,3,3,0,0,T2,14,18,11,16,Clear,1,2452,0.447565749341448,2966,200,44
2024-01-25 04:00:00,4,3,0,0,T2,7,15,13,18,Foggy,1,1282,0.5222539028819879,1616,200,82
2024-01-25 05:00:00,5,3,0,0,T2,9,15,12,16,Clear,1,1350,0.43798483390369286,1784,199,45
2024-01-25 06:00:00,6,3,0,1,T1,16,21,15,10,Rainy,1,3057,0.46022183919273285,4916,200,40
2024-01-25 07:00:00,7,3,0,1,T1,24,22,17,15,Clear,1,5577,0.6048146205231304,8640,200,50
2024-01-25 08:00:00,8,3,0,1,T2,24,32,15,12,Clear,1,6541,0.5822583745452052,7863,200,31
2024-01-25 09:00:00,9,3,0,1,T1,16,34,18,11,Clear,1,4934,0.44393281283702346,5660,200,25
2024-01-25 10:00:00,10,3,0,0,T1,14,16,13,18,Clear,1,1873,0.5329586416944858,2901,200,46
2024-01-25 11:00:00,11,3,0,0,T2,10,11,14,14,Rainy,1,2031,0.3971638687286599,2911,200,62
2024-01-25 12:00:00,12,3,0,0,T2,13,19,9,14,Clear,1,1627,0.6022308781135493,2614,200,37
2024-01-25 13:00:00,13,3,0,0,T2,11,15,13,11,Rainy,1,2489,0.6782624661528336,2858,200,46
2024-01-25 14:00:00,14,3,0,0,T2,5,17,11,19,Rainy,1,676,0.3653289638857234,1064,110,31
2024-01-25 15:00:00,15,3,0,0,T2,7,13,9,19,Rainy,1,1437,0.3923959492799809,1832,200,74
2024-01-25 16:00:00,16,3,0,0,T2,12,15,8,10,Clear,1,1755,0.5526147638970642,2771,200,38
2024-01-25 17:00:00,17,3,0,1,T1,27,33,21,13,Clear,1,6411,0.6089630888492967,9218,200,26
2024-01-25 18:00:00,18,3,0,1,T3,24,21,20,9,Foggy,1,7584,0.3492351413613082,9698,200,39
2024-01-25 19:00:00,19,3,0,1,T2,26,33,18,16,Clear,1,7506,0.3871050474196071,9219,200,25
2024-01-25 20:00:00,20,3,0,1,T1,16,31,19,15,Rainy,1,4212,0.5291973113012889,5873,200,28
2024-01-25 21:00:00,21,3,0,0,T3,7,17,10,19,Clear,1,1241,0.6691299858393486,1473,198,52
2024-01-25 22:00:00,22,3,0,0,T1,12,18,13,13,Clear,1,2122,0.3179265242683229,2940,200,55
2024-01-25 23:00:00,23,3,0,0,T3,13,19,13,19,Rainy,1,2256,0.6230046385220596,3283,200,45
2024-01-26 00:00:00,0,4,0,0,T2,5,19,11,13,Foggy,1,1146,0.6695337745693456,1485,200,53
2024-01-26 01:00:00,1,4,0,0,T1,14,13,14,17,Clear,1,2728,0.3481521858660499,3077,200,66
2024-01-26 02:00:00,2,4,0,0,T1,10,16,12,11,Foggy,1,1812,0.44707580901454125,2272,200,57
2024-01-26 03:00:00,3,4,0,0,T3,11,11,14,8,Rainy,1,2581,0.5625881575547771,3088,200,91
2024-01-26 04:00:00,4,4,0,0,T2,12,14,10,8,Clear,1,1727,0.6043853271043235,2544,200,51
2024-01-26 05:00:00,5,4,0,0,T2,6,13,11,16,Rainy,1,1017,0.38728523085656175,1493,200,48
2024-01-26 06:00:00,6,4,0,1,T1,18,23,20,14,Rainy,1,4934,0.37943319129043335,6478,200,45
2024-01-26 07:00:00,7,4,0,1,T2,15,22,23,15,Rainy,1,4145,0.48149670363772057,5574,200,48
2024-01-26 08:00:00,8,4,0,1,T3,26,20,17,18,Clear,1,7596,0.6286159443702608,9406,200,45
2024-01-26 09:00:00,9,4,0,1,T2,19,34,17,16,Foggy,1,5471,0.5517857640706365,7311,200,31
2024-01-26 10:00:00,10,4,0,0,T2,9,13,13,8,Clear,1,2044,0.5697166022268949,2288,200,39
2024-01-26 11:00:00,11,4,0,0,T3,9,19,13,13,Clear,1,1183,0.4931339605606773,1938,198,42
2024-01-26 12:00:00,12,4,0,0,T3,12,19,8,15,Rainy,1,2442,0.35250488443714834,3006,200,43
2024-01-26 13:00:00,13,4,0,0,T2,10,12,12,15,Clear,1,1649,0.6604834943366449,2075,183,65
2024-01-26 14:00:00,14,4,0,0,T3,8,13,10,16,Clear,1,1474,0.6647098188096571,1833,175,60
2024-01-26 15:00:00,15,4,0,0,T3,7,17,10,8,Clear,1,913,0.5188156574482623,1294,106,22
2024-01-26 16:00:00,16,4,0,0,T2,9,14,12,15,Clear,1,969,0.4253311328605262,1531,130,29
2024-01-26 17:00:00,17,4,0,1,T2,24,20,16,10,Rainy,1,8897,0.3314073558804809,10500,200,63
2024-01-26 18:00:00,18,4,0,1,T2,19,28,16,14,Clear,1,3771,0.5995093287287231,5311,200,30
2024-01-26 19:00:00,19,4,0,1,T3,26,27,22,13,Clear,1,5729,0.5841014335362864,7519,200,36
2024-01-26 20:00:00,20,4,0,1,T1,28,22,22,12,Clear,1,6095,0.5926959894342421,7608,200,26
2024-01-26 21:00:00,21,4,0,0,T3,9,11,11,8,Foggy,1,2101,0.5759528043340041,2880,200,63
2024-01-26 22:00:00,22,4,0,0,T2,10,19,11,16,Clear,1,1441,0.32627617173625867,2274,166,24
2024-01-26 23:00:00,23,4,0,0,T3,11,14,14,19,Clear,1,1662,0.5682751058654645,2010,186,64
2024-01-27 00:00:00,0,5,1,0,T2,8,13,10,17,Clear,1,1573,0.5673157544550796,2082,200,46
2024-01-27 01:00:00,1,5,1,0,T3,12,18,10,16,Clear,1,1647,0.4599465852146376,2623,200,42
2024-01-27 02:00:00,2,5,1,0,T1,6,16,8,14,Clear,1,1205,0.6705968865469194,1447,121,39
2024-01-27 03:00:00,3,5,1,0,T3,6,12,14,19,Clear,1,1219,0.3395563359929268,1436,130,35
2024-01-27 04:00:00,4,5,1,0,T1,13,14,9,14,Foggy,1,2912,0.5049754697952066,4469,200,83
2024-01-27 05:00:00,5,5,1,0,T3,7,12,8,10,Clear,1,1198,0.3187108600760453,1566,200,85
2024-01-27 06:00:00,6,5,1,1,T3,20,30,18,8,Clear,1,5899,0.5126649891457917,6993,200,23
2024-01-27 07:00:00,7,5,1,1,T1,24,32,23,9,Clear,1,8015,0.38537973289784366,10826,200,28
2024-01-27 08:00:00,8,5,1,1,T3,22,20,18,16,Rainy,1,8674,0.39225938967411567,10014,200,40
2024-01-27 09:00:00,9,5,1,1,T1,18,28,23,12,Clear,1,6059,0.6244677388969857,7475,200,32
2024-01-27 10:00:00,10,5,1,0,T1,13,17,8,16,Rainy,1,3550,0.6789379611727511,4473,200,64
2024-01-27 11:00:00,11,5,1,0,T1,13,10,12,15,Clear,1,2316,0.43358140931575595,3328,200,88
2024-01-27 12:00:00,12,5,1,0,T3,12,10,11,17,Clear,1,2765,0.60481538535563,3876,200,79
2024-01-27 13:00:00,13,5,1,0,T2,7,14,14,18,Clear,1,1531,0.4236537169014616,2260,200,37
2024-01-27 14:00:00,14,5,1,0,T2,6,17,13,19,Clear,1,1511,0.4958365428222401,1925,135,39
2024-01-27 15:00:00,15,5,1,0,T3,13,13,11,8,Foggy,1,3336,0.3881284114849713,4140,200,85
2024-01-27 16:00:00,16,5,1,0,T1,9,19,11,19,Rainy,1,1707,0.48589612380489894,2730,200,55
2024-01-27 17:00:00,17,5,1,1,T3,20,27,21,16,Foggy,1,6253,0.47998383054744376,9509,200,35
2024-01-27 18:00:00,18,5,1,1,T1,26,23,19,14,Clear,1,10268,0.5468216984416839,12199,200,30
2024-01-27 19:00:00,19,5,1,1,T1,19,30,19,9,Foggy,1,5971,0.6893875585978957,9245,200,48
2024-01-27 20:00:00,20,5,1,1,T1,25,33,18,8,Clear,1,7295,0.5103828397072162,11037,200,16
2024-01-27 21:00:00,21,5,1,0,T1,12,11,11,15,Clear,1,2110,0.692621775089215,2925,200,56
2024-01-27 22:00:00,22,5,1,0,T1,13,13,12,12,Clear,1,2931,0.4842968869044686,4190,200,47
2024-01-27 23:00:00,23,5,1,0,T3,13,12,14,12,Clear,1,2685,0.36414364224156004,3565,200,65
2024-01-28 00:00:00,0,6,1,0,T3,12,17,13,9,Rainy,1,4094,0.32006753739947547,4780,200,57
2024-01-28 01:00:00,1,6,1,0,T3,13,19,10,13,Clear,1,3486,0.5575388811246187,4180,200,64
2024-01-28 02:00:00,2,6,1,0,T1,9,13,8,18,Rainy,1,1723,0.41115775913629987,2829,200,104
2024-01-28 03:00:00,3,6,1,0,T2,7,18,12,16,Clear,1,1539,0.4523548593178784,2263,193,45
2024-01-28 04:00:00,4,6,1,0,T1,9,12,11,14,Clear,1,1769,0.5813852657159997,2282,200,53
2024-01-28 05:00:00,5,6,1,0,T1,9,17,8,14,Clear,1,2217,0.49780618278332733,2836,200,70
2024-01-28 06:00:00,6,6,1,1,T3,24,25,16,11,Clear,1,6646,0.5967467440346369,9617,200,26
2024-01-28 07:00:00,7,6,1,1,T2,24,22,17,11,Clear,1,7948,0.6325505134857482,11125,200,38
2024-01-28 08:00:00,8,6,1,1,T2,27,27,17,9,Clear,1,10087,0.6036649924653525,11843,200,39
2024-01-28 09:00:00,9,6,1,1,T2,21,22,24,11,Clear,1,5868,0.644287882293427,7044,200,20
2024-01-28 10:00:00,10,6,1,0,T3,5,15,10,14,Foggy,1,1206,0.4870929084457881,1878,200,81
2024-01-28 11:00:00,11,6,1,0,T1,12,12,14,10,Clear,1,2215,0.5973261974621085,3268,200,51
2024-01-28 12:00:00,12,6,1,0,T1,10,14,8,17,Clear,1,2729,0.3808282003864637,3050,200,79
2024-01-28 13:00:00,13,6,1,0,T1,14,14,14,15,Rainy,1,4690,0.5464807434229185,5463,200,74
2024-01-28 14:00:00,14,6,1,0,T3,8,15,13,14,Rainy,1,1905,0.5726793979662859,2594,200,57
2024-01-28 15:00:00,15,6,1,0,T2,14,17,11,8,Foggy,1,3316,0.6627641727318344,5198,200,81
2024-01-28 16:00:00,16,6,1,0,T2,5,11,13,10,Rainy,1,1444,0.5286949244641288,1751,200,98
2024-01-28 17:00:00,17,6,1,1,T1,27,30,22,18,Rainy,1,12267,0.6545045538119252,14906,200,24
2024-01-28 18:00:00,18,6,1,1,T2,22,20,17,9,Clear,1,8138,0.6496438510872602,9387,200,34
2024-01-28 19:00:00,19,6,1,1,T3,22,22,24,18,Clear,1,5922,0.32841106320051244,8765,200,46
2024-01-28 20:00:00,20,6,1,1,T2,23,23,20,19,Foggy,1,7457,0.40580648743411674,10486,200,33
2024-01-28 21:00:00,21,6,1,0,T1,13,13,11,10,Rainy,1,2629,0.39800346476297443,4074,200,46
2024-01-28 22:00:00,22,6,1,0,T3,11,18,8,9,Rainy,1,2279,0.5870513587477659,3736,200,56
2024-01-28 23:00:00,23,6,1,0,T1,11,13,12,19,Clear,1,2175,0.3715333444996888,3584,200,58
2024-01-29 00:00:00,0,0,0,0,T2,11,11,14,8,Rainy,1,2113,0.662162585943371,2715,200,79
2024-01-29 01:00:00,1,0,0,0,T1,11,19,13,9,Clear,1,1488,0.5352414527554121,1974,153,42
2024-01-29 02:00:00,2,0,0,0,T1,6,12,11,14,Rainy,1,1139,0.47231203754272655,1691,200,59
2024-01-29 03:00:00,3,0,0,0,T2,5,15,10,13,Clear,1,751,0.32720011345903094,1019,110,45
2024-01-29 04:00:00,4,0,0,0,T2,10,16,10,17,Rainy,1,1800,0.6597999534635404,2166,200,61
2024-01-29 05:00:00,5,0,0,0,T3,7,13,10,9,Foggy,1,1039,0.5559146515066318,1576,200,105
2024-01-29 06:00:00,6,0,0,1,T2,28,26,16,17,Clear,1,6652,0.43729987632223694,7696,200,23
2024-01-29 07:00:00,7,0,0,1,T3,22,34,19,15,Clear,1,4207,0.39748745823255205,6176,200,29
2024-01-29 08:00:00,8,0,0,1,T1,22,22,18,13,Clear,1,5094,0.47197589911404747,7935,200,43
2024-01-29 09:00:00,9,0,0,1,T1,15,27,16,12,Clear,1,4544,0.454623149492597,5405,200,27
2024-01-29 10:00:00,10,0,0,0,T1,7,10,10,10,Clear,1,1292,0.4124606013658583,1629,168,80
2024-01-29 11:00:00,11,0,0,0,T3,12,11,10,15,Clear,1,1453,0.6945078989182261,2208,200,52
2024-01-29 12:00:00,12,0,0,0,T1,8,13,12,10,Clear,1,1468,0.44530057884858515,1785,200,63
2024-01-29 13:00:00,13,0,0,0,T1,12,19,12,12,Foggy,1,2634,0.6807070473359768,2954,200,77
2024-01-29 14:00:00,14,0,0,0,T1,9,11,13,9,Clear,1,1424,0.31202889099277836,1895,197,45
2024-01-29 15:00:00,15,0,0,0,T3,5,11,11,13,Clear,1,714,0.45717797558662154,958,145,63
2024-01-29 16:00:00,16,0,0,0,T3,5,12,10,17,Clear,1,625,0.6588533196984261,1008,160,63
2024-01-29 17:00:00,17,0,0,1,T1,19,32,18,19,Clear,1,4844,0.4367461487746776,6218,200,22
2024-01-29 18:00:00,18,0,0,1,T2,18,33,16,13,Foggy,1,5201,0.37201995998671417,7618,200,32
2024-01-29 19:00:00,19,0,0,1,T2,20,23,17,9,Clear,1,5760,0.664975525075656,7046,200,24
2024-01-29 20:00:00,20,0,0,1,T2,18,30,23,10,Clear,1,3534,0.6926662599719622,5860,200,31
2024-01-29 21:00:00,21,0,0,0,T2,8,14,13,17,Clear,1,1011,0.39330305658159914,1583,200,40
2024-01-29 22:00:00,22,0,0,0,T2,10,10,8,18,Rainy,1,1880,0.4825183532511195,2803,200,117
2024-01-29 23:00:00,23,0,0,0,T1,9,13,11,15,Clear,1,1806,0.3079194920472629,2202,200,67
2024-01-30 00:00:00,0,1,0,0,T2,5,17,10,12,Clear,1,965,0.3273641939919317,1170,140,40
2024-01-30 01:00:00,1,1,0,0,T3,10,16,11,18,Foggy,1,2400,0.35182149510419825,3191,200,61
2024-01-30 02:00:00,2,1,0,0,T3,10,18,9,18,Clear,1,1634,0.6494757453560334,2008,184,48
2024-01-30 03:00:00,3,1,0,0,T3,11,16,14,11,Clear,1,2445,0.6430444941302229,2721,200,67
2024-01-30 04:00:00,4,1,0,0,T1,9,16,12,16,Rainy,1,1562,0.5736956906410322,1965,200,77
2024-01-30 05:00:00,5,1,0,0,T2,12,16,11,16,Rainy,1,2202,0.3175388074843853,2454,200,65
2024-01-30 06:00:00,6,1,0,1,T1,28,27,20,12,Clear,1,5951,0.46861174593881083,8465,200,24
2024-01-30 07:00:00,7,1,0,1,T3,21,30,20,16,Foggy,1,8157,0.6049678486582893,9576,200,32
2024-01-30 08:00:00,8,1,0,1,T2,21,21,21,14,Rainy,1,5365,0.4350195252401301,8057,200,46
2024-01-30 09:00:00,9,1,0,1,T1,22,24,24,13,Foggy,1,6567,0.3897388745487058,10804,200,37
2024-01-30 10:00:00,10,1,0,0,T3,14,14,14,16,Clear,1,2110,0.49370417177864506,2731,200,77
2024-01-30 11:00:00,11,1,0,0,T3,12,17,13,14,Clear,1,1913,0.6340896817357143,2188,200,49
2024-01-30 12:00:00,12,1,0,0,T1,11,10,9,19,Clear,1,1833,0.30597158689440707,2690,200,96
2024-01-30 13:00:00,13,1,0,0,T3,9,12,11,18,Clear,1,1378,0.5936461204257676,2009,200,68
2024-01-30 14:00:00,14,1,0,0,T2,11,13,9,8,Clear,1,2063,0.31129242117962724,2673,200,82
2024-01-30 15:00:00,15,1,0,0,T1,13,11,11,18,Clear,1,1607,0.6504830905550558,2460,200,62
2024-01-30 16:00:00,16,1,0,0,T2,6,15,11,18,Clear,1,926,0.6138857722524369,1081,130,28
2024-01-30 17:00:00,17,1,0,1,T3,21,29,18,17,Clear,1,5602,0.6492846638773718,7900,200,26
2024-01-30 18:00:00,18,1,0,1,T1,27,32,21,19,Clear,1,4978,0.4536060118908737,7323,200,30
2024-01-30 19:00:00,19,1,0,1,T2,15,22,24,12,Clear,1,3822,0.5012201036587364,4869,200,40
2024-01-30 20:00:00,20,1,0,1,T3,15,20,19,10,Clear,1,3176,0.3494767328269517,4526,200,29
2024-01-30 21:00:00,21,1,0,0,T2,8,12,9,12,Foggy,1,1632,0.6658233110752632,1882,200,69
2024-01-30 22:00:00,22,1,0,0,T2,7,16,11,18,Clear,1,1000,0.6997197903853993,1469,102,33
2024-01-30 23:00:00,23,1,0,0,T2,11,18,13,11,Clear,1,1703,0.3806479595242381,2109,200,37
2024-01-01 00:00:00,0,0,0,0,T1,9,10,12,15,Foggy,1,1321,0.4785334961763311,2088,200,63
2024-01-01 01:00:00,1,0,0,0,T2,7,17,9,17,Clear,1,1178,0.47786698833548646,1364,200,40
2024-01-01 02:00:00,2,0,0,0,T3,7,15,13,10,Rainy,1,1142,0.5897450826252874,1608,156,41
2024-01-01 03:00:00,3,0,0,0,T1,12,14,9,11,Rainy,1,2080,0.3903448726488681,2953,200,49
2024-01-01 04:00:00,4,0,0,0,T2,9,12,13,16,Rainy,1,1865,0.524568671199338,2147,200,62
2024-01-01 05:00:00,5,0,0,0,T2,13,18,13,12,Rainy,1,3212,0.4434444209124683,3571,200,61
2024-01-01 06:00:00,6,0,0,1,T3,27,23,18,18,Clear,1,5625,0.3892917567443732,7751,200,33
2024-01-01 07:00:00,7,0,0,1,T1,15,27,20,15,Clear,1,3652,0.5916537535655542,4746,200,38
2024-01-01 08:00:00,8,0,0,1,T2,21,22,19,16,Clear,1,4313,0.5757918374914389,5789,200,30
2024-01-01 09:00:00,9,0,0,1,T3,18,21,18,15,Clear,1,3778,0.5826265360994908,6174,200,35
2024-01-01 10:00:00,10,0,0,0,T1,11,19,12,11,Rainy,1,1853,0.4160389787045892,2892,200,49
2024-01-01 11:00:00,11,0,0,0,T1,9,15,13,13,Clear,1,1209,0.663549910494773,1623,130,37
2024-01-01 12:00:00,12,0,0,0,T1,7,17,10,11,Clear,1,817,0.5402230624242517,1209,151,35
2024-01-01 13:00:00,13,0,0,0,T2,7,15,9,14,Clear,1,1381,0.4314789548869054,1804,200,35
2024-01-01 14:00:00,14,0,0,0,T1,6,13,14,11,Rainy,1,1061,0.6456212498815388,1468,200,62
2024-01-01 15:00:00,15,0,0,0,T1,14,18,10,15,Clear,1,2248,0.5114060684639041,2999,200,46
2024-01-01 16:00:00,16,0,0,0,T2,9,18,14,8,Clear,1,1496,0.5542947113021076,1679,200,52
2024-01-01 17:00:00,17,0,0,1,T3,15,21,19,16,Clear,1,3756,0.6587852486842467,4209,200,45
2024-01-01 18:00:00,18,0,0,1,T1,16,26,20,14,Clear,1,4239,0.42984988959137777,5611,200,14
2024-01-01 19:00:00,19,0,0,1,T2,15,28,17,8,Clear,1,3157,0.36247859149353,4855,200,39
2024-01-01 20:00:00,20,0,0,1,T2,16,22,21,10,Rainy,1,3688,0.5224950902801161,5493,200,29
2024-01-01 21:00:00,21,0,0,0,T1,13,15,14,16,Clear,1,2684,0.35035894148199476,3343,200,48
2024-01-01 22:00:00,22,0,0,0,T3,6,15,13,15,Clear,1,693,0.5127232035354669,1056,126,32
2024-01-01 23:00:00,23,0,0,0,T1,7,18,13,11,Rainy,1,1642,0.6190818249902841,2085,198,51
2024-01-02 00:00:00,0,1,0,0,T1,5,14,11,11,Rainy,1,578,0.6370108205150441,960,95,36
2024-01-02 01:00:00,1,1,0,0,T3,14,19,11,18,Foggy,1,2553,0.5615671153093388,3344,200,57
2024-01-02 02:00:00,2,1,0,0,T2,11,18,13,18,Clear,1,1553,0.511889978723467,1989,186,28
2024-01-02 03:00:00,3,1,0,0,T3,6,11,14,10,Clear,1,911,0.4265898126551433,1042,136,48
2024-01-02 04:00:00,4,1,0,0,T1,7,11,14,16,Rainy,1,1256,0.409452557094295,2008,200,57
2024-01-02 05:00:00,5,1,0,0,T1,8,11,11,11,Clear,1,1383,0.4048375588719815,1562,200,72
2024-01-02 06:00:00,6,1,0,1,T3,28,32,19,14,Clear,1,6041,0.5301526814439768,9626,200,30
2024-01-02 07:00:00,7,1,0,1,T3,26,22,18,16,Clear,1,5517,0.5423087346489495,7063,200,39
2024-01-02 08:00:00,8,1,0,1,T1,15,20,23,15,Foggy,1,3629,0.35303443856198347,5333,200,39
2024-01-02 09:00:00,9,1,0,1,T3,28,22,16,10,Clear,1,8794,0.4870161049067476,10144,200,35
2024-01-02 10:00:00,10,1,0,0,T3,8,11,12,16,Rainy,1,1410,0.30255750083040783,2284,200,96
2024-01-02 11:00:00,11,1,0,0,T1,10,13,13,9,Clear,1,1240,0.5838270865592243,1953,200,75
2024-01-02 12:00:00,12,1,0,0,T1,14,11,10,10,Clear,1,1925,0.43059773106530064,2767,200,72
2024-01-02 13:00:00,13,1,0,0,T2,7,15,11,16,Clear,1,892,0.32935135589751036,1247,104,33
2024-01-02 14:00:00,14,1,0,0,T3,7,15,13,11,Clear,1,1182,0.6640908797129789,1567,123,37
2024-01-02 15:00:00,15,1,0,0,T1,8,19,10,18,Rainy,1,1314,0.4271851711661574,2112,200,67
2024-01-02 16:00:00,16,1,0,0,T1,12,14,12,8,Clear,1,2098,0.41438427179017895,2621,200,47
2024-01-02 17:00:00,17,1,0,1,T2,19,24,21,14,Clear,1,5205,0.3280393195437155,5886,200,36
2024-01-02 18:00:00,18,1,0,1,T2,28,26,17,17,Clear,1,7663,0.6731824168568313,10391,200,37
2024-01-02 19:00:00,19,1,0,1,T3,25,33,22,11,Clear,1,6550,0.6852256451052081,7394,200,27
2024-01-02 20:00:00,20,1,0,1,T2,29,23,19,18,Clear,1,9597,0.5394337037851931,10722,200,45
2024-01-02 21:00:00,21,1,0,0,T3,12,10,8,13,Clear,1,2489,0.5558579775032215,2868,200,62
2024-01-02 22:00:00,22,1,0,0,T1,7,14,10,18,Clear,1,1122,0.6131616574338239,1399,141,38
2024-01-02 23:00:00,23,1,0,0,T1,6,11,8,18,Clear,1,1026,0.5334403093775048,1321,200,53
2024-01-03 00:00:00,0,2,0,0,T1,12,17,10,9,Clear,1,2050,0.594389948401931,2420,200,42
2024-01-03 01:00:00,1,2,0,0,T2,9,17,14,18,Rainy,1,1990,0.5146753647451091,2517,200,78
2024-01-03 02:00:00,2,2,0,0,T2,7,12,14,18,Clear,1,974,0.690508640174816,1167,158,41
2024-01-03 03:00:00,3,2,0,0,T1,9,12,9,13,Rainy,1,1733,0.630881920034694,2483,200,95
2024-01-03 04:00:00,4,2,0,0,T3,7,19,9,18,Rainy,1,1191,0.41689074196144316,1842,185,40
2024-01-03 05:00:00,5,2,0,0,T2,10,14,8,16,Clear,1,1674,0.5041708784508877,1951,200,56
2024-01-03 06:00:00,6,2,0,1,T1,28,21,24,13,Clear,1,7968,0.6989378197133993,10242,200,33
2024-01-03 07:00:00,7,2,0,1,T3,29,24,17,12,Rainy,1,5905,0.6450472407037722,8871,200,36
2024-01-03 08:00:00,8,2,0,1,T3,23,24,18,12,Rainy,1,6386,0.4082967253957964,9243,200,45
2024-01-03 09:00:00,9,2,0,1,T1,29,24,23,11,Clear,1,8140,0.4294189433186603,9577,200,30
2024-01-03 10:00:00,10,2,0,0,T1,11,12,10,13,Rainy,1,1905,0.6036476382337039,2993,200,98
2024-01-03 11:00:00,11,2,0,0,T2,9,16,10,9,Clear,1,1416,0.47655963643214216,2069,200,72
2024-01-03 12:00:00,12,2,0,0,T1,12,16,9,16,Clear,1,1507,0.3763202398521158,2092,200,70
2024-01-03 13:00:00,13,2,0,0,T2,9,11,8,18,Clear,1,1482,0.5692563188558448,2108,200,53
2024-01-03 14:00:00,14,2,0,0,T1,14,14,9,9,Clear,1,1888,0.3165965963086284,2997,200,51
2024-01-03 15:00:00,15,2,0,0,T1,11,16,11,18,Foggy,1,2113,0.5492284133610076,2482,200,64
2024-01-03 16:00:00,16,2,0,0,T2,14,19,8,15,Rainy,1,2055,0.5884827122132268,3052,200,70
2024-01-03 17:00:00,17,2,0,1,T1,17,30,22,15,Foggy,1,6104,0.670656787013378,7986,200,37
2024-01-03 18:00:00,18,2,0,1,T2,17,20,20,9,Clear,1,5269,0.3663319904157975,6198,200,35
2024-01-03 19:00:00,19,2,0,1,T1,27,22,22,15,Clear,1,6868,0.668758321030657,9126,200,26
2024-01-03 20:00:00,20,2,0,1,T3,18,22,16,15,Foggy,1,6231,0.6526000889046476,8433,200,58
2024-01-03 21:00:00,21,2,0,0,T3,12,14,8,17,Clear,1,1610,0.6226544486901039,2202,200,44
2024-01-03 22:00:00,22,2,0,0,T2,7,16,9,18,Clear,1,1160,0.6891485299287622,1735,182,47
2024-01-03 23:00:00,23,2,0,0,T1,11,17,12,18,Rainy,1,2122,0.34196905810985745,2397,200,66
2024-01-04 00:00:00,0,3,0,0,T1,5,11,9,14,Clear,1,643,0.42503210354390425,890,144,73
2024-01-04 01:00:00,1,3,0,0,T3,13,12,10,10,Clear,1,2773,0.6942049161553914,3106,200,51
2024-01-04 02:00:00,2,3,0,0,T3,6,14,9,11,Clear,1,738,0.685895023840787,1194,139,31
2024-01-04 03:00:00,3,3,0,0,T1,11,19,9,18,Clear,1,1697,0.39914511862212143,1916,200,59
2024-01-04 04:00:00,4,3,0,0,T1,8,13,8,17,Clear,1,1010,0.44478162865929155,1440,200,77
2024-01-04 05:00:00,5,3,0,0,T1,5,10,12,10,Clear,1,1037,0.6296416495420887,1272,189,69
2024-01-04 06:00:00,6,3,0,1,T1,16,28,20,18,Rainy,1,4603,0.3342578663496243,5722,200,36
2024-01-04 07:00:00,7,3,0,1,T1,25,28,19,13,Clear,1,5986,0.36091358070529317,9088,200,34
2024-01-04 08:00:00,8,3,0,1,T1,20,25,19,12,Clear,1,4666,0.41030750454642856,7429,200,31
2024-01-04 09:00:00,9,3,0,1,T1,24,29,15,15,Clear,1,6633,0.6030656311940241,8833,200,31
2024-01-04 10:00:00,10,3,0,0,T1,13,19,11,11,Clear,1,2004,0.4497531138858475,2526,187,37
2024-01-04 11:00:00,11,3,0,0,T1,13,12,13,12,Clear,1,1854,0.424000004484618,2790,200,59
2024-01-04 12:00:00,12,3,0,0,T3,9,16,14,16,Clear,1,1257,0.44685163577476794,1949,181,49
2024-01-04 13:00:00,13,3,0,0,T1,14,14,14,16,Clear,1,2461,0.5528292442268143,2882,200,57
2024-01-04 14:00:00,14,3,0,0,T1,8,17,8,19,Rainy,1,1582,0.4402040640387041,2448,200,68
2024-01-04 15:00:00,15,3,0,0,T3,9,17,13,14,Clear,1,1460,0.3386879334204518,1935,200,47
2024-01-04 16:00:00,16,3,0,0,T2,11,12,12,14,Rainy,1,2429,0.500912051707411,2713,200,58
2024-01-04 17:00:00,17,3,0,1,T3,24,31,18,18,Clear,1,4712,0.6469742409284266,7098,200,23
2024-01-04 18:00:00,18,3,0,1,T2,22,27,17,16,Foggy,1,6522,0.3167544121820408,9229,200,39
2024-01-04 19:00:00,19,3,0,1,T1,23,25,22,19,Clear,1,5589,0.4305724594092952,7033,200,34
2024-01-04 20:00:00,20,3,0,1,T1,26,23,24,12,Foggy,1,6506,0.500825832800627,10167,200,55
2024-01-04 21:00:00,21,3,0,0,T3,6,16,13,12,Clear,1,726,0.6649960538328192,1148,128,29
2024-01-04 22:00:00,22,3,0,0,T2,9,11,14,13,Clear,1,1219,0.5234612047720038,1659,200,72
2024-01-04 23:00:00,23,3,0,0,T1,8,17,13,9,Clear,1,1023,0.6461668141184481,1661,136,41
2024-01-05 00:00:00,0,4,0,0,T2,14,13,13,9,Rainy,1,2251,0.43000552880900034,3232,200,63
2024-01-05 01:00:00,1,4,0,0,T2,6,11,11,12,Clear,1,1039,0.5443807077745109,1533,200,51
2024-01-05 02:00:00,2,4,0,0,T1,6,19,14,11,Clear,1,822,0.3358305349177716,1260,101,22
2024-01-05 03:00:00,3,4,0,0,T3,5,12,13,16,Clear,1,775,0.6729170303492668,1112,139,26
2024-01-05 04:00:00,4,4,0,0,T1,13,17,13,13,Rainy,1,1649,0.3282091205595184,2729,200,69
2024-01-05 05:00:00,5,4,0,0,T1,11,10,8,19,Clear,1,1651,0.41726639229236606,2580,200,54
2024-01-05 06:00:00,6,4,0,1,T3,28,28,22,14,Clear,1,5402,0.47489145266446,7721,200,20
2024-01-05 07:00:00,7,4,0,1,T3,19,25,18,19,Clear,1,3918,0.6778836894903248,4898,200,22
2024-01-05 08:00:00,8,4,0,1,T3,28,21,17,9,Rainy,1,10765,0.6082188179071442,11989,200,61
2024-01-05 09:00:00,9,4,0,1,T2,28,27,16,9,Clear,1,6629,0.5639240459205584,10589,200,24
2024-01-05 10:00:00,10,4,0,0,T1,6,10,8,16,Clear,1,863,0.36147979350201037,1036,200,75
2024-01-05 11:00:00,11,4,0,0,T1,7,18,10,11,Foggy,1,1696,0.4671688822515684,2086,200,65
2024-01-05 12:00:00,12,4,0,0,T1,11,18,14,16,Foggy,1,2122,0.4254643636702674,2506,200,55
2024-01-05 13:00:00,13,4,0,0,T2,8,16,13,17,Clear,1,1161,0.3172336864627457,1866,139,41
2024-01-05 14:00:00,14,4,0,0,T1,6,17,8,9,Rainy,1,1063,0.32018738843264494,1192,136,53
2024-01-05 15:00:00,15,4,0,0,T1,11,18,12,18,Clear,1,2213,0.6109270491257549,2638,200,59
2024-01-05 16:00:00,16,4,0,0,T1,6,17,8,12,Foggy,1,1074,0.6432737641134164,1669,175,78
2024-01-05 17:00:00,17,4,0,1,T3,23,25,20,18,Foggy,1,5794,0.6897523130364182,7936,200,45
2024-01-05 18:00:00,18,4,0,1,T1,22,20,24,11,Clear,1,4930,0.31685109478119805,7295,200,27
2024-01-05 19:00:00,19,4,0,1,T1,18,25,24,12,Clear,1,4174,0.6699221916766588,6036,200,35
2024-01-05 20:00:00,20,4,0,1,T1,17,32,22,8,Rainy,1,3859,0.6130022543797438,6400,200,28
2024-01-05 21:00:00,21,4,0,0,T1,6,13,9,11,Clear,1,1119,0.5337658499533792,1457,195,61
2024-01-05 22:00:00,22,4,0,0,T1,9,18,11,17,Clear,1,1008,0.5056988457131434,1504,181,33
2024-01-05 23:00:00,23,4,0,0,T3,7,19,10,9,Rainy,1,1076,0.6888733100954371,1649,200,62
2024-01-06 00:00:00,0,5,1,0,T2,12,15,9,10,Clear,1,1987,0.4329884907693523,2653,200,56
2024-01-06 01:00:00,1,5,1,0,T2,11,13,12,19,Clear,1,2397,0.42986755115738334,3047,200,44
2024-01-06 02:00:00,2,5,1,0,T2,6,18,9,9,Clear,1,1299,0.3616243174922137,1878,163,53
2024-01-06 03:00:00,3,5,1,0,T3,13,12,9,18,Clear,1,2179,0.5246773499405899,2938,200,63
2024-01-06 04:00:00,4,5,1,0,T3,11,18,11,18,Rainy,1,2438,0.5887081109271237,3011,200,61
2024-01-06 05:00:00,5,5,1,0,T1,12,16,9,15,Rainy,1,3850,0.648667563707805,4417,200,86
2024-01-06 06:00:00,6,5,1,1,T1,22,31,24,15,Clear,1,5093,0.5961458288624378,8106,200,17
2024-01-06 07:00:00,7,5,1,1,T3,24,21,16,9,Clear,1,4828,0.44093856473120374,8002,200,35
2024-01-06 08:00:00,8,5,1,1,T2,21,32,20,9,Clear,1,6710,0.36904129169645183,7479,200,25
2024-01-06 09:00:00,9,5,1,1,T3,20,23,16,17,Clear,1,6649,0.5811053043225962,8208,200,32
2024-01-06 10:00:00,10,5,1,0,T2,7,14,12,19,Clear,1,1605,0.41826342873723926,1881,176,44
2024-01-06 11:00:00,11,5,1,0,T3,13,17,11,10,Clear,1,2539,0.42777094343381594,3359,200,50
2024-01-06 12:00:00,12,5,1,0,T2,12,12,14,12,Clear,1,3329,0.544256826652711,3713,200,73
2024-01-06 13:00:00,13,5,1,0,T2,12,19,13,9,Rainy,1,2989,0.5123425269598936,3694,200,66
2024-01-06 14:00:00,14,5,1,0,T3,13,16,12,14,Clear,1,2161,0.387713099095331,3123,200,51
2024-01-06 15:00:00,15,5,1,0,T3,11,13,13,19,Clear,1,2760,0.3847466158929209,3132,200,65
2024-01-06 16:00:00,16,5,1,0,T1,9,19,9,14,Rainy,1,2459,0.5697845133777494,2956,200,59
2024-01-06 17:00:00,17,5,1,1,T1,23,28,17,19,Clear,1,6136,0.6693157072945145,7730,200,38
2024-01-06 18:00:00,18,5,1,1,T1,29,25,21,11,Clear,1,7462,0.632621875272631,12176,200,34
2024-01-06 19:00:00,19,5,1,1,T3,23,24,18,10,Clear,1,7683,0.6569821832589734,8650,200,36
2024-01-06 20:00:00,20,5,1,1,T1,19,22,22,8,Rainy,1,6626,0.6114221839646155,10225,200,40
2024-01-06 21:00:00,21,5,1,0,T1,13,16,14,11,Rainy,1,3545,0.4243026432814231,4213,200,58
2024-01-06 22:00:00,22,5,1,0,T1,11,18,13,12,Clear,1,2477,0.3416682906648153,3027,200,60
2024-01-06 23:00:00,23,5,1,0,T3,8,14,13,18,Clear,1,1629,0.6400601990842562,2175,171,60
2024-01-07 00:00:00,0,6,1,0,T1,13,14,10,17,Rainy,1,2515,0.40918194705618843,4149,200,68
2024-01-07 01:00:00,1,6,1,0,T2,5,14,13,8,Rainy,1,1538,0.6807535223044522,1881,200,76
2024-01-07 02:00:00,2,6,1,0,T2,8,17,10,12,Foggy,1,1987,0.5664733331402361,2461,200,84
2024-01-07 03:00:00,3,6,1,0,T1,14,12,14,11,Clear,1,2828,0.6065382901141712,4391,200,78
2024-01-07 04:00:00,4,6,1,0,T1,10,19,9,13,Clear,1,2218,0.6269798057905203,3001,200,61
2024-01-07 05:00:00,5,6,1,0,T2,7,18,14,11,Rainy,1,1886,0.6324622618224047,2651,200,46
2024-01-07 06:00:00,6,6,1,1,T3,29,21,18,11,Foggy,1,8420,0.337355991028195,12886,200,66
2024-01-07 07:00:00,7,6,1,1,T1,15,34,19,14,Clear,1,4816,0.5952817214429156,6596,200,24
2024-01-07 08:00:00,8,6,1,1,T3,22,27,15,16,Clear,1,5119,0.5413719433979067,7816,200,39
2024-01-07 09:00:00,9,6,1,1,T1,24,25,15,9,Clear,1,7052,0.6350398270023081,11473,200,27
2024-01-07 10:00:00,10,6,1,0,T2,6,18,14,14,Rainy,1,1420,0.37760072576608517,2259,200,38
2024-01-07 11:00:00,11,6,1,0,T3,8,14,8,16,Rainy,1,2036,0.3267388879270704,2989,200,59
2024-01-07 12:00:00,12,6,1,0,T1,7,11,11,15,Foggy,1,1611,0.5682550985305782,2580,200,117
2024-01-07 13:00:00,13,6,1,0,T2,5,13,13,14,Clear,1,1130,0.32355853017108605,1362,103,20
2024-01-07 14:00:00,14,6,1,0,T3,13,10,10,19,Clear,1,2279,0.5821340867245204,3687,200,58
2024-01-07 15:00:00,15,6,1,0,T3,13,10,8,17,Clear,1,2598,0.41384288473081676,3161,200,107
2024-01-07 16:00:00,16,6,1,0,T1,11,19,12,11,Clear,1,2172,0.4935167624518871,3268,200,33
2024-01-07 17:00:00,17,6,1,1,T2,17,31,16,16,Rainy,1,5046,0.5082280427479523,6867,200,32
2024-01-07 18:00:00,18,6,1,1,T2,22,24,22,12,Clear,1,6642,0.40655796664838784,10802,200,33
2024-01-07 19:00:00,19,6,1,1,T2,21,31,20,15,Clear,1,5907,0.30888857630415306,8174,200,34
2024-01-07 20:00:00,20,6,1,1,T2,16,22,21,11,Clear,1,5911,0.6598770481110425,7747,200,24
2024-01-07 21:00:00,21,6,1,0,T3,5,14,14,19,Foggy,1,1856,0.5831041223301614,2073,200,55
2024-01-07 22:00:00,22,6,1,0,T2,9,14,8,9,Rainy,1,2398,0.511400516447401,2746,200,59
2024-01-07 23:00:00,23,6,1,0,T3,14,15,14,8,Clear,1,3078,0.5808257032109145,3506,200,38
2024-01-08 00:00:00,0,0,0,0,T2,9,11,8,16,Clear,1,896,0.543161649718859,1471,186,45
2024-01-08 01:00:00,1,0,0,0,T2,6,17,11,11,Clear,1,860,0.695659964266669,1284,166,44
2024-01-08 02:00:00,2,0,0,0,T1,8,13,11,16,Rainy,1,1428,0.3888756704833203,1684,200,53
2024-01-08 03:00:00,3,0,0,0,T1,10,17,12,11,Clear,1,1591,0.35575646949214024,1832,185,55
2024-01-08 04:00:00,4,0,0,0,T2,6,14,10,15,Clear,1,830,0.5388533940869709,1269,200,60
2024-01-08 05:00:00,5,0,0,0,T2,10,14,10,18,Clear,1,1735,0.3582038582581284,2202,200,80
2024-01-08 06:00:00,6,0,0,1,T2,27,28,17,14,Clear,1,7383,0.682177964156168,8551,200,26
2024-01-08 07:00:00,7,0,0,1,T1,27,28,18,12,Clear,1,6711,0.5295526363061029,7635,200,29
2024-01-08 08:00:00,8,0,0,1,T1,17,30,21,8,Clear,1,3645,0.5876221591107464,5855,200,21
2024-01-08 09:00:00,9,0,0,1,T1,24,21,21,10,Foggy,1,7684,0.43373551216609424,8770,200,44
2024-01-08 10:00:00,10,0,0,0,T1,12,14,14,13,Rainy,1,2732,0.5245476068873467,3418,200,89
2024-01-08 11:00:00,11,0,0,0,T3,10,10,13,13,Clear,1,1836,0.6847642339441042,2302,200,68
2024-01-08 12:00:00,12,0,0,0,T2,11,16,12,10,Rainy,1,1951,0.4762997601486306,2870,200,66
2024-01-08 13:00:00,13,0,0,0,T3,11,16,13,19,Clear,1,2135,0.6551935415932446,2416,200,52
2024-01-08 14:00:00,14,0,0,0,T3,11,13,11,10,Rainy,1,2082,0.48103998197508446,2359,200,72
2024-01-08 15:00:00,15,0,0,0,T2,8,14,14,11,Foggy,1,2002,0.4752419158590305,2386,200,71
2024-01-08 16:00:00,16,0,0,0,T3,5,17,14,16,Clear,1,901,0.32212027453133935,1012,76,22
2024-01-08 17:00:00,17,0,0,1,T2,19,30,15,8,Rainy,1,5732,0.5856491207310965,7251,200,37
2024-01-08 18:00:00,18,0,0,1,T2,23,31,24,15,Clear,1,6221,0.48348962153223174,7626,200,19
2024-01-08 19:00:00,19,0,0,1,T2,28,20,19,13,Clear,1,6997,0.6418140801206718,8363,200,35
2024-01-08 20:00:00,20,0,0,1,T3,28,22,23,19,Rainy,1,7272,0.5109146896134736,9264,200,51
2024-01-08 21:00:00,21,0,0,0,T1,13,10,10,8,Clear,1,2318,0.6144704419696992,2685,200,71
2024-01-08 22:00:00,22,0,0,0,T3,14,13,11,11,Clear,1,2057,0.5851358752597201,2745,200,76
2024-01-08 23:00:00,23,0,0,0,T2,12,17,11,9,Foggy,1,3212,0.4850094525642361,3861,200,68
2024-01-09 00:00:00,0,1,0,0,T1,11,18,13,18,Clear,1,1660,0.46402497939142817,1931,148,21
2024-01-09 01:00:00,1,1,0,0,T1,14,12,12,9,Clear,1,1868,0.546906514853457,2737,200,65
2024-01-09 02:00:00,2,1,0,0,T2,9,18,8,11,Foggy,1,1774,0.5087663482729274,2377,200,74
2024-01-09 03:00:00,3,1,0,0,T1,7,19,12,12,Clear,1,1219,0.36548639252035087,1636,105,23
2024-01-09 04:00:00,4,1,0,0,T3,5,13,12,17,Clear,1,815,0.3990584468182622,1010,112,33
2024-01-09 05:00:00,5,1,0,0,T1,14,19,8,16,Clear,1,1706,0.5076396967048734,2815,200,53
2024-01-09 06:00:00,6,1,0,1,T3,23,33,17,19,Clear,1,6503,0.3234475882454322,7363,200,22
2024-01-09 07:00:00,7,1,0,1,T2,16,30,24,12,Clear,1,4763,0.44592841688700646,5545,200,35
2024-01-09 08:00:00,8,1,0,1,T2,22,34,22,10,Clear,1,6287,0.5162095435755396,7496,200,18
2024-01-09 09:00:00,9,1,0,1,T3,24,33,23,12,Clear,1,4824,0.6139648617802916,7852,200,21
2024-01-09 10:00:00,10,1,0,0,T1,5,14,14,19,Clear,1,887,0.6726334625241052,1009,134,40
2024-01-09 11:00:00,11,1,0,0,T2,5,18,11,19,Foggy,1,1212,0.6253019804487596,1574,200,77
2024-01-09 12:00:00,12,1,0,0,T2,14,19,12,11,Clear,1,1740,0.6874763109722578,2664,200,43
2024-01-09 13:00:00,13,1,0,0,T1,10,12,14,13,Clear,1,1803,0.6047484535814956,2272,200,60
2024-01-09 14:00:00,14,1,0,0,T1,9,10,14,18,Clear,1,1657,0.5460493158606468,2154,200,67
2024-01-09 15:00:00,15,1,0,0,T2,10,12,8,12,Clear,1,1786,0.5624702523865668,2421,200,69
2024-01-09 16:00:00,16,1,0,0,T1,10,18,10,17,Clear,1,1402,0.48459718459663703,1851,134,37
2024-01-09 17:00:00,17,1,0,1,T3,15,33,21,16,Rainy,1,3184,0.4153767808952986,4650,200,40
2024-01-09 18:00:00,18,1,0,1,T1,28,31,22,11,Clear,1,6822,0.6755086444057559,10140,200,22
2024-01-09 19:00:00,19,1,0,1,T1,29,20,19,13,Clear,1,7121,0.6259933457914163,10384,200,30
2024-01-09 20:00:00,20,1,0,1,T3,19,24,19,10,Rainy,1,6539,0.41299942006914075,7693,200,48
2024-01-09 21:00:00,21,1,0,0,T1,7,11,11,16,Foggy,1,1544,0.49043785790128325,1936,200,116
2024-01-09 22:00:00,22,1,0,0,T1,14,18,13,19,Clear,1,3001,0.3941233592301483,3445,200,47
2024-01-09 23:00:00,23,1,0,0,T1,9,11,10,10,Clear,1,1219,0.6751954110888224,1787,200,76
2024-01-10 00:00:00,0,2,0,0,T2,13,17,11,8,Rainy,1,2937,0.5248892999376842,3698,200,71
2024-01-10 01:00:00,1,2,0,0,T3,9,19,8,14,Rainy,1,1695,0.4576374594288269,2109,200,45
2024-01-10 02:00:00,2,2,0,0,T3,12,11,10,16,Clear,1,2249,0.6547054580167805,2779,200,78
2024-01-10 03:00:00,3,2,0,0,T1,13,13,13,17,Rainy,1,2540,0.3861140900308766,2879,200,60
2024-01-10 04:00:00,4,2,0,0,T3,6,19,9,17,Clear,1,678,0.5859194430932382,1030,101,30
2024-01-10 05:00:00,5,2,0,0,T2,11,10,10,8,Clear,1,1421,0.6965216237644444,1871,200,71
2024-01-10 06:00:00,6,2,0,1,T2,29,27,18,16,Foggy,1,9157,0.4120739205096869,11498,200,56
2024-01-10 07:00:00,7,2,0,1,T3,26,24,17,14,Clear,1,7068,0.4746284493234364,8958,200,26
2024-01-10 08:00:00,8,2,0,1,T2,19,25,18,10,Clear,1,5656,0.4499639352035991,6997,200,30
2024-01-10 09:00:00,9,2,0,1,T2,26,32,17,9,Foggy,1,8416,0.47619267571936563,12065,200,45
2024-01-10 10:00:00,10,2,0,0,T1,12,19,10,18,Clear,1,2623,0.6274201004777764,3011,200,37
2024-01-10 11:00:00,11,2,0,0,T2,12,19,12,8,Clear,1,2332,0.3002039956063774,2802,200,47
2024-01-10 12:00:00,12,2,0,0,T2,7,10,9,15,Clear,1,1076,0.43091745742835486,1358,176,50
2024-01-10 13:00:00,13,2,0,0,T2,11,17,10,17,Rainy,1,2094,0.42560588409793393,3271,200,67
2024-01-10 14:00:00,14,2,0,0,T1,5,12,14,18,Clear,1,666,0.3317209899013545,813,75,25
2024-01-10 15:00:00,15,2,0,0,T1,9,19,12,12,Clear,1,1289,0.6658926939115221,1998,145,39
2024-01-10 16:00:00,16,2,0,0,T3,6,12,8,14,Clear,1,711,0.6291422094580963,1100,139,56
2024-01-10 17:00:00,17,2,0,1,T1,23,26,16,15,Clear,1,5180,0.5232556395168076,8162,200,40
2024-01-10 18:00:00,18,2,0,1,T2,28,26,24,18,Clear,1,7914,0.44662037526663606,10317,200,37
2024-01-10 19:00:00,19,2,0,1,T1,23,25,21,18,Foggy,1,6938,0.4553853364693762,11040,200,34
2024-01-10 20:00:00,20,2,0,1,T2,20,30,18,19,Clear,1,4394,0.4851379030631909,6795,200,25
2024-01-10 21:00:00,21,2,0,0,T1,14,17,14,14,Rainy,1,2694,0.654827905166294,3713,200,60
2024-01-10 22:00:00,22,2,0,0,T1,10,12,14,11,Rainy,1,1708,0.3044217594788038,2837,200,86
2024-01-10 23:00:00,23,2,0,0,T2,9,13,13,12,Clear,1,1417,0.3976638624922487,1922,200,71
2024-01-11 00:00:00,0,3,0,0,T3,8,15,13,11,Clear,1,1287,0.6466826120757893,1592,159,46
2024-01-11 01:00:00,1,3,0,0,T1,12,12,8,12,Clear,1,2123,0.5012776290315862,2785,200,91
2024-01-11 02:00:00,2,3,0,0,T1,9,13,14,18,Clear,1,1278,0.5759018563910996,1974,200,45
2024-01-11 03:00:00,3,3,0,0,T2,13,18,8,8,Foggy,1,2044,0.34150718646584827,2980,200,74
2024-01-11 04:00:00,4,3,0,0,T1,9,18,14,14,Clear,1,1213,0.32734499994916394,1637,150,24
2024-01-11 05:00:00,5,3,0,0,T2,9,13,9,13,Clear,1,1274,0.5516187974348201,1979,200,57
2024-01-11 06:00:00,6,3,0,1,T2,20,24,23,19,Clear,1,5169,0.5783145225693708,6439,200,29
2024-01-11 07:00:00,7,3,0,1,T2,27,29,21,16,Clear,1,7924,0.6987339047844633,9210,200,32
2024-01-11 08:00:00,8,3,0,1,T3,25,30,16,9,Rainy,1,7234,0.3035977171269724,10508,200,45
2024-01-11 09:00:00,9,3,0,1,T2,17,20,21,9,Foggy,1,6868,0.32956868665830547,8213,200,63
2024-01-11 10:00:00,10,3,0,0,T2,6,13,9,18,Foggy,1,1171,0.3332129398050272,1493,200,59
2024-01-11 11:00:00,11,3,0,0,T1,9,18,9,17,Clear,1,1366,0.5836693012638358,1966,200,49
2024-01-11 12:00:00,12,3,0,0,T1,12,13,9,15,Foggy,1,2120,0.3787972223355762,3022,200,67
2024-01-11 13:00:00,13,3,0,0,T3,12,18,8,8,Foggy,1,3251,0.6086232631261145,3843,200,51
2024-01-11 14:00:00,14,3,0,0,T1,12,17,9,13,Clear,1,1975,0.45937627794492264,2876,200,57
2024-01-11 15:00:00,15,3,0,0,T3,14,17,14,11,Rainy,1,2474,0.5592115175760661,3425,200,40
2024-01-11 16:00:00,16,3,0,0,T1,13,11,11,10,Clear,1,1718,0.3736754102093485,2270,200,82
2024-01-11 17:00:00,17,3,0,1,T1,28,22,18,13,Clear,1,6171,0.4152176039139402,8142,200,48
2024-01-11 18:00:00,18,3,0,1,T3,25,32,16,10,Clear,1,7730,0.698950541038172,8758,200,23
2024-01-11 19:00:00,19,3,0,1,T2,24,23,16,16,Rainy,1,6947,0.614836918980131,9879,200,36
2024-01-11 20:00:00,20,3,0,1,T2,19,34,15,18,Clear,1,3827,0.6195907560156234,5133,200,32
2024-01-11 21:00:00,21,3,0,0,T3,8,12,10,16,Clear,1,1509,0.3568585481826067,1746,170,36
2024-01-11 22:00:00,22,3,0,0,T2,10,14,8,18,Clear,1,2140,0.45068646157413467,2419,200,72
2024-01-11 23:00:00,23,3,0,0,T2,13,15,13,9,Clear,1,1902,0.47336349348539053,3121,200,42
2024-01-12 00:00:00,0,4,0,0,T2,9,11,14,18,Rainy,1,1864,0.32056424279461443,2529,200,97
2024-01-12 01:00:00,1,4,0,0,T2,9,17,11,16,Clear,1,1347,0.3047914757880657,2037,200,43
2024-01-12 02:00:00,2,4,0,0,T1,12,13,11,19,Clear,1,1894,0.636298461874726,2893,200,48
2024-01-12 03:00:00,3,4,0,0,T1,6,11,14,17,Clear,1,885,0.45801345291070106,1273,119,30
2024-01-12 04:00:00,4,4,0,0,T1,9,15,13,16,Rainy,1,2033,0.5861388085149897,2420,200,49
2024-01-12 05:00:00,5,4,0,0,T3,8,19,10,15,Clear,1,1306,0.5726426360673236,1883,169,51
2024-01-12 06:00:00,6,4,0,1,T1,16,31,18,18,Clear,1,3841,0.6045877315749266,6077,200,22
2024-01-12 07:00:00,7,4,0,1,T3,23,20,15,17,Clear,1,6946,0.4157217268416213,7890,200,38
2024-01-12 08:00:00,8,4,0,1,T2,29,28,16,8,Foggy,1,8396,0.5562215186576192,11790,200,43
2024-01-12 09:00:00,9,4,0,1,T2,18,20,19,10,Clear,1,5483,0.4758461002672215,6526,200,22
2024-01-12 10:00:00,10,4,0,0,T2,5,11,9,13,Clear,1,770,0.4642116455786864,965,145,65
2024-01-12 11:00:00,11,4,0,0,T2,8,18,13,10,Clear,1,1674,0.40077608496364536,1938,164,30
2024-01-12 12:00:00,12,4,0,0,T1,8,11,13,16,Clear,1,1449,0.5044360804625674,1682,153,41
2024-01-12 13:00:00,13,4,0,0,T1,10,19,11,8,Clear,1,1933,0.6889956354078203,2442,197,34
2024-01-12 14:00:00,14,4,0,0,T3,7,12,11,10,Clear,1,1266,0.4943293468605202,1445,200,57
2024-01-12 15:00:00,15,4,0,0,T2,12,19,13,11,Clear,1,1518,0.49042047757219376,2351,200,64
2024-01-12 16:00:00,16,4,0,0,T2,5,12,11,13,Clear,1,614,0.5758389161310933,954,135,33
2024-01-12 17:00:00,17,4,0,1,T1,20,20,17,18,Clear,1,5059,0.6877076977394104,6718,200,43
2024-01-12 18:00:00,18,4,0,1,T3,29,27,24,13,Clear,1,6687,0.3284896114942886,9300,200,30
2024-01-12 19:00:00,19,4,0,1,T2,26,25,24,18,Clear,1,4931,0.3586393654251424,7459,200,23
2024-01-12 20:00:00,20,4,0,1,T2,21,30,15,10,Foggy,1,8608,0.3733535333974952,9585,200,26
2024-01-12 21:00:00,21,4,0,0,T2,5,19,8,12,Clear,1,1020,0.33111408008018717,1165,140,45
2024-01-12 22:00:00,22,4,0,0,T1,5,19,11,10,Foggy,1,1450,0.6450393481626213,1670,200,52
2024-01-12 23:00:00,23,4,0,0,T1,13,19,12,8,Clear,1,1576,0.4367705218312256,2447,200,53
2024-01-13 00:00:00,0,5,1,0,T3,14,11,10,10,Clear,1,3596,0.3945457682822781,4221,200,70
2024-01-13 01:00:00,1,5,1,0,T1,12,11,13,14,Rainy,1,3105,0.3076640158024169,3781,200,76
2024-01-13 02:00:00,2,5,1,0,T3,13,10,10,18,Clear,1,2941,0.3903830162550609,4029,200,58
2024-01-13 03:00:00,3,5,1,0,T1,7,17,9,15,Clear,1,1299,0.3231116768252437,1616,188,50
2024-01-13 04:00:00,4,5,1,0,T1,6,13,14,12,Clear,1,1441,0.6714167053709525,1852,197,65
2024-01-13 05:00:00,5,5,1,0,T1,7,14,11,19,Rainy,1,1955,0.5136037269228757,2401,200,56
2024-01-13 06:00:00,6,5,1,1,T3,26,28,21,11,Rainy,1,9183,0.5033666205430067,14086,200,27
2024-01-13 07:00:00,7,5,1,1,T2,20,34,16,18,Foggy,1,7664,0.4305803081670012,10532,200,35
2024-01-13 08:00:00,8,5,1,1,T2,27,21,18,16,Foggy,1,10702,0.47498329091886815,11963,200,48
2024-01-13 09:00:00,9,5,1,1,T3,18,22,19,10,Clear,1,6245,0.3659287531960905,8777,200,30
2024-01-13 10:00:00,10,5,1,0,T1,14,16,8,8,Clear,1,2693,0.4303522747465338,3498,200,71
2024-01-13 11:00:00,11,5,1,0,T2,9,17,10,12,Clear,1,1646,0.542179042386885,2638,200,62
2024-01-13 12:00:00,12,5,1,0,T3,13,17,12,11,Clear,1,2107,0.3259516872375754,3002,200,49
2024-01-13 13:00:00,13,5,1,0,T2,10,13,14,8,Clear,1,2087,0.3580202563205705,2425,200,48
2024-01-13 14:00:00,14,5,1,0,T2,9,12,11,16,Clear,1,1727,0.6298303481317777,2049,200,56
2024-01-13 15:00:00,15,5,1,0,T3,10,16,11,18,Clear,1,2110,0.6732120617067887,2678,200,42
2024-01-13 16:00:00,16,5,1,0,T3,10,16,9,10,Rainy,1,2367,0.5556811027520481,3712,200,85
2024-01-13 17:00:00,17,5,1,1,T3,17,21,21,9,Rainy,1,4893,0.45095644416947644,7310,200,60
2024-01-13 18:00:00,18,5,1,1,T3,15,34,18,14,Clear,1,5649,0.5778729669741218,6769,200,26
2024-01-13 19:00:00,19,5,1,1,T3,27,23,20,19,Clear,1,6803,0.4900443833933435,11062,200,27
2024-01-13 20:00:00,20,5,1,1,T1,16,32,18,19,Clear,1,5713,0.5653617380970439,7023,200,32
2024-01-13 21:00:00,21,5,1,0,T3,13,12,12,10,Clear,1,3085,0.6133405600496977,3465,200,68
2024-01-13 22:00:00,22,5,1,0,T1,10,14,11,13,Clear,1,1822,0.519896926757564,2471,200,47
2024-01-13 23:00:00,23,5,1,0,T1,13,14,11,8,Rainy,1,2835,0.32527121998152775,4326,200,51
2024-01-14 00:00:00,0,6,1,0,T3,10,10,9,14,Rainy,1,1982,0.3239721732475567,2862,200,70
2024-01-14 01:00:00,1,6,1,0,T1,14,16,9,13,Clear,1,2400,0.3788063518460077,3419,200,73
2024-01-14 02:00:00,2,6,1,0,T1,12,14,12,13,Clear,1,2865,0.39363916760959977,3509,200,65
2024-01-14 03:00:00,3,6,1,0,T3,7,12,12,13,Clear,1,1442,0.6837851179957051,1625,174,50
2024-01-14 04:00:00,4,6,1,0,T3,5,17,8,15,Clear,1,1059,0.5063936344837452,1477,182,35
2024-01-14 05:00:00,5,6,1,0,T2,13,16,10,19,Clear,1,2794,0.6067214660827829,3230,200,67
2024-01-14 06:00:00,6,6,1,1,T1,27,25,24,18,Clear,1,9470,0.4238491571704625,12203,200,29
2024-01-14 07:00:00,7,6,1,1,T2,17,28,17,10,Clear,1,4202,0.3274905119506515,6106,200,29
2024-01-14 08:00:00,8,6,1,1,T1,24,20,16,9,Foggy,1,10520,0.3363879393707424,14476,200,60
2024-01-14 09:00:00,9,6,1,1,T1,27,27,17,12,Clear,1,9451,0.5471822084173001,12029,200,33
2024-01-14 10:00:00,10,6,1,0,T2,7,14,9,15,Clear,1,1465,0.5427231338409734,2045,200,65
2024-01-14 11:00:00,11,6,1,0,T2,10,16,14,10,Clear,1,1712,0.598091152332429,2217,194,44
2024-01-14 12:00:00,12,6,1,0,T3,14,17,13,12,Clear,1,3307,0.5081274432975352,3815,200,55
2024-01-14 13:00:00,13,6,1,0,T1,14,11,10,8,Clear,1,2626,0.4233204415472833,4293,200,83
2024-01-14 14:00:00,14,6,1,0,T2,11,15,12,13,Clear,1,2457,0.4724339702967596,2767,200,56
2024-01-14 15:00:00,15,6,1,0,T1,10,13,12,17,Clear,1,1897,0.6501220627027207,2861,200,58
2024-01-14 16:00:00,16,6,1,0,T2,9,13,9,11,Clear,1,1507,0.6952990929583637,2177,200,74
2024-01-14 17:00:00,17,6,1,1,T2,18,24,18,18,Clear,1,4902,0.6595757791669793,6265,200,36
2024-01-14 18:00:00,18,6,1,1,T1,19,32,21,19,Clear,1,5106,0.3929172964564171,6411,200,34
2024-01-14 19:00:00,19,6,1,1,T3,27,27,24,14,Rainy,1,10324,0.3047009038391938,12358,200,35
2024-01-14 20:00:00,20,6,1,1,T2,17,31,18,16,Rainy,1,4845,0.47479231045831805,6946,200,33
2024-01-14 21:00:00,21,6,1,0,T1,12,13,11,16,Clear,1,2305,0.39329307364757843,2841,200,78
2024-01-14 22:00:00,22,6,1,0,T1,6,11,12,13,Foggy,1,1570,0.6271397814413409,1956,200,113
2024-01-14 23:00:00,23,6,1,0,T2,8,14,9,18,Clear,1,1988,0.6494527212745086,2555,200,40
2024-01-15 00:00:00,0,0,0,0,T2,14,17,9,13,Clear,1,2173,0.3701471210161509,3486,200,53
2024-01-15 01:00:00,1,0,0,0,T1,10,18,10,10,Clear,1,1308,0.4840287976792651,1982,200,60
2024-01-15 02:00:00,2,0,0,0,T1,5,18,12,9,Clear,1,1018,0.41167867646263184,1327,125,23
2024-01-15 03:00:00,3,0,0,0,T1,7,15,13,10,Rainy,1,1472,0.4565990953141066,1683,200,54
2024-01-15 04:00:00,4,0,0,0,T3,13,12,13,12,Clear,1,2013,0.6862236873274632,2856,200,41
2024-01-15 05:00:00,5,0,0,0,T1,7,12,11,14,Clear,1,1321,0.48086430088366283,1512,200,72
2024-01-15 06:00:00,6,0,0,1,T1,25,30,19,16,Clear,1,4698,0.5312818422706385,6716,200,26
2024-01-15 07:00:00,7,0,0,1,T1,18,20,24,16,Rainy,1,4480,0.634502003748561,6118,200,49
2024-01-15 08:00:00,8,0,0,1,T3,28,33,18,9,Clear,1,6636,0.4133013887087784,10441,200,22
2024-01-15 09:00:00,9,0,0,1,T2,16,26,19,9,Clear,1,4248,0.647665699532334,5353,200,39
2024-01-15 10:00:00,10,0,0,0,T3,14,15,10,18,Clear,1,2380,0.3675925476888713,3045,200,48
2024-01-15 11:00:00,11,0,0,0,T3,10,14,12,10,Clear,1,1400,0.5024811989064433,1992,200,53
2024-01-15 12:00:00,12,0,0,0,T1,8,13,9,12,Clear,1,1092,0.4347477667383459,1593,200,54
2024-01-15 13:00:00,13,0,0,0,T1,5,18,14,15,Clear,1,996,0.6592884121841924,1244,105,22
2024-01-15 14:00:00,14,0,0,0,T2,5,11,10,19,Clear,1,888,0.32015911769735267,1091,200,73
2024-01-15 15:00:00,15,0,0,0,T2,10,14,10,13,Rainy,1,1904,0.54301351651122,2457,200,47
2024-01-15 16:00:00,16,0,0,0,T1,14,18,14,9,Clear,1,1984,0.5541613535618435,3211,200,42
2024-01-15 17:00:00,17,0,0,1,T1,29,34,19,12,Foggy,1,7855,0.5127884068257568,12503,200,27
2024-01-15 18:00:00,18,0,0,1,T2,26,31,23,17,Clear,1,7226,0.5379981768459889,9372,200,35
2024-01-15 19:00:00,19,0,0,1,T1,23,26,24,9,Clear,1,6157,0.5447340218396723,7749,200,33
2024-01-15 20:00:00,20,0,0,1,T2,19,27,24,11,Clear,1,5553,0.37172090589665774,6278,200,26
2024-01-15 21:00:00,21,0,0,0,T2,10,17,11,18,Rainy,1,1939,0.5917282991330497,2273,200,57
2024-01-15 22:00:00,22,0,0,0,T3,14,18,11,15,Clear,1,2030,0.5313788972011101,2491,200,35
2024-01-15 23:00:00,23,0,0,0,T1,8,16,10,9,Clear,1,1529,0.6753727261650971,1929,200,65
2024-01-16 00:00:00,0,1,0,0,T3,9,15,14,16,Rainy,1,2090,0.6222796741341128,2401,197,42
2024-01-16 01:00:00,1,1,0,0,T1,12,16,10,16,Foggy,1,2702,0.6225601440525319,3918,200,81
2024-01-16 02:00:00,2,1,0,0,T2,11,11,8,8,Clear,1,1836,0.37579798753594107,2728,200,89
2024-01-16 03:00:00,3,1,0,0,T3,5,10,10,19,Clear,1,755,0.3187625641524602,972,146,52
2024-01-16 04:00:00,4,1,0,0,T2,10,17,11,8,Clear,1,1290,0.36395894411757523,1820,155,31
2024-01-16 05:00:00,5,1,0,0,T2,5,10,11,11,Clear,1,789,0.6237853067623977,976,174,52
2024-01-16 06:00:00,6,1,0,1,T2,18,34,19,12,Clear,1,4204,0.6160036064113782,5512,200,26
2024-01-16 07:00:00,7,1,0,1,T1,15,23,16,13,Clear,1,4938,0.5241334498945769,5578,200,45
2024-01-16 08:00:00,8,1,0,1,T1,23,31,20,8,Rainy,1,6392,0.3569115634743155,8194,200,27
2024-01-16 09:00:00,9,1,0,1,T3,26,22,20,19,Clear,1,6727,0.5519375586698323,9874,200,44
2024-01-16 10:00:00,10,1,0,0,T1,13,14,13,9,Clear,1,2335,0.40300560072024144,2911,200,72
2024-01-16 11:00:00,11,1,0,0,T3,11,10,10,9,Clear,1,1875,0.6945688446323561,2480,200,74
2024-01-16 12:00:00,12,1,0,0,T3,8,17,11,10,Rainy,1,1585,0.5345450018103914,2131,180,47
2024-01-16 13:00:00,13,1,0,0,T3,6,17,12,19,Clear,1,859,0.5475225229321694,1174,159,35
2024-01-16 14:00:00,14,1,0,0,T3,9,19,12,12,Clear,1,1992,0.6024935768744069,2220,197,48
2024-01-16 15:00:00,15,1,0,0,T1,11,16,10,19,Rainy,1,1667,0.5607045356272404,2625,200,68
2024-01-16 16:00:00,16,1,0,0,T1,13,17,8,12,Rainy,1,2479,0.550889433163193,3265,200,81
2024-01-16 17:00:00,17,1,0,1,T2,25,21,24,10,Clear,1,6373,0.5834171807441989,8286,200,44
2024-01-16 18:00:00,18,1,0,1,T3,25,25,17,12,Clear,1,6257,0.3581547715523545,7211,200,29
2024-01-16 19:00:00,19,1,0,1,T2,28,33,15,13,Rainy,1,7328,0.6539671050417569,9306,200,30
2024-01-16 20:00:00,20,1,0,1,T1,23,28,22,18,Clear,1,4620,0.578970183262222,6161,200,31
2024-01-16 21:00:00,21,1,0,0,T1,12,17,13,15,Clear,1,1655,0.6931412987048248,2060,200,67
2024-01-16 22:00:00,22,1,0,0,T2,12,12,14,16,Clear,1,2611,0.5387998852402661,2967,200,61
2024-01-16 23:00:00,23,1,0,0,T3,13,11,8,15,Clear,1,2679,0.6070647825663249,3101,200,100
2024-01-17 00:00:00,0,2,0,0,T2,5,17,9,15,Clear,1,802,0.6235204424541818,1123,133,29
2024-01-17 01:00:00,1,2,0,0,T2,12,13,14,12,Clear,1,2149,0.37105449061771834,2421,200,68
2024-01-17 02:00:00,2,2,0,0,T2,14,11,13,9,Rainy,1,1997,0.6026058896196238,3129,200,81
2024-01-17 03:00:00,3,2,0,0,T2,8,10,12,12,Clear,1,1300,0.3296191862455656,1462,200,82
2024-01-17 04:00:00,4,2,0,0,T1,7,18,14,10,Clear,1,1292,0.4659115612721233,1555,139,34
2024-01-17 05:00:00,5,2,0,0,T1,5,11,10,14,Rainy,1,1149,0.5279444297129594,1383,188,100
2024-01-17 06:00:00,6,2,0,1,T2,23,24,18,8,Clear,1,5584,0.3355141102776536,6419,200,28
2024-01-17 07:00:00,7,2,0,1,T1,20,29,24,17,Foggy,1,6277,0.44190206845190305,9262,200,38
2024-01-17 08:00:00,8,2,0,1,T3,25,29,17,18,Rainy,1,7227,0.5784873590100121,9787,200,35
2024-01-17 09:00:00,9,2,0,1,T1,17,25,15,15,Rainy,1,6001,0.41079591271395416,6916,200,46
2024-01-17 10:00:00,10,2,0,0,T1,5,13,8,8,Clear,1,711,0.5078428381889384,1127,147,47
2024-01-17 11:00:00,11,2,0,0,T2,7,15,14,19,Clear,1,1558,0.34210922488253537,1743,144,33
2024-01-17 12:00:00,12,2,0,0,T2,10,17,10,16,Clear,1,1468,0.3577458235478697,1846,147,36
2024-01-17 13:00:00,13,2,0,0,T2,12,15,9,16,Clear,1,1807,0.607651560648712,2083,200,44
2024-01-17 14:00:00,14,2,0,0,T3,13,17,13,18,Clear,1,2289,0.37901875216282277,2825,200,35
2024-01-17 15:00:00,15,2,0,0,T1,14,19,9,15,Clear,1,2293,0.40660393489759933,2774,200,52
2024-01-17 16:00:00,16,2,0,0,T1,13,19,13,17,Clear,1,1829,0.668550395811258,2499,200,44
2024-01-17 17:00:00,17,2,0,1,T3,27,34,15,13,Clear,1,6935,0.6713904526406,8140,200,36
2024-01-17 18:00:00,18,2,0,1,T2,24,32,21,10,Clear,1,5569,0.5009608878828733,6972,200,21
2024-01-17 19:00:00,19,2,0,1,T1,20,24,19,16,Rainy,1,7009,0.680735418786664,8860,200,49
2024-01-17 20:00:00,20,2,0,1,T1,15,34,17,19,Rainy,1,4484,0.5702155711268568,6501,200,26
2024-01-17 21:00:00,21,2,0,0,T2,13,12,9,13,Clear,1,2792,0.5070852321941669,3176,200,81
2024-01-17 22:00:00,22,2,0,0,T1,8,14,13,17,Clear,1,1486,0.6351848699344339,1840,200,56
2024-01-17 23:00:00,23,2,0,0,T3,11,15,9,15,Clear,1,1663,0.34055795353320534,1878,200,40
2024-01-18 00:00:00,0,3,0,0,T3,11,16,12,8,Clear,1,1681,0.6816349412142857,2555,200,43
2024-01-18 01:00:00,1,3,0,0,T1,7,13,12,14,Clear,1,1424,0.3037423871629707,1621,200,44
2024-01-18 02:00:00,2,3,0,0,T2,7,14,10,8,Rainy,1,1416,0.5746028740200965,1603,200,57
2024-01-18 03:00:00,3,3,0,0,T2,10,11,14,10,Clear,1,1846,0.30179179076788304,2236,200,38
2024-01-18 04:00:00,4,3,0,0,T1,8,16,9,12,Rainy,1,1491,0.4916367684196916,2369,200,81
2024-01-18 05:00:00,5,3,0,0,T3,5,15,10,16,Foggy,1,1076,0.3013266817619606,1255,200,76
2024-01-18 06:00:00,6,3,0,1,T1,17,30,16,10,Clear,1,3647,0.405823651198234,4462,200,41
2024-01-18 07:00:00,7,3,0,1,T3,22,34,21,8,Clear,1,4453,0.6826540053910451,6659,200,31
2024-01-18 08:00:00,8,3,0,1,T1,23,24,17,18,Foggy,1,6371,0.5901460611374808,9692,200,43
2024-01-18 09:00:00,9,3,0,1,T2,29,34,22,13,Clear,1,5778,0.6798544814487864,7732,200,18
2024-01-18 10:00:00,10,3,0,0,T1,8,18,10,17,Rainy,1,1497,0.5699478423614639,2137,200,60
2024-01-18 11:00:00,11,3,0,0,T2,14,16,14,13,Clear,1,2177,0.6782174248703877,2464,200,52
2024-01-18 12:00:00,12,3,0,0,T1,8,17,13,17,Foggy,1,1600,0.6774522626534338,2200,200,73
2024-01-18 13:00:00,13,3,0,0,T2,10,16,9,14,Clear,1,1418,0.5162572991809401,1989,200,45
2024-01-18 14:00:00,14,3,0,0,T1,8,15,9,19,Foggy,1,1357,0.4049719940229272,1974,200,87
2024-01-18 15:00:00,15,3,0,0,T2,10,10,8,16,Clear,1,2063,0.556261266328045,2381,200,98
2024-01-18 16:00:00,16,3,0,0,T1,6,12,12,13,Clear,1,866,0.30360982190687325,1297,113,35
2024-01-18 17:00:00,17,3,0,1,T3,21,24,18,16,Clear,1,5505,0.6598964363918977,7457,200,32
2024-01-18 18:00:00,18,3,0,1,T1,26,22,21,10,Clear,1,7335,0.37444889781150237,9491,200,27
2024-01-18 19:00:00,19,3,0,1,T1,23,32,20,15,Rainy,1,4800,0.5849718930739789,7466,200,23
2024-01-18 20:00:00,20,3,0,1,T1,22,34,20,15,Rainy,1,6509,0.46890370439483076,7393,200,39
2024-01-18 21:00:00,21,3,0,0,T3,7,17,12,10,Clear,1,1104,0.63112569773765,1377,122,34
2024-01-18 22:00:00,22,3,0,0,T2,12,15,10,12,Clear,1,2095,0.4180919909486539,2340,200,71
2024-01-18 23:00:00,23,3,0,0,T2,10,12,8,15,Clear,1,1353,0.6458626430944054,2221,200,58
2024-01-19 00:00:00,0,4,0,0,T1,8,11,13,12,Clear,1,1245,0.5558752505517712,1772,200,48
2024-01-19 01:00:00,1,4,0,0,T3,8,15,8,13,Clear,1,1320,0.626903524405552,1823,200,39
2024-01-19 02:00:00,2,4,0,0,T1,7,13,8,8,Clear,1,1358,0.5424774498937316,1699,200,77
2024-01-19 03:00:00,3,4,0,0,T2,9,12,10,17,Rainy,1,2149,0.6663412399767009,2432,200,101
2024-01-19 04:00:00,4,4,0,0,T2,8,14,9,15,Clear,1,1448,0.5784752717091131,1931,200,81
2024-01-19 05:00:00,5,4,0,0,T3,10,11,13,18,Rainy,1,1999,0.5430736961805078,3158,200,77
2024-01-19 06:00:00,6,4,0,1,T2,15,20,15,8,Clear,1,2982,0.5771342936570365,4751,200,49
2024-01-19 07:00:00,7,4,0,1,T1,25,33,22,16,Clear,1,5579,0.329601830279801,7659,200,32
2024-01-19 08:00:00,8,4,0,1,T2,23,20,17,11,Clear,1,4733,0.3183575471500197,7705,200,45
2024-01-19 09:00:00,9,4,0,1,T3,28,33,21,15,Clear,1,7188,0.3966651241498325,9489,200,35
2024-01-19 10:00:00,10,4,0,0,T1,14,16,13,14,Clear,1,1657,0.37350347245646337,2723,200,60
2024-01-19 11:00:00,11,4,0,0,T2,5,14,10,9,Clear,1,651,0.6501361148144805,1013,97,35
2024-01-19 12:00:00,12,4,0,0,T2,11,11,12,17,Clear,1,1786,0.6955921868065501,2127,200,72
2024-01-19 13:00:00,13,4,0,0,T1,11,15,8,19,Clear,1,1505,0.3084661790448297,2158,200,52
2024-01-19 14:00:00,14,4,0,0,T1,8,11,14,12,Clear,1,1274,0.4629533303217735,2032,200,77
2024-01-19 15:00:00,15,4,0,0,T3,13,12,10,18,Rainy,1,2024,0.5436235664776592,3174,200,58
2024-01-19 16:00:00,16,4,0,0,T2,13,17,10,9,Clear,1,1909,0.48529469429493644,2993,200,48
2024-01-19 17:00:00,17,4,0,1,T2,29,24,16,13,Clear,1,7289,0.5816332143602518,8708,200,33
2024-01-19 18:00:00,18,4,0,1,T1,21,31,19,19,Foggy,1,6228,0.4168088336052097,8512,200,39
2024-01-19 19:00:00,19,4,0,1,T1,29,23,21,11,Rainy,1,8705,0.6501046430631992,10865,200,51
2024-01-19 20:00:00,20,4,0,1,T3,20,27,22,13,Clear,1,4851,0.6180210427513455,6556,200,34
2024-01-19 21:00:00,21,4,0,0,T3,9,11,14,10,Clear,1,1796,0.3607772119629764,2002,200,57
2024-01-19 22:00:00,22,4,0,0,T2,6,16,14,17,Clear,1,913,0.5778097987142305,1388,136,38
2024-01-19 23:00:00,23,4,0,0,T2,7,15,12,18,Clear,1,1267,0.47158603183396075,1512,114,45
2024-01-20 00:00:00,0,5,1,0,T1,12,16,11,16,Rainy,1,2334,0.4833650092221833,3152,200,52
2024-01-20 01:00:00,1,5,1,0,T3,7,13,10,15,Clear,1,995,0.6195652671143412,1583,200,60
2024-01-20 02:00:00,2,5,1,0,T3,10,19,13,13,Clear,1,1728,0.5373317610037799,2476,200,57
2024-01-20 03:00:00,3,5,1,0,T3,10,14,12,13,Rainy,1,2458,0.5861851740976358,3194,200,67
2024-01-20 04:00:00,4,5,1,0,T3,11,10,8,10,Clear,1,1831,0.42040931036811346,2904,200,93
2024-01-20 05:00:00,5,5,1,0,T2,11,16,14,8,Clear,1,1976,0.38030905934177,2853,200,52
2024-01-20 06:00:00,6,5,1,1,T3,18,24,24,16,Clear,1,6300,0.6523693196352953,7816,200,26
2024-01-20 07:00:00,7,5,1,1,T1,21,29,16,10,Clear,1,5988,0.6062362647661155,8645,200,37
2024-01-20 08:00:00,8,5,1,1,T3,24,23,15,8,Clear,1,6655,0.6411137060368897,8665,200,33
2024-01-20 09:00:00,9,5,1,1,T2,20,33,21,19,Rainy,1,8430,0.45730946306359566,10159,200,27
2024-01-20 10:00:00,10,5,1,0,T2,14,12,12,12,Foggy,1,2805,0.4942539632524936,4191,200,99
2024-01-20 11:00:00,11,5,1,0,T3,13,19,9,9,Rainy,1,3196,0.32734835172423593,4003,200,72
2024-01-20 12:00:00,12,5,1,0,T2,10,16,13,14,Clear,1,2166,0.5207046236667513,2498,200,42
2024-01-20 13:00:00,13,5,1,0,T1,8,14,12,12,Clear,1,1464,0.37315785477905083,1969,153,55
2024-01-20 14:00:00,14,5,1,0,T3,8,14,11,12,Rainy,1,1710,0.553636013744732,2719,200,65
2024-01-20 15:00:00,15,5,1,0,T1,7,11,12,8,Foggy,1,1652,0.3983325073159884,2219,200,95
2024-01-20 16:00:00,16,5,1,0,T2,7,12,13,14,Foggy,1,1866,0.47015123887925836,2915,200,55
2024-01-20 17:00:00,17,5,1,1,T2,19,22,24,19,Clear,1,7048,0.3190199208740903,9086,200,25
2024-01-20 18:00:00,18,5,1,1,T2,27,23,18,9,Clear,1,8125,0.3695136815249402,12905,200,39
2024-01-20 19:00:00,19,5,1,1,T2,25,23,15,19,Clear,1,7392,0.6844881573207748,8439,200,44
2024-01-20 20:00:00,20,5,1,1,T2,15,20,19,13,Rainy,1,5788,0.6030021203821905,7004,200,41
2024-01-20 21:00:00,21,5,1,0,T1,7,11,12,11,Clear,1,1420,0.5714020907306976,1853,200,49
2024-01-20 22:00:00,22,5,1,0,T1,6,17,12,12,Clear,1,1253,0.44868651915959373,1702,128,23
2024-01-20 23:00:00,23,5,1,0,T3,13,12,12,10,Clear,1,2750,0.35409631424982235,3975,200,55
2024-01-21 00:00:00,0,6,1,0,T1,8,10,9,10,Clear,1,1397,0.4026234024995805,2135,200,58
2024-01-21 01:00:00,1,6,1,0,T1,12,10,12,8,Foggy,1,2290,0.5962381947548812,3557,200,80
2024-01-21 02:00:00,2,6,1,0,T1,5,15,9,16,Clear,1,949,0.30851993517077175,1328,193,40
2024-01-21 03:00:00,3,6,1,0,T1,6,17,13,18,Clear,1,1265,0.47088861154492156,1946,200,46
2024-01-21 04:00:00,4,6,1,0,T2,13,14,10,15,Clear,1,2686,0.6306443865407867,3302,200,63
2024-01-21 05:00:00,5,6,1,0,T3,7,14,11,18,Clear,1,1188,0.4434088715211384,1496,127,30
2024-01-21 06:00:00,6,6,1,1,T2,27,31,15,12,Foggy,1,10345,0.32493339926337633,14850,200,25
2024-01-21 07:00:00,7,6,1,1,T1,21,25,18,18,Clear,1,5244,0.4013711847965587,8344,200,29
2024-01-21 08:00:00,8,6,1,1,T1,21,25,22,16,Clear,1,5027,0.6515419409998413,7525,200,31
2024-01-21 09:00:00,9,6,1,1,T1,22,31,17,15,Clear,1,6924,0.3758007901305528,10559,200,18
2024-01-21 10:00:00,10,6,1,0,T2,10,15,10,17,Clear,1,1932,0.5287489018037416,2835,200,66
2024-01-21 11:00:00,11,6,1,0,T1,14,18,9,16,Clear,1,2946,0.3224721438872445,3705,200,61
2024-01-21 12:00:00,12,6,1,0,T3,7,19,9,19,Clear,1,1347,0.3054177295697608,1933,164,44
2024-01-21 13:00:00,13,6,1,0,T3,6,11,10,15,Clear,1,1394,0.4187669326709526,1709,200,82
2024-01-21 14:00:00,14,6,1,0,T1,12,10,10,8,Clear,1,2933,0.5069388749452302,3700,200,92
2024-01-21 15:00:00,15,6,1,0,T1,8,15,10,18,Clear,1,1140,0.4011347324905619,1861,200,54
2024-01-21 16:00:00,16,6,1,0,T1,7,11,12,19,Clear,1,1484,0.5097842403603925,1967,200,77
2024-01-21 17:00:00,17,6,1,1,T3,29,21,19,13,Rainy,1,7510,0.6805939070040279,12139,200,47
2024-01-21 18:00:00,18,6,1,1,T3,15,24,16,11,Clear,1,4160,0.3659208589023311,5931,200,43
2024-01-21 19:00:00,19,6,1,1,T1,28,28,23,15,Clear,1,7749,0.30773085910081627,10367,200,30
2024-01-21 20:00:00,20,6,1,1,T1,28,23,23,18,Clear,1,9349,0.5354216354882976,10397,200,45
2024-01-21 21:00:00,21,6,1,0,T1,11,15,11,19,Clear,1,2050,0.5414042165704054,2922,200,51
2024-01-21 22:00:00,22,6,1,0,T1,13,18,12,16,Clear,1,2792,0.46349037131050586,3259,200,60
2024-01-21 23:00:00,23,6,1,0,T3,9,10,13,16,Clear,1,1998,0.5526790371292427,2787,200,68
2024-01-22 00:00:00,0,0,0,0,T3,7,10,13,12,Clear,1,1356,0.4588392145418106,1748,200,72
2024-01-22 01:00:00,1,0,0,0,T3,11,15,14,19,Clear,1,1738,0.32959362003668763,1945,165,50
2024-01-22 02:00:00,2,0,0,0,T1,7,12,8,19,Clear,1,1075,0.5156911770673694,1541,167,64
2024-01-22 03:00:00,3,0,0,0,T2,5,12,10,14,Clear,1,868,0.5572070729656009,1114,157,62
2024-01-22 04:00:00,4,0,0,0,T2,11,11,13,16,Clear,1,1462,0.4793466209577904,2181,200,53
2024-01-22 05:00:00,5,0,0,0,T3,11,10,10,15,Rainy,1,1932,0.3874696871663763,2449,200,61
2024-01-22 06:00:00,6,0,0,1,T2,26,28,18,15,Rainy,1,9150,0.3350938657523567,11618,200,36
2024-01-22 07:00:00,7,0,0,1,T1,18,25,19,8,Clear,1,2926,0.6996548304866039,4519,200,24
2024-01-22 08:00:00,8,0,0,1,T1,27,29,16,14,Clear,1,6618,0.6884414975956636,8071,200,34
2024-01-22 09:00:00,9,0,0,1,T2,24,24,22,16,Clear,1,5241,0.4528583867555073,6922,200,29
2024-01-22 10:00:00,10,0,0,0,T1,10,14,11,14,Clear,1,1299,0.5685902164290408,1858,200,41
2024-01-22 11:00:00,11,0,0,0,T2,8,13,11,9,Clear,1,1436,0.6644941453032591,1611,200,65
2024-01-22 12:00:00,12,0,0,0,T1,5,10,13,18,Clear,1,559,0.3132789634260042,812,114,38
2024-01-22 13:00:00,13,0,0,0,T3,7,16,14,8,Clear,1,1544,0.45524747628815015,1768,150,40
2024-01-22 14:00:00,14,0,0,0,T2,7,14,8,9,Rainy,1,1456,0.6461275232511239,1864,200,96
2024-01-22 15:00:00,15,0,0,0,T1,5,19,9,18,Rainy,1,1224,0.6079264637750774,1412,180,36
2024-01-22 16:00:00,16,0,0,0,T1,11,13,9,8,Clear,1,2231,0.6605672945517383,2637,200,58
2024-01-22 17:00:00,17,0,0,1,T1,19,26,21,10,Rainy,1,5143,0.3693492619305363,6938,200,27
2024-01-22 18:00:00,18,0,0,1,T1,15,25,22,15,Clear,1,4240,0.5699687108417988,4966,200,33
2024-01-22 19:00:00,19,0,0,1,T1,20,30,23,12,Clear,1,5039,0.4955967929244661,7131,200,21
2024-01-22 20:00:00,20,0,0,1,T3,23,26,22,12,Clear,1,4711,0.5413362518008906,6284,200,40
2024-01-22 21:00:00,21,0,0,0,T3,14,19,12,19,Clear,1,1716,0.5969189068014955,2800,200,53
2024-01-22 22:00:00,22,0,0,0,T3,12,13,13,15,Rainy,1,2076,0.3513398249734099,2772,200,68
2024-01-22 23:00:00,23,0,0,0,T1,10,11,13,10,Rainy,1,2164,0.3383061440425979,3030,200,91
2024-01-23 00:00:00,0,1,0,0,T2,8,18,11,13,Rainy,1,1505,0.3966361763415549,1918,200,43
2024-01-23 01:00:00,1,1,0,0,T2,10,15,13,14,Clear,1,1310,0.5675655708937111,1787,200,44
2024-01-23 02:00:00,2,1,0,0,T2,8,12,14,10,Clear,1,1425,0.4594816513711727,1810,200,49
2024-01-23 03:00:00,3,1,0,0,T1,10,16,11,8,Rainy,1,2192,0.5450700227140883,2602,200,72
2024-01-23 04:00:00,4,1,0,0,T2,8,12,13,9,Clear,1,987,0.3368490432584294,1436,171,62
2024-01-23 05:00:00,5,1,0,0,T2,11,11,9,11,Rainy,1,2606,0.3099665118743724,2925,200,99
2024-01-23 06:00:00,6,1,0,1,T1,21,25,19,19,Clear,1,4649,0.5616536299893351,7473,200,27
2024-01-23 07:00:00,7,1,0,1,T1,17,26,17,12,Rainy,1,4674,0.6581706334674514,6301,200,36
2024-01-23 08:00:00,8,1,0,1,T1,22,31,22,13,Clear,1,4930,0.300008207184358,6280,200,30
2024-01-23 09:00:00,9,1,0,1,T2,28,24,20,8,Clear,1,7828,0.3106581164655469,9299,200,21
2024-01-23 10:00:00,10,1,0,0,T2,10,11,10,19,Rainy,1,1680,0.3647256561991229,2341,200,106
2024-01-23 11:00:00,11,1,0,0,T2,12,15,13,14,Foggy,1,2719,0.5881201333100379,3850,200,74
2024-01-23 12:00:00,12,1,0,0,T3,14,16,8,10,Clear,1,2151,0.38788964473182236,2588,200,64
2024-01-23 13:00:00,13,1,0,0,T2,8,17,9,17,Clear,1,1358,0.47736507847915194,1797,200,38
2024-01-23 14:00:00,14,1,0,0,T1,8,16,14,16,Clear,1,1054,0.6638498117648726,1427,123,27
2024-01-23 15:00:00,15,1,0,0,T2,12,11,13,18,Clear,1,1372,0.3985970100281122,2109,200,72
2024-01-23 16:00:00,16,1,0,0,T2,5,16,13,9,Clear,1,848,0.6260569268750551,1216,131,45
2024-01-23 17:00:00,17,1,0,1,T2,16,27,17,8,Rainy,1,5817,0.4590905662024353,6920,200,37
2024-01-23 18:00:00,18,1,0,1,T1,16,22,17,15,Clear,1,3516,0.6190149042327506,5492,200,44
2024-01-23 19:00:00,19,1,0,1,T1,21,22,23,12,Clear,1,4533,0.5007280463441202,5376,200,28
2024-01-23 20:00:00,20,1,0,1,T2,20,30,19,8,Foggy,1,6954,0.38340241925608626,8392,200,28
2024-01-23 21:00:00,21,1,0,0,T2,10,11,12,11,Clear,1,1555,0.6879503461742114,2062,200,89
2024-01-23 22:00:00,22,1,0,0,T2,9,15,11,15,Clear,1,1051,0.3403855244964804,1556,168,44
2024-01-23 23:00:00,23,1,0,0,T3,9,12,10,13,Clear,1,1558,0.3360377052672714,1764,200,50
2024-01-24 00:00:00,0,2,0,0,T3,12,17,12,19,Foggy,1,1740,0.45578047139676947,2808,200,58
2024-01-24 01:00:00,1,2,0,0,T2,11,10,8,15,Clear,1,1722,0.48142916571149963,1942,200,106
2024-01-24 02:00:00,2,2,0,0,T1,10,13,8,13,Clear,1,1086,0.5019191335715913,1749,200,56
2024-01-24 03:00:00,3,2,0,0,T2,11,14,10,17,Clear,1,2055,0.3884975777648195,2566,200,63
2024-01-24 04:00:00,4,2,0,0,T1,6,13,11,15,Clear,1,965,0.41166953702139103,1174,115,38
2024-01-24 05:00:00,5,2,0,0,T1,7,15,9,19,Rainy,1,1417,0.52415050635283,1785,184,79
2024-01-24 06:00:00,6,2,0,1,T2,16,21,17,18,Foggy,1,5457,0.6069154277192372,7794,200,60
2024-01-24 07:00:00,7,2,0,1,T1,20,31,17,18,Clear,1,5013,0.38395106866751566,7382,200,39
2024-01-24 08:00:00,8,2,0,1,T3,23,33,19,16,Clear,1,6064,0.5608676508367028,6836,200,32
2024-01-24 09:00:00,9,2,0,1,T3,21,23,18,15,Clear,1,4518,0.5982541088689421,5614,200,29
2024-01-24 10:00:00,10,2,0,0,T1,9,18,10,13,Rainy,1,1791,0.661496779723731,2710,200,62
2024-01-24 11:00:00,11,2,0,0,T3,11,18,12,8,Clear,1,1540,0.480532485303794,1762,200,38
2024-01-24 12:00:00,12,2,0,0,T3,10,16,9,18,Foggy,1,1668,0.3234126957101507,2310,200,60
2024-01-24 13:00:00,13,2,0,0,T2,7,19,13,10,Clear,1,1024,0.4856783466579789,1688,125,21
2024-01-24 14:00:00,14,2,0,0,T3,10,18,8,11,Foggy,1,2314,0.6458944946447596,2700,200,84
2024-01-24 15:00:00,15,2,0,0,T1,5,12,9,10,Clear,1,545,0.659733782693254,909,167,40
2024-01-24 16:00:00,16,2,0,0,T1,11,15,14,14,Clear,1,1851,0.36403046499734415,2760,200,33
2024-01-24 17:00:00,17,2,0,1,T3,23,33,20,17,Clear,1,4830,0.3686299775052544,6811,200,26
2024-01-24 18:00:00,18,2,0,1,T2,17,32,21,9,Foggy,1,6407,0.6129413785951161,7372,200,39
2024-01-24 19:00:00,19,2,0,1,T2,17,29,15,16,Clear,1,4551,0.39922458441784014,6071,200,16
2024-01-24 20:00:00,20,2,0,1,T1,19,20,24,19,Foggy,1,5278,0.6327253968250994,7752,200,48
2024-01-24 21:00:00,21,2,0,0,T1,8,15,8,8,Clear,1,1682,0.6013965229352174,1881,190,74
2024-01-24 22:00:00,22,2,0,0,T3,14,12,11,19,Clear,1,2488,0.6880357726968496,2901,200,68
2024-01-24 23:00:00,23,2,0,0,T3,10,18,11,12,Foggy,1,2176,0.41208806144428145,2864,200,51
2024-01-25 00:00:00,0,3,0,0,T2,13,11,11,11,Clear,1,2365,0.5902580753122668,3011,200,54
2024-01-25 01:00:00,1,3,0,0,T1,10,15,11,18,Rainy,1,1751,0.6800688371346277,2760,200,45
2024-01-25 02:00:00,2,3,0,0,T2,7,19,8,18,Clear,1,907,0.5656752078025042,1148,110,24
2024-01-25 03:00:00,3,3,0,0,T3,12,13,12,16,Rainy,1,2843,0.5236699194986023,3207,200,81
2024-01-25 04:00:00,4,3,0,0,T2,5,12,8,9,Rainy,1,986,0.3357792993699383,1288,178,79
2024-01-25 05:00:00,5,3,0,0,T2,10,13,10,18,Rainy,1,2122,0.5404619812360927,2565,200,103
2024-01-25 06:00:00,6,3,0,1,T3,24,20,24,13,Foggy,1,6767,0.5050858496473187,9008,200,51
2024-01-25 07:00:00,7,3,0,1,T1,21,22,22,13,Rainy,1,6855,0.36137268950387724,8770,200,46
2024-01-25 08:00:00,8,3,0,1,T2,16,30,23,14,Foggy,1,3402,0.4160370276750996,5495,200,28
2024-01-25 09:00:00,9,3,0,1,T2,17,26,17,8,Clear,1,3625,0.5228487593286553,4564,200,30
2024-01-25 10:00:00,10,3,0,0,T1,11,19,9,14,Clear,1,1536,0.35332686251242035,2157,200,67
2024-01-25 11:00:00,11,3,0,0,T2,11,12,14,18,Foggy,1,1832,0.46272646081243424,2533,200,54
2024-01-25 12:00:00,12,3,0,0,T3,9,14,8,15,Foggy,1,1767,0.6532627554648216,2496,200,68
2024-01-25 13:00:00,13,3,0,0,T1,10,15,9,18,Clear,1,1816,0.5320067541548602,2372,200,84
2024-01-25 14:00:00,14,3,0,0,T1,10,18,12,8,Rainy,1,1226,0.38938813027023134,2008,200,63
2024-01-25 15:00:00,15,3,0,0,T2,12,14,9,12,Foggy,1,2806,0.30883191362216184,3694,200,66
2024-01-25 16:00:00,16,3,0,0,T2,5,18,8,10,Clear,1,726,0.5963657844948723,859,80,30
2024-01-25 17:00:00,17,3,0,1,T3,18,31,23,14,Foggy,1,4991,0.6834553045198822,7439,200,28
2024-01-25 18:00:00,18,3,0,1,T2,28,27,17,10,Clear,1,7741,0.5062039537802333,9579,200,42
2024-01-25 19:00:00,19,3,0,1,T3,27,31,15,11,Clear,1,5003,0.41496624683224803,8043,200,29
2024-01-25 20:00:00,20,3,0,1,T2,19,20,17,15,Clear,1,4863,0.41002122533626145,6647,200,49
2024-01-25 21:00:00,21,3,0,0,T3,11,12,11,9,Clear,1,1704,0.5051015570124395,2006,200,36
2024-01-25 22:00:00,22,3,0,0,T1,8,18,10,18,Clear,1,1254,0.352846257751604,1761,200,55
2024-01-25 23:00:00,23,3,0,0,T1,9,19,12,19,Clear,1,1283,0.6665807087271456,1617,130,35
2024-01-26 00:00:00,0,4,0,0,T1,6,17,9,10,Clear,1,796,0.31180482579796015,1129,148,34
2024-01-26 01:00:00,1,4,0,0,T1,13,16,12,19,Clear,1,1713,0.6890231852187677,2334,200,57
2024-01-26 02:00:00,2,4,0,0,T3,6,17,10,10,Clear,1,931,0.3109944185150815,1088,99,20
2024-01-26 03:00:00,3,4,0,0,T1,9,19,10,11,Rainy,1,1394,0.4427143405478593,2196,200,63
2024-01-26 04:00:00,4,4,0,0,T2,7,11,13,17,Clear,1,1232,0.31651276595540795,1686,147,60
2024-01-26 05:00:00,5,4,0,0,T2,11,19,12,14,Rainy,1,2379,0.556744311505208,3183,200,66
2024-01-26 06:00:00,6,4,0,1,T2,18,28,20,12,Rainy,1,4359,0.6708294128216992,6796,200,50
2024-01-26 07:00:00,7,4,0,1,T2,27,21,17,8,Clear,1,5055,0.5241021820004629,8194,200,46
2024-01-26 08:00:00,8,4,0,1,T3,23,21,24,15,Clear,1,5993,0.3530626081289157,7178,200,42
2024-01-26 09:00:00,9,4,0,1,T1,24,30,17,19,Foggy,1,6689,0.6485340470684425,9922,200,45
2024-01-26 10:00:00,10,4,0,0,T1,7,11,12,17,Clear,1,1372,0.6096428481504164,1629,200,51
2024-01-26 11:00:00,11,4,0,0,T1,5,12,14,15,Clear,1,1026,0.5028509114057687,1154,100,17
2024-01-26 12:00:00,12,4,0,0,T1,12,15,9,11,Clear,1,2532,0.5423661314660334,3035,200,80
2024-01-26 13:00:00,13,4,0,0,T1,11,11,11,12,Rainy,1,2195,0.35804599370305623,2541,200,61
2024-01-26 14:00:00,14,4,0,0,T1,6,17,14,13,Clear,1,1068,0.6600563862826186,1300,161,47
2024-01-26 15:00:00,15,4,0,0,T1,9,16,12,15,Clear,1,1868,0.6973521281316852,2210,200,45
2024-01-26 16:00:00,16,4,0,0,T3,7,11,13,9,Clear,1,1216,0.307451317111087,1618,200,65
2024-01-26 17:00:00,17,4,0,1,T1,17,20,16,9,Clear,1,4337,0.48831631121688623,6327,200,48
2024-01-26 18:00:00,18,4,0,1,T1,28,23,22,8,Rainy,1,10594,0.5644058428130951,11923,200,45
2024-01-26 19:00:00,19,4,0,1,T3,19,27,23,14,Clear,1,4414,0.5477499314293928,5070,200,33
2024-01-26 20:00:00,20,4,0,1,T1,22,34,16,15,Clear,1,4948,0.5114944539181014,5587,200,34
2024-01-26 21:00:00,21,4,0,0,T3,14,15,11,17,Rainy,1,2337,0.6808541679138771,3239,200,80
2024-01-26 22:00:00,22,4,0,0,T2,14,14,9,11,Clear,1,2849,0.5391086244888289,3261,200,79
2024-01-26 23:00:00,23,4,0,0,T3,7,16,10,11,Clear,1,1290,0.5088597564320235,1757,178,37
2024-01-27 00:00:00,0,5,1,0,T3,11,15,9,19,Clear,1,2801,0.44339354926336905,3221,200,73
2024-01-27 01:00:00,1,5,1,0,T2,12,12,13,19,Clear,1,2385,0.4557444657991139,2948,200,45
2024-01-27 02:00:00,2,5,1,0,T2,14,19,8,9,Rainy,1,3887,0.6258456214509536,5303,200,63
2024-01-27 03:00:00,3,5,1,0,T1,6,16,9,14,Clear,1,977,0.5016307221223539,1444,137,34
2024-01-27 04:00:00,4,5,1,0,T1,6,12,10,13,Clear,1,1337,0.5765625389500469,1548,200,67
2024-01-27 05:00:00,5,5,1,0,T3,14,19,13,17,Clear,1,2430,0.5275086310361337,3834,200,57
2024-01-27 06:00:00,6,5,1,1,T3,25,25,21,15,Clear,1,7763,0.4968769532055032,8648,200,23
2024-01-27 07:00:00,7,5,1,1,T2,15,24,22,10,Clear,1,4550,0.4588587610079465,5914,200,38
2024-01-27 08:00:00,8,5,1,1,T1,21,21,24,8,Clear,1,7049,0.3491321395678803,8369,200,35
2024-01-27 09:00:00,9,5,1,1,T2,17,24,18,12,Foggy,1,5361,0.30915250960787355,8717,200,34
2024-01-27 10:00:00,10,5,1,0,T2,11,11,11,18,Clear,1,2850,0.49427208828781544,3482,200,54
2024-01-27 11:00:00,11,5,1,0,T1,12,17,10,15,Clear,1,1876,0.36580073820058545,3084,200,41
2024-01-27 12:00:00,12,5,1,0,T3,14,10,11,11,Foggy,1,5200,0.3510972510036065,5971,200,79
2024-01-27 13:00:00,13,5,1,0,T1,8,10,12,8,Clear,1,1369,0.5076986710539545,2186,200,89
2024-01-27 14:00:00,14,5,1,0,T1,14,10,11,11,Foggy,1,3686,0.6004677980711546,5002,200,94
2024-01-27 15:00:00,15,5,1,0,T2,8,19,9,13,Clear,1,1276,0.5391667433604977,1751,189,30
2024-01-27 16:00:00,16,5,1,0,T1,10,10,8,14,Clear,1,2379,0.3375894977633531,2847,200,77
2024-01-27 17:00:00,17,5,1,1,T3,21,25,24,17,Clear,1,8806,0.3759215834665552,9832,200,37
2024-01-27 18:00:00,18,5,1,1,T2,28,30,23,15,Foggy,1,9152,0.48473792173483576,14422,200,46
2024-01-27 19:00:00,19,5,1,1,T2,26,23,24,12,Rainy,1,8179,0.39688705746543695,11925,200,44
2024-01-27 20:00:00,20,5,1,1,T2,21,31,16,12,Clear,1,6699,0.3366216909057528,8961,200,26
2024-01-27 21:00:00,21,5,1,0,T3,9,12,10,8,Clear,1,1472,0.45314511867797713,2178,200,60
2024-01-27 22:00:00,22,5,1,0,T1,6,18,8,15,Rainy,1,1330,0.599906930340335,1865,200,64
2024-01-27 23:00:00,23,5,1,0,T2,12,17,14,19,Rainy,1,3635,0.5157461075378967,4587,200,57
2024-01-28 00:00:00,0,6,1,0,T1,11,10,10,8,Clear,1,2260,0.3448340863626035,3195,200,79
2024-01-28 01:00:00,1,6,1,0,T3,13,12,10,11,Clear,1,2630,0.4639657801495036,3925,200,75
2024-01-28 02:00:00,2,6,1,0,T2,5,19,8,11,Foggy,1,1234,0.47309663314187583,1732,164,64
2024-01-28 03:00:00,3,6,1,0,T1,8,18,10,18,Clear,1,1765,0.4819355696177423,2591,192,34
2024-01-28 04:00:00,4,6,1,0,T3,7,13,13,17,Rainy,1,1544,0.6907836827247958,1848,179,80
2024-01-28 05:00:00,5,6,1,0,T3,7,18,13,10,Clear,1,1309,0.39513690243533295,1737,113,31
2024-01-28 06:00:00,6,6,1,1,T3,24,22,21,11,Clear,1,9807,0.6350679766044887,11347,200,27
2024-01-28 07:00:00,7,6,1,1,T2,19,26,19,15,Rainy,1,5891,0.47042416793709985,8701,200,27
2024-01-28 08:00:00,8,6,1,1,T3,24,30,22,13,Clear,1,8636,0.45347496065536985,9762,200,37
2024-01-28 09:00:00,9,6,1,1,T3,23,25,24,16,Clear,1,5132,0.31217141426585987,8202,200,33
2024-01-28 10:00:00,10,6,1,0,T2,5,13,12,15,Clear,1,917,0.5793571139996849,1120,169,61
2024-01-28 11:00:00,11,6,1,0,T3,12,15,12,13,Clear,1,2661,0.5446268198458732,3663,200,61
2024-01-28 12:00:00,12,6,1,0,T2,8,10,11,19,Clear,1,1791,0.35786926484100606,2482,200,85
2024-01-28 13:00:00,13,6,1,0,T1,10,19,13,10,Rainy,1,2228,0.39558661343543855,3266,200,43
2024-01-28 14:00:00,14,6,1,0,T2,13,12,11,15,Foggy,1,4557,0.49611837791956415,5408,200,64
2024-01-28 15:00:00,15,6,1,0,T1,10,16,11,13,Clear,1,1876,0.32536852983213227,2699,200,66
2024-01-28 16:00:00,16,6,1,0,T1,12,16,11,11,Rainy,1,3396,0.49939113769514587,4426,200,43
2024-01-28 17:00:00,17,6,1,1,T2,27,33,19,17,Clear,1,8434,0.5935550964359497,11782,200,16
2024-01-28 18:00:00,18,6,1,1,T2,28,31,22,18,Clear,1,8318,0.538115055758722,9243,200,31
2024-01-28 19:00:00,19,6,1,1,T2,19,25,22,9,Clear,1,5722,0.33108498480141063,8772,200,29
2024-01-28 20:00:00,20,6,1,1,T2,16,28,18,10,Clear,1,5340,0.5171453909364829,7229,200,17
2024-01-28 21:00:00,21,6,1,0,T3,12,15,13,18,Rainy,1,3297,0.3320725166858218,3808,200,82
2024-01-28 22:00:00,22,6,1,0,T3,8,11,12,13,Rainy,1,1870,0.4529364521164402,2268,200,58
2024-01-28 23:00:00,23,6,1,0,T3,12,10,12,11,Rainy,1,3089,0.3314286329166687,3725,200,84
2024-01-29 00:00:00,0,0,0,0,T2,9,18,14,10,Clear,1,1369,0.6398770613241042,2173,200,36
2024-01-29 01:00:00,1,0,0,0,T3,5,11,8,11,Foggy,1,912,0.5066157301230971,1216,200,120
2024-01-29 02:00:00,2,0,0,0,T1,12,11,13,14,Clear,1,1780,0.3503269871659348,2683,200,59
2024-01-29 03:00:00,3,0,0,0,T1,14,15,9,19,Foggy,1,3813,0.6108638785039315,4486,200,55
2024-01-29 04:00:00,4,0,0,0,T3,8,18,10,12,Rainy,1,1277,0.6227680614162774,1859,200,78
2024-01-29 05:00:00,5,0,0,0,T2,5,10,8,9,Clear,1,494,0.5352764745608569,793,167,77
2024-01-29 06:00:00,6,0,0,1,T1,23,25,21,12,Clear,1,4822,0.5235639147496118,7593,200,31
2024-01-29 07:00:00,7,0,0,1,T1,27,26,15,18,Clear,1,5065,0.6617229220281879,7617,200,37
2024-01-29 08:00:00,8,0,0,1,T3,26,27,21,15,Clear,1,5587,0.648703411919735,8362,200,26
2024-01-29 09:00:00,9,0,0,1,T3,25,24,20,12,Clear,1,4637,0.5533416162637393,7053,200,36
2024-01-29 10:00:00,10,0,0,0,T2,10,17,9,15,Rainy,1,1445,0.5260649335249886,2130,200,56
2024-01-29 11:00:00,11,0,0,0,T1,5,11,13,14,Foggy,1,1188,0.42649937672610966,1501,188,68
2024-01-29 12:00:00,12,0,0,0,T2,6,14,11,11,Clear,1,819,0.5939059765201187,1365,185,38
2024-01-29 13:00:00,13,0,0,0,T3,9,12,14,13,Rainy,1,2003,0.5293180749880594,2509,200,60
2024-01-29 14:00:00,14,0,0,0,T1,13,10,12,17,Rainy,1,1990,0.6931488596611872,2946,200,62
2024-01-29 15:00:00,15,0,0,0,T2,6,19,13,9,Foggy,1,1371,0.5027728413583938,1758,200,67
2024-01-29 16:00:00,16,0,0,0,T2,8,13,9,16,Rainy,1,1542,0.47585830056989487,2341,200,101
2024-01-29 17:00:00,17,0,0,1,T2,25,32,23,18,Clear,1,5468,0.4604270510224564,7152,200,14
2024-01-29 18:00:00,18,0,0,1,T1,27,30,15,8,Foggy,1,8954,0.48463399962485854,12520,200,30
2024-01-29 19:00:00,19,0,0,1,T1,25,21,23,9,Clear,1,6139,0.44155254054157217,8188,200,43
2024-01-29 20:00:00,20,0,0,1,T3,25,21,15,18,Clear,1,4015,0.41585499150073535,6348,200,34
2024-01-29 21:00:00,21,0,0,0,T2,5,16,14,18,Clear,1,891,0.5337989055914668,1078,101,26
2024-01-29 22:00:00,22,0,0,0,T1,10,16,12,8,Clear,1,1412,0.6037883518824911,1779,200,56
2024-01-29 23:00:00,23,0,0,0,T3,7,14,13,10,Rainy,1,1272,0.487041405807378,1459,140,47
2024-01-30 00:00:00,0,1,0,0,T1,9,19,13,19,Rainy,1,2163,0.4002025421247332,2704,200,57
2024-01-30 01:00:00,1,1,0,0,T3,6,15,8,10,Clear,1,757,0.564242932724391,1014,118,36
2024-01-30 02:00:00,2,1,0,0,T1,7,10,10,14,Rainy,1,1731,0.3601166019516779,2003,200,73
2024-01-30 03:00:00,3,1,0,0,T3,7,19,11,13,Clear,1,1095,0.48750431699008956,1651,181,43
2024-01-30 04:00:00,4,1,0,0,T2,14,17,14,12,Clear,1,1662,0.38272194742198734,2629,200,53
2024-01-30 05:00:00,5,1,0,0,T1,9,10,12,19,Clear,1,1007,0.41843084701902455,1545,200,53
2024-01-30 06:00:00,6,1,0,1,T1,17,28,22,12,Clear,1,4065,0.5579989098332183,5488,200,29
2024-01-30 07:00:00,7,1,0,1,T1,24,26,20,10,Clear,1,6211,0.5080372886142829,7747,200,36
2024-01-30 08:00:00,8,1,0,1,T1,19,23,23,19,Clear,1,4949,0.6881644015355679,7117,200,38
2024-01-30 09:00:00,9,1,0,1,T3,21,25,20,11,Clear,1,5599,0.5040120835213018,6510,200,34
2024-01-30 10:00:00,10,1,0,0,T2,8,13,9,18,Clear,1,1348,0.43077089696863113,1934,200,72
2024-01-30 11:00:00,11,1,0,0,T3,8,19,12,15,Clear,1,1235,0.32781414383600654,1905,156,40
2024-01-30 12:00:00,12,1,0,0,T2,11,12,11,13,Clear,1,1919,0.5869214950820176,2586,200,83
2024-01-30 13:00:00,13,1,0,0,T3,12,18,13,19,Clear,1,1627,0.4986664723773403,2687,200,42
2024-01-30 14:00:00,14,1,0,0,T1,13,19,14,16,Rainy,1,1957,0.5161056413183522,2852,200,52
2024-01-30 15:00:00,15,1,0,0,T3,13,17,9,8,Clear,1,1467,0.4844936315257198,2307,200,60
2024-01-30 16:00:00,16,1,0,0,T1,6,15,13,14,Clear,1,781,0.6728446075142319,1239,165,34
2024-01-30 17:00:00,17,1,0,1,T1,26,25,23,10,Clear,1,6966,0.4153924168934911,9385,200,24
2024-01-30 18:00:00,18,1,0,1,T2,15,29,18,18,Clear,1,3983,0.6070504075554629,4432,200,23
2024-01-30 19:00:00,19,1,0,1,T2,25,26,17,11,Rainy,1,7118,0.5853309338055527,9099,200,34
2024-01-30 20:00:00,20,1,0,1,T1,26,33,18,14,Clear,1,5179,0.5976113141943287,8155,200,38
2024-01-30 21:00:00,21,1,0,0,T1,8,13,8,17,Foggy,1,1866,0.6373089960258983,2097,200,95
2024-01-30 22:00:00,22,1,0,0,T2,13,18,8,9,Foggy,1,3134,0.47789346016866885,4212,200,71
2024-01-30 23:00:00,23,1,0,0,T2,10,14,9,16,Clear,1,1555,0.674761379833059,2297,200,59
2024-01-01 00:00:00,0,0,0,0,T1,11,13,14,12,Clear,1,1731,0.4444653609084397,2552,199,59
2024-01-01 01:00:00,1,0,0,0,T2,12,10,11,15,Clear,1,2008,0.5568798832022993,2830,200,75
2024-01-01 02:00:00,2,0,0,0,T1,14,17,14,14,Clear,1,2030,0.5291587446733658,3010,200,57
2024-01-01 03:00:00,3,0,0,0,T3,7,14,9,11,Clear,1,1204,0.5953008174307693,1407,200,54
2024-01-01 04:00:00,4,0,0,0,T1,6,19,12,11,Clear,1,1058,0.5691171097160835,1411,95,20
2024-01-01 05:00:00,5,0,0,0,T1,9,19,14,18,Clear,1,1333,0.32702821446079827,2107,160,46
2024-01-01 06:00:00,6,0,0,1,T1,17,24,19,16,Clear,1,4949,0.33293944853755986,5562,200,26
2024-01-01 07:00:00,7,0,0,1,T3,27,32,22,19,Clear,1,8420,0.5842153437096653,9357,200,38
2024-01-01 08:00:00,8,0,0,1,T2,21,28,17,15,Rainy,1,4642,0.6623470023724345,6553,200,44
2024-01-01 09:00:00,9,0,0,1,T3,15,34,23,13,Clear,1,3488,0.6359266335216054,4855,200,23
2024-01-01 10:00:00,10,0,0,0,T2,8,12,12,15,Rainy,1,1233,0.576003981074783,1781,200,83
2024-01-01 11:00:00,11,0,0,0,T3,11,12,10,14,Foggy,1,2295,0.4690828090121338,3136,200,82
2024-01-01 12:00:00,12,0,0,0,T2,9,16,10,15,Rainy,1,1895,0.5813044359683277,2254,200,55
2024-01-01 13:00:00,13,0,0,0,T1,11,18,8,17,Clear,1,1571,0.5051259816426426,2325,200,63
2024-01-01 14:00:00,14,0,0,0,T2,6,14,10,10,Clear,1,1104,0.571541777533625,1445,153,50
2024-01-01 15:00:00,15,0,0,0,T1,5,10,10,8,Clear,1,841,0.4147290303840846,1160,191,59
2024-01-01 16:00:00,16,0,0,0,T1,14,16,9,17,Clear,1,2531,0.5152019139539135,3126,200,39
2024-01-01 17:00:00,17,0,0,1,T3,28,28,17,18,Clear,1,6096,0.4241044378612166,9778,200,38
2024-01-01 18:00:00,18,0,0,1,T2,27,30,23,13,Clear,1,6677,0.6293491462234571,8952,200,27
2024-01-01 19:00:00,19,0,0,1,T3,26,33,17,15,Clear,1,8026,0.5390575502736461,9242,200,38
2024-01-01 20:00:00,20,0,0,1,T2,21,26,21,9,Clear,1,4330,0.41962164421626097,6274,200,20
2024-01-01 21:00:00,21,0,0,0,T2,5,19,10,14,Clear,1,765,0.5013612343997326,854,74,20
2024-01-01 22:00:00,22,0,0,0,T3,8,10,11,14,Clear,1,1244,0.6697441649055867,1583,200,51
2024-01-01 23:00:00,23,0,0,0,T2,5,11,13,15,Clear,1,1041,0.3579686209352546,1259,200,47
2024-01-02 00:00:00,0,1,0,0,T1,14,12,13,10,Clear,1,2519,0.5525215109312843,3346,200,66
2024-01-02 01:00:00,1,1,0,0,T2,7,11,11,9,Clear,1,1134,0.530249500234879,1470,200,47
2024-01-02 02:00:00,2,1,0,0,T1,9,16,10,11,Clear,1,1496,0.3616603786572448,2185,200,60
2024-01-02 03:00:00,3,1,0,0,T1,8,16,9,15,Foggy,1,1427,0.4961255275853205,2107,200,48
2024-01-02 04:00:00,4,1,0,0,T3,11,13,14,8,Foggy,1,2230,0.5289805896989888,2528,200,73
2024-01-02 05:00:00,5,1,0,0,T1,12,16,13,15,Clear,1,1940,0.3795282763403016,2760,200,41
2024-01-02 06:00:00,6,1,0,1,T2,23,28,22,15,Clear,1,6124,0.6656061968146204,7509,200,34
2024-01-02 07:00:00,7,1,0,1,T2,20,27,15,18,Clear,1,5670,0.4607439622756305,7206,200,34
2024-01-02 08:00:00,8,1,0,1,T3,16,27,17,16,Clear,1,4172,0.36742605224537783,5523,200,42
2024-01-02 09:00:00,9,1,0,1,T1,29,29,15,8,Rainy,1,8545,0.43774992656213757,12161,200,48
2024-01-02 10:00:00,10,1,0,0,T1,14,19,13,11,Clear,1,2308,0.47690270658995637,2626,200,36
2024-01-02 11:00:00,11,1,0,0,T1,10,11,11,15,Clear,1,1518,0.624197724614836,1938,200,72
2024-01-02 12:00:00,12,1,0,0,T3,7,17,13,13,Clear,1,1334,0.3741101309597499,1675,163,41
2024-01-02 13:00:00,13,1,0,0,T2,8,14,8,13,Clear,1,1292,0.48326898530604945,1726,200,54
2024-01-02 14:00:00,14,1,0,0,T1,13,15,10,19,Clear,1,2076,0.6206271297164196,2709,200,48
2024-01-02 15:00:00,15,1,0,0,T2,12,18,11,17,Foggy,1,2142,0.32989618287542105,3117,200,47
2024-01-02 16:00:00,16,1,0,0,T1,12,10,9,9,Clear,1,1842,0.46469981160450646,2274,200,59
2024-01-02 17:00:00,17,1,0,1,T1,20,28,18,11,Clear,1,4992,0.5723998056640209,6014,200,35
2024-01-02 18:00:00,18,1,0,1,T2,25,23,18,16,Clear,1,4642,0.3903285418139155,7307,200,25
2024-01-02 19:00:00,19,1,0,1,T1,25,21,20,16,Rainy,1,8004,0.6341397518033973,8938,200,34
2024-01-02 20:00:00,20,1,0,1,T1,20,28,15,13,Clear,1,4665,0.65232826771854,5225,200,24
2024-01-02 21:00:00,21,1,0,0,T3,11,10,8,9,Rainy,1,1843,0.6969515965724897,2725,200,120
2024-01-02 22:00:00,22,1,0,0,T1,12,13,12,9,Clear,1,1939,0.6864476616002132,2701,200,49
2024-01-02 23:00:00,23,1,0,0,T1,11,12,14,13,Clear,1,1501,0.6078933610296178,2135,198,69
2024-01-03 00:00:00,0,2,0,0,T1,5,16,13,18,Clear,1,591,0.31154254660539227,904,57,13
2024-01-03 01:00:00,1,2,0,0,T2,12,15,14,15,Clear,1,2141,0.3197162682609778,2828,200,45
2024-01-03 02:00:00,2,2,0,0,T1,10,19,8,17,Rainy,1,2174,0.44192935201733047,2893,200,51
2024-01-03 03:00:00,3,2,0,0,T2,11,16,14,10,Clear,1,1570,0.4697564833889708,2362,169,29
2024-01-03 04:00:00,4,2,0,0,T3,10,10,12,9,Clear,1,1732,0.595562364589628,2022,200,74
2024-01-03 05:00:00,5,2,0,0,T1,9,17,10,11,Clear,1,1117,0.6809101801386332,1642,175,35
2024-01-03 06:00:00,6,2,0,1,T2,21,24,17,18,Clear,1,5434,0.47419043694472807,7865,200,47
2024-01-03 07:00:00,7,2,0,1,T3,23,25,16,8,Clear,1,5564,0.5501273883264208,6910,200,26
2024-01-03 08:00:00,8,2,0,1,T2,16,30,15,12,Clear,1,3276,0.43100020140356016,4348,200,30
2024-01-03 09:00:00,9,2,0,1,T1,17,23,17,17,Rainy,1,5428,0.6266486097170945,6633,200,29
2024-01-03 10:00:00,10,2,0,0,T1,11,12,13,13,Clear,1,1491,0.6905436398525223,1888,200,40
2024-01-03 11:00:00,11,2,0,0,T1,13,13,9,13,Rainy,1,2238,0.6216564089658583,3199,200,74
2024-01-03 12:00:00,12,2,0,0,T3,6,14,13,14,Rainy,1,1089,0.5312466911066369,1225,200,89
2024-01-03 13:00:00,13,2,0,0,T3,12,17,14,11,Clear,1,1632,0.68922200619361,2192,147,29
2024-01-03 14:00:00,14,2,0,0,T1,7,19,12,12,Clear,1,962,0.3299129220505697,1167,90,15
2024-01-03 15:00:00,15,2,0,0,T3,12,12,11,15,Rainy,1,2251,0.6615716211384353,2581,200,64
2024-01-03 16:00:00,16,2,0,0,T3,9,15,8,14,Clear,1,1224,0.40345015699458875,1780,200,40
2024-01-03 17:00:00,17,2,0,1,T3,16,24,23,13,Rainy,1,3364,0.3933486525854673,5457,200,48
2024-01-03 18:00:00,18,2,0,1,T1,29,25,24,13,Clear,1,5488,0.4222226536644054,7797,200,20
2024-01-03 19:00:00,19,2,0,1,T2,29,28,18,10,Rainy,1,6789,0.6087121409139851,9608,200,31
2024-01-03 20:00:00,20,2,0,1,T2,20,32,24,10,Rainy,1,6555,0.6387366232401736,8967,200,38
2024-01-03 21:00:00,21,2,0,0,T1,12,16,14,8,Clear,1,1793,0.3930835232709875,2479,188,42
2024-01-03 22:00:00,22,2,0,0,T2,13,18,9,15,Clear,1,2060,0.3910089007252131,2611,200,45
2024-01-03 23:00:00,23,2,0,0,T2,14,12,10,8,Clear,1,1534,0.5119649768462595,2482,200,55
2024-01-04 00:00:00,0,3,0,0,T2,6,16,14,8,Foggy,1,1347,0.32506319452184435,2014,189,63
2024-01-04 01:00:00,1,3,0,0,T1,7,18,14,18,Clear,1,1124,0.4132862508163031,1540,187,43
2024-01-04 02:00:00,2,3,0,0,T1,12,13,10,17,Rainy,1,2112,0.6345424188908484,2999,200,97
2024-01-04 03:00:00,3,3,0,0,T1,12,16,12,9,Clear,1,1839,0.6310660668209951,2460,200,60
2024-01-04 04:00:00,4,3,0,0,T1,13,13,9,18,Clear,1,1903,0.3308053234658486,3155,200,49
2024-01-04 05:00:00,5,3,0,0,T1,11,11,14,16,Foggy,1,2231,0.3142941823520899,2840,200,58
2024-01-04 06:00:00,6,3,0,1,T2,19,33,20,16,Clear,1,6246,0.615976322162044,7140,200,29
2024-01-04 07:00:00,7,3,0,1,T1,23,28,22,16,Clear,1,5930,0.482160262865566,7732,200,26
2024-01-04 08:00:00,8,3,0,1,T3,26,30,18,13,Clear,1,6274,0.5706367957867959,7527,200,35
2024-01-04 09:00:00,9,3,0,1,T2,24,31,18,19,Rainy,1,5253,0.6058505110737571,7969,200,22
2024-01-04 10:00:00,10,3,0,0,T3,8,16,13,13,Clear,1,1123,0.6822319512513481,1662,178,41
2024-01-04 11:00:00,11,3,0,0,T2,5,12,10,11,Clear,1,698,0.547783240263083,865,146,51
2024-01-04 12:00:00,12,3,0,0,T3,13,13,9,14,Foggy,1,3108,0.6741824622423904,3748,200,86
2024-01-04 13:00:00,13,3,0,0,T1,8,14,14,11,Foggy,1,1798,0.6797798263491498,2187,200,51
2024-01-04 14:00:00,14,3,0,0,T2,9,19,8,15,Clear,1,1315,0.5485494781245794,2071,200,60
2024-01-04 15:00:00,15,3,0,0,T2,7,18,11,14,Clear,1,1265,0.5860814043539072,1699,200,62
2024-01-04 16:00:00,16,3,0,0,T2,9,17,10,13,Clear,1,1907,0.5821826033324365,2287,200,66
2024-01-04 17:00:00,17,3,0,1,T2,15,26,18,8,Clear,1,4068,0.5937024175183734,5031,200,17
2024-01-04 18:00:00,18,3,0,1,T1,15,25,23,18,Clear,1,3406,0.4238133703547434,4686,200,28
2024-01-04 19:00:00,19,3,0,1,T3,28,21,17,13,Clear,1,7175,0.4047080040579913,8601,200,50
2024-01-04 20:00:00,20,3,0,1,T1,21,25,17,14,Clear,1,4712,0.6786029289881806,6178,200,26
2024-01-04 21:00:00,21,3,0,0,T1,12,19,14,16,Clear,1,1953,0.5446539816036284,2740,200,38
2024-01-04 22:00:00,22,3,0,0,T1,12,12,12,18,Clear,1,1734,0.5336093004865405,2064,200,45
2024-01-04 23:00:00,23,3,0,0,T2,6,19,13,16,Clear,1,1132,0.6029952688329212,1487,101,32
2024-01-05 00:00:00,0,4,0,0,T1,12,16,13,9,Clear,1,2337,0.5997831992609384,2682,200,45
2024-01-05 01:00:00,1,4,0,0,T1,7,15,8,15,Clear,1,1431,0.5397642247873488,1738,200,51
2024-01-05 02:00:00,2,4,0,0,T2,11,10,8,19,Rainy,1,2404,0.37435994096673175,2798,200,100
2024-01-05 03:00:00,3,4,0,0,T2,11,19,11,19,Clear,1,1545,0.630559439733847,1938,140,41
2024-01-05 04:00:00,4,4,0,0,T2,12,17,14,14,Clear,1,2081,0.4474684898594512,2490,166,34
2024-01-05 05:00:00,5,4,0,0,T2,6,13,8,16,Clear,1,887,0.4132540659627398,1287,164,77
2024-01-05 06:00:00,6,4,0,1,T1,22,20,17,17,Clear,1,4795,0.32057848403049133,7334,200,43
2024-01-05 07:00:00,7,4,0,1,T3,28,29,20,16,Clear,1,5900,0.5800345650257052,9077,200,22
2024-01-05 08:00:00,8,4,0,1,T3,20,30,15,18,Clear,1,5539,0.5706287580002274,6344,200,23
2024-01-05 09:00:00,9,4,0,1,T1,16,27,17,12,Foggy,1,5856,0.46716715439521816,6596,200,28
2024-01-05 10:00:00,10,4,0,0,T1,9,11,13,9,Clear,1,1013,0.67549316321735,1486,177,48
2024-01-05 11:00:00,11,4,0,0,T1,14,10,9,9,Clear,1,2802,0.49260867233360206,3369,200,56
2024-01-05 12:00:00,12,4,0,0,T3,12,15,9,9,Foggy,1,2752,0.36775624353307546,3436,200,59
2024-01-05 13:00:00,13,4,0,0,T1,8,15,14,9,Clear,1,1177,0.4229442325183599,1438,178,50
2024-01-05 14:00:00,14,4,0,0,T1,11,12,12,14,Clear,1,1185,0.5073625194115771,1891,198,50
2024-01-05 15:00:00,15,4,0,0,T2,10,14,10,11,Foggy,1,1974,0.3683548143027166,2641,200,61
2024-01-05 16:00:00,16,4,0,0,T2,10,16,10,13,Clear,1,1121,0.5476972881531115,1831,181,36
2024-01-05 17:00:00,17,4,0,1,T1,15,24,20,8,Clear,1,4522,0.656829348693912,5515,200,27
2024-01-05 18:00:00,18,4,0,1,T1,19,21,17,16,Rainy,1,6825,0.358599573247124,7833,200,54
2024-01-05 19:00:00,19,4,0,1,T1,18,26,21,8,Rainy,1,4888,0.564625332696215,7453,200,39
2024-01-05 20:00:00,20,4,0,1,T2,15,33,16,12,Clear,1,3343,0.35261336892561795,4484,200,19
2024-01-05 21:00:00,21,4,0,0,T2,14,11,13,18,Clear,1,1842,0.6554623049521873,3071,200,58
2024-01-05 22:00:00,22,4,0,0,T1,12,19,13,17,Clear,1,1591,0.35276215730217786,2265,176,29
2024-01-05 23:00:00,23,4,0,0,T2,10,14,9,11,Clear,1,1318,0.6327003458992704,1963,200,64
2024-01-06 00:00:00,0,5,1,0,T1,10,19,14,19,Rainy,1,2372,0.31455582616034256,3273,200,65
2024-01-06 01:00:00,1,5,1,0,T3,10,16,9,10,Rainy,1,2481,0.34822726467336057,3217,200,44
2024-01-06 02:00:00,2,5,1,0,T1,6,15,12,11,Clear,1,1466,0.3795385620317431,1786,189,49
2024-01-06 03:00:00,3,5,1,0,T1,7,15,8,16,Rainy,1,1686,0.4986336379324414,2371,200,75
2024-01-06 04:00:00,4,5,1,0,T2,5,17,12,13,Clear,1,957,0.6762173727167539,1441,137,35
2024-01-06 05:00:00,5,5,1,0,T1,8,17,11,11,Clear,1,1692,0.5817847617471661,1963,174,57
2024-01-06 06:00:00,6,5,1,1,T2,24,34,15,15,Rainy,1,6768,0.5711719625264394,10485,200,38
2024-01-06 07:00:00,7,5,1,1,T2,21,22,18,8,Rainy,1,8025,0.6529365544608066,9681,200,50
2024-01-06 08:00:00,8,5,1,1,T2,16,25,22,15,Clear,1,5415,0.556184093872182,6350,200,38
2024-01-06 09:00:00,9,5,1,1,T1,25,24,23,11,Clear,1,6236,0.5580807040126459,10223,200,28
2024-01-06 10:00:00,10,5,1,0,T2,14,10,12,11,Clear,1,2691,0.5303902023432033,3943,200,79
2024-01-06 11:00:00,11,5,1,0,T1,13,12,8,9,Clear,1,2562,0.40894634018432713,3714,200,80
2024-01-06 12:00:00,12,5,1,0,T2,14,10,9,16,Foggy,1,4089,0.33126196946204667,5713,200,80
2024-01-06 13:00:00,13,5,1,0,T1,12,11,14,12,Clear,1,2655,0.5800646543181964,3210,200,49
2024-01-06 14:00:00,14,5,1,0,T1,12,14,12,16,Clear,1,2264,0.5396663501291947,2697,200,40
2024-01-06 15:00:00,15,5,1,0,T1,14,19,9,18,Clear,1,2955,0.6176719859514523,4311,200,40
2024-01-06 16:00:00,16,5,1,0,T2,6,16,9,17,Clear,1,1031,0.6373205093400841,1493,157,49
2024-01-06 17:00:00,17,5,1,1,T1,20,33,24,9,Clear,1,6803,0.33787961396809485,9095,200,35
2024-01-06 18:00:00,18,5,1,1,T1,27,26,16,9,Foggy,1,11602,0.6842574716326189,15956,200,31
2024-01-06 19:00:00,19,5,1,1,T1,24,25,23,19,Rainy,1,8915,0.6516315953048626,11293,200,28
2024-01-06 20:00:00,20,5,1,1,T1,20,32,15,13,Clear,1,5006,0.32648511544350434,6967,200,26
2024-01-06 21:00:00,21,5,1,0,T3,7,15,14,10,Rainy,1,1429,0.5710653528802312,2332,200,36
2024-01-06 22:00:00,22,5,1,0,T3,14,11,12,11,Clear,1,2793,0.6056420962286423,3882,200,51
2024-01-06 23:00:00,23,5,1,0,T1,10,17,14,14,Clear,1,1959,0.594898697289862,2425,200,34
2024-01-07 00:00:00,0,6,1,0,T2,13,17,13,13,Foggy,1,2817,0.3115879184389508,4648,200,53
2024-01-07 01:00:00,1,6,1,0,T2,5,16,12,10,Clear,1,1140,0.5138586647046413,1376,165,41
2024-01-07 02:00:00,2,6,1,0,T1,13,14,8,18,Foggy,1,3240,0.6289188513172974,4256,200,81
2024-01-07 03:00:00,3,6,1,0,T2,14,17,8,15,Clear,1,1963,0.3446849128409674,3014,200,59
2024-01-07 04:00:00,4,6,1,0,T1,13,14,9,13,Rainy,1,3634,0.4123334811691546,4199,200,84
2024-01-07 05:00:00,5,6,1,0,T1,10,17,14,19,Clear,1,1637,0.5510474349329697,2518,200,50
2024-01-07 06:00:00,6,6,1,1,T2,27,24,18,10,Clear,1,7583,0.331515078373346,9525,200,37
2024-01-07 07:00:00,7,6,1,1,T1,22,28,16,13,Clear,1,5774,0.31755039035219934,7840,200,41
2024-01-07 08:00:00,8,6,1,1,T3,23,31,17,11,Clear,1,8150,0.33039271295876915,9896,200,30
2024-01-07 09:00:00,9,6,1,1,T1,25,29,21,10,Clear,1,8426,0.46692272646194766,9494,200,36
2024-01-07 10:00:00,10,6,1,0,T2,8,15,9,17,Clear,1,1377,0.3545491923922316,1982,200,71
2024-01-07 11:00:00,11,6,1,0,T1,12,13,8,8,Clear,1,1800,0.33468813223008453,2684,200,78
2024-01-07 12:00:00,12,6,1,0,T2,6,14,14,14,Rainy,1,1123,0.32979099327561423,1779,194,62
2024-01-07 13:00:00,13,6,1,0,T2,8,12,8,11,Clear,1,1704,0.6938978651326986,2370,200,55
2024-01-07 14:00:00,14,6,1,0,T3,12,16,9,8,Rainy,1,2552,0.6827492027957881,3567,200,84
2024-01-07 15:00:00,15,6,1,0,T2,14,16,11,19,Clear,1,3188,0.6496589121186649,4170,200,44
2024-01-07 16:00:00,16,6,1,0,T1,13,14,12,9,Clear,1,1984,0.6742759128608835,2883,200,58
2024-01-07 17:00:00,17,6,1,1,T1,23,31,22,10,Clear,1,7385,0.5744353119595929,9274,200,18
2024-01-07 18:00:00,18,6,1,1,T3,26,22,23,8,Clear,1,6302,0.658087394689039,9153,200,24
2024-01-07 19:00:00,19,6,1,1,T1,20,20,18,15,Clear,1,5166,0.6774408382849213,6738,200,49
2024-01-07 20:00:00,20,6,1,1,T3,28,22,24,16,Clear,1,9027,0.6854934186513171,12334,200,26
2024-01-07 21:00:00,21,6,1,0,T2,13,14,9,14,Clear,1,2320,0.30854116530180564,3081,200,64
2024-01-07 22:00:00,22,6,1,0,T1,5,13,10,17,Clear,1,1292,0.6920035374429578,1511,200,58
2024-01-07 23:00:00,23,6,1,0,T1,14,19,11,8,Clear,1,3199,0.4643186141151798,3942,200,46
2024-01-08 00:00:00,0,0,0,0,T2,14,16,9,11,Clear,1,2007,0.6886510045318519,2647,200,70
2024-01-08 01:00:00,1,0,0,0,T3,13,11,8,19,Clear,1,2308,0.6458410801694772,2675,200,61
2024-01-08 02:00:00,2,0,0,0,T1,8,10,10,19,Clear,1,1487,0.41983588365330843,1678,200,75
2024-01-08 03:00:00,3,0,0,0,T3,6,18,10,8,Clear,1,1119,0.46679200943582233,1425,155,44
2024-01-08 04:00:00,4,0,0,0,T3,14,15,9,14,Clear,1,2441,0.34675208653927847,3268,200,52
2024-01-08 05:00:00,5,0,0,0,T2,13,16,13,13,Clear,1,2210,0.45032378776857906,3062,200,48
2024-01-08 06:00:00,6,0,0,1,T2,24,33,22,11,Clear,1,6033,0.5188927682846659,6724,200,27
2024-01-08 07:00:00,7,0,0,1,T2,21,20,18,11,Clear,1,4151,0.6588511342321616,6281,200,45
2024-01-08 08:00:00,8,0,0,1,T1,15,31,15,12,Clear,1,3346,0.479325647975707,4232,200,38
2024-01-08 09:00:00,9,0,0,1,T1,21,25,24,11,Clear,1,5115,0.5142031021394481,5773,200,33
2024-01-08 10:00:00,10,0,0,0,T3,7,19,11,11,Clear,1,1011,0.45094323382611795,1213,91,22
2024-01-08 11:00:00,11,0,0,0,T1,9,18,8,15,Clear,1,1286,0.34046541649055867,1622,200,41
2024-01-08 12:00:00,12,0,0,0,T2,14,16,13,12,Clear,1,1753,0.4358425656985601,2449,200,66
2024-01-08 13:00:00,13,0,0,0,T1,14,10,8,16,Foggy,1,3275,0.3481834465915234,3941,200,120
2024-01-08 14:00:00,14,0,0,0,T3,7,14,8,9,Clear,1,1466,0.4523250317807735,1768,200,55
2024-01-08 15:00:00,15,0,0,0,T1,13,15,8,17,Rainy,1,2913,0.48029348966642016,3580,200,58
2024-01-08 16:00:00,16,0,0,0,T2,6,10,11,19,Clear,1,766,0.5664094717095339,1179,173,50
2024-01-08 17:00:00,17,0,0,1,T2,26,30,23,11,Clear,1,7449,0.6896619876130226,9067,200,31
2024-01-08 18:00:00,18,0,0,1,T3,26,32,15,8,Clear,1,4628,0.5044016496316492,6523,200,35
2024-01-08 19:00:00,19,0,0,1,T3,19,34,15,12,Rainy,1,5898,0.5104021614434376,8313,200,29
2024-01-08 20:00:00,20,0,0,1,T2,28,26,16,16,Clear,1,6425,0.5171239996655526,9465,200,40
2024-01-08 21:00:00,21,0,0,0,T1,11,18,12,9,Clear,1,1772,0.5608146413574608,2598,200,37
2024-01-08 22:00:00,22,0,0,0,T2,6,10,10,11,Rainy,1,1012,0.574392543717297,1481,200,67
2024-01-08 23:00:00,23,0,0,0,T1,12,14,12,11,Clear,1,1723,0.41302691082287035,2857,200,42
2024-01-09 00:00:00,0,1,0,0,T2,5,12,10,16,Clear,1,629,0.4912997953912457,1037,176,57
2024-01-09 01:00:00,1,1,0,0,T2,13,15,12,12,Clear,1,1909,0.4108634214750617,2745,200,50
2024-01-09 02:00:00,2,1,0,0,T1,7,15,14,14,Clear,1,875,0.5664354955835049,1372,140,47
2024-01-09 03:00:00,3,1,0,0,T2,14,10,10,11,Clear,1,1885,0.6272854478079476,2843,200,78
2024-01-09 04:00:00,4,1,0,0,T3,8,12,9,11,Clear,1,1148,0.5097310534075723,1741,200,71
2024-01-09 05:00:00,5,1,0,0,T2,5,19,8,8,Rainy,1,1138,0.6776411019084868,1289,200,75
2024-01-09 06:00:00,6,1,0,1,T1,25,22,21,11,Clear,1,4583,0.4760723097401428,7196,200,41
2024-01-09 07:00:00,7,1,0,1,T3,25,26,20,10,Clear,1,7552,0.49149682505710285,9130,200,32
2024-01-09 08:00:00,8,1,0,1,T2,29,34,22,12,Foggy,1,7441,0.4412073398090852,9981,200,46
2024-01-09 09:00:00,9,1,0,1,T2,25,23,17,14,Clear,1,5412,0.5232386299562599,7428,200,36
2024-01-09 10:00:00,10,1,0,0,T3,14,10,14,12,Clear,1,2225,0.3075742132907087,2739,200,48
2024-01-09 11:00:00,11,1,0,0,T2,6,12,13,19,Clear,1,941,0.5795882584231151,1270,171,52
2024-01-09 12:00:00,12,1,0,0,T1,9,16,13,10,Clear,1,1412,0.5071475976343232,1699,200,52
2024-01-09 13:00:00,13,1,0,0,T2,13,19,10,11,Clear,1,2195,0.5588788689176456,3032,200,57
2024-01-09 14:00:00,14,1,0,0,T1,11,16,10,16,Rainy,1,1890,0.3140939637251085,2236,200,51
2024-01-09 15:00:00,15,1,0,0,T1,10,17,10,10,Clear,1,1207,0.3865941094343292,1653,194,59
2024-01-09 16:00:00,16,1,0,0,T2,13,16,12,17,Foggy,1,3006,0.3761860657838052,3583,200,76
2024-01-09 17:00:00,17,1,0,1,T1,26,28,20,16,Clear,1,7164,0.48901065323752513,9214,200,23
2024-01-09 18:00:00,18,1,0,1,T1,22,27,23,11,Clear,1,4294,0.48335634247953996,5759,200,35
2024-01-09 19:00:00,19,1,0,1,T1,28,31,23,11,Rainy,1,7859,0.42708320148780704,11493,200,32
2024-01-09 20:00:00,20,1,0,1,T1,22,26,21,19,Clear,1,5456,0.46096250662929067,7185,200,26
2024-01-09 21:00:00,21,1,0,0,T3,13,12,11,14,Clear,1,1919,0.31066768160792924,2736,200,48
2024-01-09 22:00:00,22,1,0,0,T1,7,17,8,11,Clear,1,1293,0.67262059395375,1616,155,49
2024-01-09 23:00:00,23,1,0,0,T1,5,14,14,10,Clear,1,922,0.5496067166342798,1130,112,29
2024-01-10 00:00:00,0,2,0,0,T3,8,13,13,16,Clear,1,1280,0.4630013168150395,1644,200,52
2024-01-10 01:00:00,1,2,0,0,T1,7,18,8,17,Rainy,1,915,0.4701537354457045,1438,200,79
2024-01-10 02:00:00,2,2,0,0,T1,8,17,13,10,Foggy,1,1461,0.4371960825679613,2305,200,37
2024-01-10 03:00:00,3,2,0,0,T2,13,19,9,13,Clear,1,1633,0.46145504893976524,2251,200,42
2024-01-10 04:00:00,4,2,0,0,T3,10,14,12,8,Clear,1,1390,0.636999740042562,1697,200,44
2024-01-10 05:00:00,5,2,0,0,T3,9,18,13,13,Clear,1,1379,0.6208563202066907,1764,181,35
2024-01-10 06:00:00,6,2,0,1,T3,29,26,19,16,Clear,1,5955,0.5632795195237289,9650,200,40
2024-01-10 07:00:00,7,2,0,1,T2,25,28,17,18,Clear,1,5994,0.5071651770831527,7310,200,47
2024-01-10 08:00:00,8,2,0,1,T3,21,28,15,15,Foggy,1,7220,0.5228884934838489,9081,200,43
2024-01-10 09:00:00,9,2,0,1,T2,21,29,21,17,Clear,1,4323,0.4397310977508406,5709,200,27
2024-01-10 10:00:00,10,2,0,0,T2,5,16,11,11,Clear,1,826,0.6642834932301943,1245,173,46
2024-01-10 11:00:00,11,2,0,0,T2,7,19,10,9,Clear,1,1069,0.6004702374824209,1289,97,26
2024-01-10 12:00:00,12,2,0,0,T1,8,11,9,14,Clear,1,1244,0.65254481769356,1731,200,86
2024-01-10 13:00:00,13,2,0,0,T2,5,11,11,19,Foggy,1,1035,0.39059345979355875,1376,200,87
2024-01-10 14:00:00,14,2,0,0,T2,9,16,10,16,Clear,1,1831,0.38076446887736337,2071,200,44
2024-01-10 15:00:00,15,2,0,0,T3,11,11,9,19,Clear,1,1199,0.5583869020095769,1892,200,59
2024-01-10 16:00:00,16,2,0,0,T3,5,15,9,8,Clear,1,819,0.5921682880322319,1147,145,55
2024-01-10 17:00:00,17,2,0,1,T1,21,25,23,13,Clear,1,4965,0.42445647802102116,7235,200,30
2024-01-10 18:00:00,18,2,0,1,T3,29,31,24,13,Clear,1,6803,0.3996362221205699,7777,200,29
2024-01-10 19:00:00,19,2,0,1,T1,21,29,19,16,Clear,1,4330,0.4782604851059111,6175,200,38
2024-01-10 20:00:00,20,2,0,1,T1,20,33,17,14,Rainy,1,4184,0.4142700753034747,6265,200,37
2024-01-10 21:00:00,21,2,0,0,T1,12,18,9,15,Clear,1,2174,0.3029114655900232,2880,200,53
2024-01-10 22:00:00,22,2,0,0,T3,13,14,13,19,Clear,1,2315,0.44133735854503814,3052,200,46
2024-01-10 23:00:00,23,2,0,0,T1,6,19,10,14,Clear,1,1021,0.38470243740009474,1299,142,21
2024-01-11 00:00:00,0,3,0,0,T1,9,10,14,16,Clear,1,1510,0.4559710246938542,2082,200,73
2024-01-11 01:00:00,1,3,0,0,T1,12,19,8,13,Rainy,1,2001,0.4838269235550193,3192,200,65
2024-01-11 02:00:00,2,3,0,0,T3,5,13,13,15,Foggy,1,1266,0.5180919543877556,1566,190,51
2024-01-11 03:00:00,3,3,0,0,T1,11,15,12,12,Clear,1,2184,0.42747608717763663,2691,200,52
2024-01-11 04:00:00,4,3,0,0,T1,8,12,12,14,Clear,1,1084,0.30752294505191957,1522,200,45
2024-01-11 05:00:00,5,3,0,0,T1,14,10,12,19,Clear,1,2254,0.6057248153716941,3286,200,60
2024-01-11 06:00:00,6,3,0,1,T3,26,32,24,11,Clear,1,7209,0.6266420376246415,9668,200,31
2024-01-11 07:00:00,7,3,0,1,T2,19,21,24,18,Clear,1,5369,0.3170504426136778,7056,200,35
2024-01-11 08:00:00,8,3,0,1,T3,20,30,16,19,Clear,1,4766,0.31730526945151516,5452,200,37
2024-01-11 09:00:00,9,3,0,1,T3,27,25,24,14,Clear,1,5881,0.6046386507078598,9058,200,28
2024-01-11 10:00:00,10,3,0,0,T3,5,17,13,19,Rainy,1,1107,0.4865953761292968,1258,139,58
2024-01-11 11:00:00,11,3,0,0,T1,7,16,11,8,Clear,1,1209,0.32762973500838893,1480,200,56
2024-01-11 12:00:00,12,3,0,0,T3,8,17,11,15,Clear,1,1099,0.5870947174826464,1430,200,45
2024-01-11 13:00:00,13,3,0,0,T3,11,14,10,9,Clear,1,1474,0.354192997733172,2206,200,58
2024-01-11 14:00:00,14,3,0,0,T2,12,17,9,12,Clear,1,1457,0.5472073353944725,2340,200,53
2024-01-11 15:00:00,15,3,0,0,T2,9,12,12,18,Clear,1,1247,0.5556881787534143,2011,185,65
2024-01-11 16:00:00,16,3,0,0,T2,8,11,14,18,Clear,1,1084,0.6324061612213853,1541,200,70
2024-01-11 17:00:00,17,3,0,1,T1,16,34,24,19,Clear,1,3989,0.33496779768741947,5875,200,23
2024-01-11 18:00:00,18,3,0,1,T2,22,23,16,12,Clear,1,4948,0.6620967750302945,6779,200,37
2024-01-11 19:00:00,19,3,0,1,T3,15,32,21,16,Clear,1,3126,0.3489623247621876,4651,200,30
2024-01-11 20:00:00,20,3,0,1,T1,20,25,20,15,Clear,1,6081,0.5331253092849713,6868,200,36
2024-01-11 21:00:00,21,3,0,0,T2,14,13,12,15,Clear,1,1923,0.32596811527877406,2732,200,45
2024-01-11 22:00:00,22,3,0,0,T2,11,11,12,13,Clear,1,1513,0.5450528831157193,1960,194,65
2024-01-11 23:00:00,23,3,0,0,T2,6,13,11,17,Clear,1,999,0.30752409726495783,1233,189,48
2024-01-12 00:00:00,0,4,0,0,T2,9,13,10,15,Clear,1,2052,0.6219371194652592,2324,200,53
2024-01-12 01:00:00,1,4,0,0,T3,9,14,9,14,Clear,1,1410,0.3481197904100671,1600,150,40
2024-01-12 02:00:00,2,4,0,0,T3,5,12,14,16,Clear,1,658,0.43129306185759864,967,146,34
2024-01-12 03:00:00,3,4,0,0,T3,7,10,12,14,Clear,1,759,0.46442412657292914,1256,180,86
2024-01-12 04:00:00,4,4,0,0,T3,6,10,9,10,Clear,1,977,0.3649037342777297,1335,136,52
2024-01-12 05:00:00,5,4,0,0,T1,7,14,13,14,Clear,1,1083,0.5138977828428843,1660,200,45
2024-01-12 06:00:00,6,4,0,1,T1,21,24,19,15,Clear,1,4203,0.5865491891755634,5743,200,35
2024-01-12 07:00:00,7,4,0,1,T3,15,31,15,13,Clear,1,4478,0.6291863360709691,5367,200,32
2024-01-12 08:00:00,8,4,0,1,T1,15,29,19,14,Foggy,1,5077,0.6288583806868966,7103,200,33
2024-01-12 09:00:00,9,4,0,1,T3,23,32,23,18,Rainy,1,7977,0.6251170443406548,9866,200,43
2024-01-12 10:00:00,10,4,0,0,T1,12,16,9,8,Clear,1,1726,0.37836486871387603,2376,200,53
2024-01-12 11:00:00,11,4,0,0,T2,11,16,9,17,Clear,1,2065,0.31134378351381686,2723,200,68
2024-01-12 12:00:00,12,4,0,0,T1,8,11,13,12,Clear,1,1233,0.5510188930737171,1948,200,52
2024-01-12 13:00:00,13,4,0,0,T3,5,11,10,13,Rainy,1,1204,0.5266931599778051,1470,190,79
2024-01-12 14:00:00,14,4,0,0,T1,5,13,11,13,Clear,1,725,0.4564443892799577,1028,150,56
2024-01-12 15:00:00,15,4,0,0,T1,7,17,9,19,Clear,1,1365,0.4373662949047543,1658,200,47
2024-01-12 16:00:00,16,4,0,0,T3,12,16,9,14,Clear,1,1486,0.6663001907693116,2017,200,62
2024-01-12 17:00:00,17,4,0,1,T3,15,31,17,17,Rainy,1,4573,0.6272560734972576,5459,200,48
2024-01-12 18:00:00,18,4,0,1,T1,17,33,18,8,Rainy,1,5251,0.44443232434486046,7087,200,40
2024-01-12 19:00:00,19,4,0,1,T3,18,26,21,12,Clear,1,5112,0.6594777213278175,6536,200,40
2024-01-12 20:00:00,20,4,0,1,T2,21,33,20,19,Clear,1,5732,0.5470491794701549,6470,200,18
2024-01-12 21:00:00,21,4,0,0,T1,6,15,9,13,Clear,1,957,0.6264378458482388,1444,177,54
2024-01-12 22:00:00,22,4,0,0,T3,7,15,9,11,Clear,1,1215,0.33374822514729974,1427,190,49
2024-01-12 23:00:00,23,4,0,0,T2,5,19,8,13,Clear,1,1035,0.319727211923647,1214,150,40
2024-01-13 00:00:00,0,5,1,0,T2,12,16,12,18,Rainy,1,2418,0.612345622553766,4007,200,76
2024-01-13 01:00:00,1,5,1,0,T1,9,19,14,13,Rainy,1,1721,0.6973151902909026,2513,200,50
2024-01-13 02:00:00,2,5,1,0,T2,9,13,10,17,Clear,1,1282,0.5161921529864901,2050,200,58
2024-01-13 03:00:00,3,5,1,0,T3,6,10,8,9,Rainy,1,1924,0.6670504180397532,2296,200,111
2024-01-13 04:00:00,4,5,1,0,T1,11,12,13,15,Clear,1,2168,0.4753617336484033,2630,200,58
2024-01-13 05:00:00,5,5,1,0,T1,14,10,9,13,Clear,1,2270,0.39241671800611516,3594,200,81
2024-01-13 06:00:00,6,5,1,1,T2,29,30,16,8,Clear,1,7810,0.5332461313173709,11538,200,25
2024-01-13 07:00:00,7,5,1,1,T1,23,21,23,11,Clear,1,7214,0.4821796211555841,10159,200,28
2024-01-13 08:00:00,8,5,1,1,T3,23,22,17,11,Clear,1,9120,0.5726312730170862,10154,200,47
2024-01-13 09:00:00,9,5,1,1,T3,21,31,15,12,Clear,1,5248,0.4487206755179974,8163,200,24
2024-01-13 10:00:00,10,5,1,0,T2,6,10,9,11,Clear,1,989,0.690840745136488,1419,200,103
2024-01-13 11:00:00,11,5,1,0,T1,10,17,10,12,Clear,1,1430,0.5236352946657172,2264,200,38
2024-01-13 12:00:00,12,5,1,0,T2,5,19,13,17,Clear,1,945,0.46947117240691855,1509,140,23
2024-01-13 13:00:00,13,5,1,0,T1,13,10,11,14,Clear,1,3050,0.6445016451552965,3600,200,54
2024-01-13 14:00:00,14,5,1,0,T1,13,11,8,19,Clear,1,2123,0.5456250713414464,3328,200,86
2024-01-13 15:00:00,15,5,1,0,T3,12,14,9,14,Clear,1,2619,0.3724784215381381,3974,200,46
2024-01-13 16:00:00,16,5,1,0,T1,8,19,12,18,Clear,1,2180,0.6593567000910198,2555,200,51
2024-01-13 17:00:00,17,5,1,1,T1,16,20,20,14,Clear,1,3778,0.688616077723406,6059,200,35
2024-01-13 18:00:00,18,5,1,1,T3,22,23,22,17,Clear,1,5237,0.6731308006249023,8006,200,37
2024-01-13 19:00:00,19,5,1,1,T2,23,32,24,17,Clear,1,8318,0.5267998607000297,9369,200,33
2024-01-13 20:00:00,20,5,1,1,T2,28,28,16,12,Foggy,1,13479,0.3619647761469863,16071,200,31
2024-01-13 21:00:00,21,5,1,0,T2,13,17,9,15,Clear,1,2014,0.657234695876403,3109,200,52
2024-01-13 22:00:00,22,5,1,0,T2,11,16,11,17,Clear,1,2211,0.35613182124429016,3225,200,34
2024-01-13 23:00:00,23,5,1,0,T1,12,13,14,18,Clear,1,1962,0.36918091129612746,3242,200,61
2024-01-14 00:00:00,0,6,1,0,T1,14,10,13,8,Clear,1,3737,0.55649045742177,4496,200,65
2024-01-14 01:00:00,1,6,1,0,T2,6,12,10,14,Clear,1,1290,0.34741197770765625,1649,175,54
2024-01-14 02:00:00,2,6,1,0,T2,13,17,8,16,Clear,1,3137,0.6192245461219561,4074,200,67
2024-01-14 03:00:00,3,6,1,0,T1,5,18,13,12,Foggy,1,1236,0.6458006513173806,1847,200,48
2024-01-14 04:00:00,4,6,1,0,T3,7,11,9,16,Clear,1,1339,0.5957512036076456,2031,200,60
2024-01-14 05:00:00,5,6,1,0,T1,10,17,14,11,Clear,1,2033,0.5263429020438434,2570,200,55
2024-01-14 06:00:00,6,6,1,1,T2,29,21,24,14,Clear,1,9975,0.5724289564391698,13760,200,43
2024-01-14 07:00:00,7,6,1,1,T2,28,32,17,17,Clear,1,8065,0.6812013931184028,11712,200,28
2024-01-14 08:00:00,8,6,1,1,T2,20,20,22,16,Clear,1,6738,0.4748949772398705,9814,200,44
2024-01-14 09:00:00,9,6,1,1,T1,29,28,17,9,Rainy,1,9163,0.6548103093703416,12676,200,43
2024-01-14 10:00:00,10,6,1,0,T3,10,18,10,19,Clear,1,1636,0.6156254503924985,2447,189,51
2024-01-14 11:00:00,11,6,1,0,T1,11,19,14,12,Rainy,1,2788,0.368239467770984,3304,200,37
2024-01-14 12:00:00,12,6,1,0,T1,12,15,9,13,Clear,1,2688,0.6039033523482886,3405,200,64
2024-01-14 13:00:00,13,6,1,0,T1,6,19,11,19,Foggy,1,1396,0.4720112701266356,1972,200,59
2024-01-14 14:00:00,14,6,1,0,T1,11,11,13,17,Clear,1,1770,0.5065475362143419,2632,200,66
2024-01-14 15:00:00,15,6,1,0,T2,13,11,11,8,Clear,1,2969,0.6135871704352844,4221,200,73
2024-01-14 16:00:00,16,6,1,0,T1,8,14,8,13,Rainy,1,1474,0.42100104626756024,2250,200,78
2024-01-14 17:00:00,17,6,1,1,T2,28,28,21,19,Clear,1,8988,0.6636180519005583,11019,200,29
2024-01-14 18:00:00,18,6,1,1,T3,18,21,18,14,Clear,1,3723,0.3086458871004865,6149,200,34
2024-01-14 19:00:00,19,6,1,1,T3,26,26,16,18,Clear,1,6023,0.6576845237110798,9843,200,33
2024-01-14 20:00:00,20,6,1,1,T1,18,28,22,17,Clear,1,4535,0.5258256982979655,6306,200,28
2024-01-14 21:00:00,21,6,1,0,T2,13,17,8,19,Clear,1,3180,0.6685077582776545,3895,200,62
2024-01-14 22:00:00,22,6,1,0,T3,14,11,12,16,Clear,1,2517,0.5914445766690921,4156,200,65
2024-01-14 23:00:00,23,6,1,0,T2,8,13,9,17,Clear,1,1791,0.46937545266108793,2350,200,74
2024-01-15 00:00:00,0,0,0,0,T2,14,17,10,10,Clear,1,1813,0.3510322977448659,2954,200,67
2024-01-15 01:00:00,1,0,0,0,T2,6,16,8,13,Rainy,1,954,0.49046231955512765,1465,158,43
2024-01-15 02:00:00,2,0,0,0,T2,10,16,14,15,Clear,1,1162,0.45429907837616,1813,153,28
2024-01-15 03:00:00,3,0,0,0,T1,13,11,9,12,Clear,1,1905,0.40179301998400857,2728,200,56
2024-01-15 04:00:00,4,0,0,0,T1,9,17,14,9,Rainy,1,1290,0.6049674735913166,2012,200,61
2024-01-15 05:00:00,5,0,0,0,T2,12,19,11,8,Clear,1,2511,0.43960293425735797,2852,200,61
2024-01-15 06:00:00,6,0,0,1,T1,24,34,23,16,Clear,1,6274,0.32693415955400285,7734,200,23
2024-01-15 07:00:00,7,0,0,1,T1,27,27,24,12,Rainy,1,7585,0.567956135771212,9925,200,25
2024-01-15 08:00:00,8,0,0,1,T2,27,32,19,18,Clear,1,5381,0.5708841440772523,7493,200,33
2024-01-15 09:00:00,9,0,0,1,T3,29,22,21,17,Clear,1,6269,0.6925741550854381,10012,200,40
2024-01-15 10:00:00,10,0,0,0,T1,12,10,10,13,Rainy,1,2119,0.5497623212996684,3025,200,72
2024-01-15 11:00:00,11,0,0,0,T1,7,14,13,10,Clear,1,1054,0.46699263995483364,1263,125,29
2024-01-15 12:00:00,12,0,0,0,T1,12,14,13,15,Clear,1,1307,0.651000868456334,2085,200,40
2024-01-15 13:00:00,13,0,0,0,T3,5,18,12,12,Clear,1,655,0.5013607066200604,901,61,7
2024-01-15 14:00:00,14,0,0,0,T3,11,13,8,18,Rainy,1,2624,0.43487817681226815,3106,200,87
2024-01-15 15:00:00,15,0,0,0,T3,12,10,12,15,Clear,1,1809,0.6501147219265154,2121,200,90
2024-01-15 16:00:00,16,0,0,0,T3,12,14,12,11,Clear,1,1656,0.41380918417548274,2747,200,59
2024-01-15 17:00:00,17,0,0,1,T1,28,21,23,10,Clear,1,6397,0.6656256578129826,7183,200,35
2024-01-15 18:00:00,18,0,0,1,T2,17,27,19,8,Clear,1,4838,0.34381005796066916,6247,200,39
2024-01-15 19:00:00,19,0,0,1,T2,18,20,24,11,Rainy,1,4355,0.6665044860372877,5485,200,39
2024-01-15 20:00:00,20,0,0,1,T1,24,24,16,18,Clear,1,6349,0.4322112938748037,7676,200,48
2024-01-15 21:00:00,21,0,0,0,T1,10,19,12,14,Clear,1,1049,0.6374555158417055,1746,114,32
2024-01-15 22:00:00,22,0,0,0,T2,6,11,10,15,Clear,1,961,0.5809367317170543,1278,130,40
2024-01-15 23:00:00,23,0,0,0,T3,11,17,11,15,Clear,1,1649,0.5107951615209375,1991,200,42
2024-01-16 00:00:00,0,1,0,0,T1,13,15,9,18,Clear,1,2703,0.5141589421746112,3261,200,70
2024-01-16 01:00:00,1,1,0,0,T1,14,17,9,11,Rainy,1,2724,0.4303942803230998,4202,200,79
2024-01-16 02:00:00,2,1,0,0,T2,12,13,10,18,Clear,1,2061,0.48429014224170325,2516,200,50
2024-01-16 03:00:00,3,1,0,0,T1,10,15,10,8,Foggy,1,1984,0.43884323414495174,2311,200,61
2024-01-16 04:00:00,4,1,0,0,T3,13,12,12,17,Rainy,1,2179,0.6833715316953237,3132,200,93
2024-01-16 05:00:00,5,1,0,0,T1,9,16,10,11,Clear,1,1286,0.6159733187116305,1656,200,46
2024-01-16 06:00:00,6,1,0,1,T1,15,33,17,10,Clear,1,3194,0.41274384311141077,5256,200,24
2024-01-16 07:00:00,7,1,0,1,T3,16,20,15,8,Clear,1,3546,0.5570045691296293,5842,200,27
2024-01-16 08:00:00,8,1,0,1,T1,16,29,24,8,Clear,1,3195,0.4491835767831275,4443,200,17
2024-01-16 09:00:00,9,1,0,1,T2,22,24,23,18,Clear,1,4456,0.30804905273940647,6836,200,39
2024-01-16 10:00:00,10,1,0,0,T2,5,15,12,16,Rainy,1,800,0.5407367224756665,1132,170,50
2024-01-16 11:00:00,11,1,0,0,T3,11,19,12,18,Clear,1,1858,0.5570676770102886,2620,200,40
2024-01-16 12:00:00,12,1,0,0,T3,7,13,13,18,Clear,1,1217,0.33434492861601245,1675,176,38
2024-01-16 13:00:00,13,1,0,0,T2,11,17,10,19,Clear,1,1830,0.30050005100739985,2309,199,48
2024-01-16 14:00:00,14,1,0,0,T2,11,18,11,17,Foggy,1,2966,0.32175270207255535,3423,200,86
2024-01-16 15:00:00,15,1,0,0,T2,13,16,14,12,Clear,1,1986,0.5651833465785021,2574,200,46
2024-01-16 16:00:00,16,1,0,0,T1,13,15,10,15,Clear,1,1434,0.4347343379572932,2274,200,66
2024-01-16 17:00:00,17,1,0,1,T1,20,28,17,8,Clear,1,4097,0.39081582792141023,6278,200,17
2024-01-16 18:00:00,18,1,0,1,T2,17,34,24,8,Clear,1,3504,0.44261285024767355,4424,200,18
2024-01-16 19:00:00,19,1,0,1,T1,28,32,22,14,Clear,1,5164,0.6057291508572689,7205,200,33
2024-01-16 20:00:00,20,1,0,1,T1,18,32,22,10,Clear,1,4967,0.3110220889123064,6199,200,19
2024-01-16 21:00:00,21,1,0,0,T3,5,11,9,8,Foggy,1,1127,0.38723214398390043,1440,200,111
2024-01-16 22:00:00,22,1,0,0,T3,8,14,8,16,Clear,1,1017,0.31204111652479616,1236,200,47
2024-01-16 23:00:00,23,1,0,0,T2,14,13,11,14,Clear,1,3011,0.3299813376779043,3493,200,65
2024-01-17 00:00:00,0,2,0,0,T2,12,18,13,11,Clear,1,1878,0.5952627911941148,2755,193,33
2024-01-17 01:00:00,1,2,0,0,T3,11,14,10,14,Rainy,1,2353,0.3168579399271071,2955,200,59
2024-01-17 02:00:00,2,2,0,0,T1,12,11,9,9,Clear,1,1867,0.6965527548691253,2160,200,68
2024-01-17 03:00:00,3,2,0,0,T3,9,19,11,17,Clear,1,1280,0.3189156132339737,1741,144,24
2024-01-17 04:00:00,4,2,0,0,T2,14,15,8,9,Clear,1,2399,0.3853981877651426,2968,200,62
2024-01-17 05:00:00,5,2,0,0,T3,12,16,13,19,Clear,1,2193,0.6986161088449205,2570,200,64
2024-01-17 06:00:00,6,2,0,1,T3,29,23,16,18,Rainy,1,5659,0.5311145212922707,9130,200,47
2024-01-17 07:00:00,7,2,0,1,T3,18,31,16,12,Clear,1,3282,0.5993131267036134,4616,200,24
2024-01-17 08:00:00,8,2,0,1,T3,15,30,18,13,Clear,1,3605,0.35909632322166257,5201,200,22
2024-01-17 09:00:00,9,2,0,1,T2,22,22,16,19,Foggy,1,5262,0.4095524694198867,7414,200,37
2024-01-17 10:00:00,10,2,0,0,T1,8,19,9,11,Rainy,1,1185,0.6612299601434853,1643,200,74
2024-01-17 11:00:00,11,2,0,0,T2,10,12,10,17,Clear,1,1517,0.4676050466074064,2157,200,68
2024-01-17 12:00:00,12,2,0,0,T1,11,13,11,16,Clear,1,2084,0.6987424587802759,2445,200,74
2024-01-17 13:00:00,13,2,0,0,T3,9,12,11,11,Foggy,1,2070,0.6879489356097074,2550,200,55
2024-01-17 14:00:00,14,2,0,0,T3,10,17,12,12,Rainy,1,1921,0.4208210812671985,2589,200,50
2024-01-17 15:00:00,15,2,0,0,T1,11,15,10,15,Clear,1,1380,0.6413816909638171,1935,200,42
2024-01-17 16:00:00,16,2,0,0,T3,11,18,11,16,Clear,1,1151,0.3334183148864818,1904,200,41
2024-01-17 17:00:00,17,2,0,1,T2,25,21,22,12,Clear,1,4538,0.4241921895239056,6510,200,26
2024-01-17 18:00:00,18,2,0,1,T3,19,23,19,15,Clear,1,5184,0.47851478245538087,6862,200,42
2024-01-17 19:00:00,19,2,0,1,T1,28,34,20,12,Clear,1,6915,0.47684053985479846,9117,200,29
2024-01-17 20:00:00,20,2,0,1,T1,20,20,24,8,Clear,1,3351,0.5245256081315421,5180,200,28
2024-01-17 21:00:00,21,2,0,0,T1,11,14,14,16,Clear,1,1394,0.5148603025776426,1993,200,68
2024-01-17 22:00:00,22,2,0,0,T2,12,19,13,15,Clear,1,1856,0.40982283172673106,2570,198,34
2024-01-17 23:00:00,23,2,0,0,T1,13,13,13,13,Clear,1,1376,0.38668062661899927,2242,181,63
2024-01-18 00:00:00,0,3,0,0,T2,8,16,9,14,Foggy,1,1175,0.5068081724313845,1950,200,66
2024-01-18 01:00:00,1,3,0,0,T2,14,15,11,13,Clear,1,2359,0.5712270829873973,3190,200,67
2024-01-18 02:00:00,2,3,0,0,T2,12,13,13,10,Clear,1,2754,0.5934197175889511,3067,200,51
2024-01-18 03:00:00,3,3,0,0,T1,12,10,11,9,Rainy,1,1737,0.6978511674022928,2697,200,69
2024-01-18 04:00:00,4,3,0,0,T3,9,10,9,17,Clear,1,1834,0.6030366803359745,2127,200,75
2024-01-18 05:00:00,5,3,0,0,T1,9,12,13,17,Clear,1,1767,0.6893416451171958,2149,200,46
2024-01-18 06:00:00,6,3,0,1,T1,27,33,17,14,Clear,1,8680,0.3322937380991725,10227,200,20
2024-01-18 07:00:00,7,3,0,1,T1,16,31,18,16,Rainy,1,6359,0.5405378679628323,7193,200,45
2024-01-18 08:00:00,8,3,0,1,T1,26,31,19,11,Clear,1,6870,0.6906300127548649,9612,200,33
2024-01-18 09:00:00,9,3,0,1,T2,17,23,16,8,Clear,1,4566,0.4761067529855988,6292,200,37
2024-01-18 10:00:00,10,3,0,0,T3,12,14,12,10,Clear,1,2280,0.6469281098444221,2540,200,65
2024-01-18 11:00:00,11,3,0,0,T2,12,12,10,16,Clear,1,2130,0.38833614891388724,2672,200,74
2024-01-18 12:00:00,12,3,0,0,T2,11,13,13,18,Rainy,1,1820,0.3547733648566044,2639,200,79
2024-01-18 13:00:00,13,3,0,0,T1,14,16,14,9,Clear,1,1715,0.3292632085576977,2415,200,59
2024-01-18 14:00:00,14,3,0,0,T2,14,16,13,9,Clear,1,2178,0.44940459630185153,2815,200,44
2024-01-18 15:00:00,15,3,0,0,T2,14,16,9,10,Rainy,1,2442,0.3064425784629364,3266,200,49
2024-01-18 16:00:00,16,3,0,0,T1,7,17,10,16,Clear,1,1041,0.6983073187857863,1700,200,47
2024-01-18 17:00:00,17,3,0,1,T1,27,34,24,17,Clear,1,6388,0.44280745763541646,8600,200,20
2024-01-18 18:00:00,18,3,0,1,T3,21,31,22,12,Foggy,1,6576,0.5770860570777192,10160,200,24
2024-01-18 19:00:00,19,3,0,1,T3,21,33,18,13,Rainy,1,6194,0.3952182707441261,8745,200,21
2024-01-18 20:00:00,20,3,0,1,T3,26,26,21,19,Clear,1,5419,0.33861302220475753,7252,200,28
2024-01-18 21:00:00,21,3,0,0,T3,7,19,10,15,Clear,1,1127,0.6503291500516116,1793,117,28
2024-01-18 22:00:00,22,3,0,0,T1,10,10,11,18,Rainy,1,1327,0.5993201113545592,2157,200,114
2024-01-18 23:00:00,23,3,0,0,T2,5,15,14,17,Clear,1,732,0.698578566939255,985,71,19
2024-01-19 00:00:00,0,4,0,0,T2,11,13,12,8,Clear,1,2014,0.5165265526568215,2505,200,46
2024-01-19 01:00:00,1,4,0,0,T2,10,14,14,9,Rainy,1,2275,0.536196613529379,2738,200,80
2024-01-19 02:00:00,2,4,0,0,T3,8,12,10,9,Foggy,1,1422,0.41366123714289,2026,200,70
2024-01-19 03:00:00,3,4,0,0,T2,6,19,14,19,Rainy,1,1135,0.5795160845139109,1696,132,38
2024-01-19 04:00:00,4,4,0,0,T1,13,18,14,14,Rainy,1,2118,0.4224287980892935,2675,200,48
2024-01-19 05:00:00,5,4,0,0,T2,11,17,8,15,Clear,1,1619,0.5344688240531188,2077,184,53
2024-01-19 06:00:00,6,4,0,1,T2,17,28,23,13,Clear,1,3817,0.3445087584343209,5627,200,26
2024-01-19 07:00:00,7,4,0,1,T1,19,26,23,11,Rainy,1,7229,0.5068976860680335,8562,200,37
2024-01-19 08:00:00,8,4,0,1,T3,16,21,17,19,Clear,1,3707,0.37156932108574797,4398,200,42
2024-01-19 09:00:00,9,4,0,1,T2,23,20,19,17,Clear,1,4519,0.6351110369862252,6270,200,37
2024-01-19 10:00:00,10,4,0,0,T1,10,10,8,14,Clear,1,1506,0.5454610578867359,2238,200,66
2024-01-19 11:00:00,11,4,0,0,T1,5,12,13,14,Clear,1,805,0.41912191186628295,1014,129,37
2024-01-19 12:00:00,12,4,0,0,T2,13,18,11,13,Clear,1,2008,0.5534927281129682,2786,200,41
2024-01-19 13:00:00,13,4,0,0,T1,12,13,10,14,Foggy,1,2508,0.38328608595051095,2855,200,80
2024-01-19 14:00:00,14,4,0,0,T2,10,14,9,11,Clear,1,1545,0.6585050375143093,1978,200,78
2024-01-19 15:00:00,15,4,0,0,T2,6,17,13,8,Rainy,1,1155,0.4820955757349341,1699,135,50
2024-01-19 16:00:00,16,4,0,0,T3,12,13,14,14,Clear,1,2095,0.4028756847106971,2467,200,38
2024-01-19 17:00:00,17,4,0,1,T2,17,33,24,13,Rainy,1,4262,0.47481599680210207,5604,200,21
2024-01-19 18:00:00,18,4,0,1,T3,23,31,20,11,Clear,1,5181,0.49061741751091753,7874,200,28
2024-01-19 19:00:00,19,4,0,1,T1,22,22,23,15,Clear,1,5442,0.3030021551097622,7170,200,28
2024-01-19 20:00:00,20,4,0,1,T1,18,26,19,13,Rainy,1,5967,0.5228150242576556,7596,200,43
2024-01-19 21:00:00,21,4,0,0,T3,9,18,10,11,Clear,1,1291,0.43747247544023204,2103,200,45
2024-01-19 22:00:00,22,4,0,0,T2,8,17,14,12,Clear,1,1235,0.488129451601488,1603,150,27
2024-01-19 23:00:00,23,4,0,0,T1,6,13,11,18,Clear,1,846,0.6842073868133794,1164,197,46
2024-01-20 00:00:00,0,5,1,0,T1,5,11,9,11,Clear,1,878,0.615660821469457,1312,200,55
2024-01-20 01:00:00,1,5,1,0,T3,10,16,8,16,Clear,1,1682,0.495953335399528,2389,200,52
2024-01-20 02:00:00,2,5,1,0,T3,9,13,10,11,Clear,1,1852,0.5925497927438241,2839,200,51
2024-01-20 03:00:00,3,5,1,0,T1,10,19,8,18,Clear,1,1823,0.672855852566335,2413,200,50
2024-01-20 04:00:00,4,5,1,0,T2,6,10,8,11,Clear,1,1549,0.3001641263349547,1895,200,67
2024-01-20 05:00:00,5,5,1,0,T1,14,16,9,10,Clear,1,2714,0.4607625696291322,3886,200,43
2024-01-20 06:00:00,6,5,1,1,T2,19,34,20,12,Clear,1,5314,0.3165455203277228,7638,200,35
2024-01-20 07:00:00,7,5,1,1,T1,27,34,20,19,Clear,1,9624,0.5285134744662828,11028,200,35
2024-01-20 08:00:00,8,5,1,1,T1,19,20,22,13,Clear,1,6899,0.6560977249793652,8682,200,44
2024-01-20 09:00:00,9,5,1,1,T3,27,24,19,11,Clear,1,7816,0.3698148554380087,10381,200,41
2024-01-20 10:00:00,10,5,1,0,T1,7,12,8,12,Rainy,1,1884,0.41897008614515463,2627,200,59
2024-01-20 11:00:00,11,5,1,0,T2,14,12,9,17,Foggy,1,2861,0.3689573776854626,4138,200,82
2024-01-20 12:00:00,12,5,1,0,T1,10,11,9,9,Clear,1,1984,0.4121701258438155,2721,200,52
2024-01-20 13:00:00,13,5,1,0,T1,10,13,14,15,Clear,1,1910,0.5368788666501156,3137,200,68
2024-01-20 14:00:00,14,5,1,0,T3,9,10,13,9,Clear,1,1956,0.317351411630024,2859,200,58
2024-01-20 15:00:00,15,5,1,0,T2,11,17,13,11,Clear,1,2496,0.6033789128160786,2972,200,39
2024-01-20 16:00:00,16,5,1,0,T1,14,16,9,8,Clear,1,2707,0.6438253229419043,3182,200,58
2024-01-20 17:00:00,17,5,1,1,T3,21,27,17,10,Rainy,1,7562,0.6108548655094946,10499,200,35
2024-01-20 18:00:00,18,5,1,1,T1,19,24,20,15,Clear,1,6307,0.6926462529000328,7592,200,25
2024-01-20 19:00:00,19,5,1,1,T1,20,33,22,10,Clear,1,6295,0.32841513099170944,7967,200,29
2024-01-20 20:00:00,20,5,1,1,T1,28,33,15,15,Clear,1,10544,0.3037321419442676,13671,200,24
2024-01-20 21:00:00,21,5,1,0,T2,9,10,11,12,Rainy,1,2084,0.5409878287789541,2727,200,106
2024-01-20 22:00:00,22,5,1,0,T3,7,15,13,10,Rainy,1,1713,0.43632880887453807,2023,200,76
2024-01-20 23:00:00,23,5,1,0,T2,10,13,8,11,Clear,1,2292,0.611594200788616,2575,200,47
2024-01-21 00:00:00,0,6,1,0,T1,6,12,10,8,Clear,1,1263,0.4243634810912202,1701,200,83
2024-01-21 01:00:00,1,6,1,0,T1,9,19,9,15,Clear,1,1527,0.45948146207032614,2045,200,44
2024-01-21 02:00:00,2,6,1,0,T1,6,19,12,19,Clear,1,1335,0.5726801963664535,1852,172,53
2024-01-21 03:00:00,3,6,1,0,T2,14,15,14,18,Clear,1,2857,0.4065340697560193,3379,200,58
2024-01-21 04:00:00,4,6,1,0,T3,8,17,10,12,Clear,1,1341,0.30120318422428854,2003,152,48
2024-01-21 05:00:00,5,6,1,0,T2,8,14,14,12,Rainy,1,2117,0.3403043123458099,2800,200,53
2024-01-21 06:00:00,6,6,1,1,T2,25,29,23,15,Clear,1,5856,0.3021111129099469,9332,200,22
2024-01-21 07:00:00,7,6,1,1,T2,29,26,19,12,Foggy,1,9299,0.34946216267919966,14201,200,39
2024-01-21 08:00:00,8,6,1,1,T3,16,21,19,16,Clear,1,5247,0.6629112400264388,7169,200,23
2024-01-21 09:00:00,9,6,1,1,T3,19,27,21,16,Clear,1,5293,0.4748600096726204,6680,200,18
2024-01-21 10:00:00,10,6,1,0,T2,12,15,8,16,Clear,1,2376,0.6666453330919769,2786,200,57
2024-01-21 11:00:00,11,6,1,0,T3,8,12,13,8,Clear,1,1900,0.34106245829937476,2466,200,46
2024-01-21 12:00:00,12,6,1,0,T1,12,18,9,15,Clear,1,2548,0.391717995356799,3328,200,39
2024-01-21 13:00:00,13,6,1,0,T3,7,18,10,18,Clear,1,1547,0.6880725653211581,2051,200,35
2024-01-21 14:00:00,14,6,1,0,T1,5,12,8,10,Clear,1,1232,0.5629367004715001,1505,200,95
2024-01-21 15:00:00,15,6,1,0,T2,11,19,8,8,Rainy,1,2754,0.4786102970648947,4198,200,75
2024-01-21 16:00:00,16,6,1,0,T1,14,15,13,13,Clear,1,2832,0.46736186389858003,3821,200,53
2024-01-21 17:00:00,17,6,1,1,T3,21,26,23,8,Clear,1,7140,0.3017640535921241,8068,200,34
2024-01-21 18:00:00,18,6,1,1,T1,27,29,17,11,Rainy,1,13103,0.4129244808634906,15041,200,44
2024-01-21 19:00:00,19,6,1,1,T3,22,23,19,17,Clear,1,5864,0.6852520849867152,8082,200,41
2024-01-21 20:00:00,20,6,1,1,T2,19,25,23,11,Foggy,1,9099,0.5052539360215116,10416,200,36
2024-01-21 21:00:00,21,6,1,0,T1,14,16,9,17,Clear,1,2729,0.5893168495369784,3519,200,69
2024-01-21 22:00:00,22,6,1,0,T1,8,12,13,12,Clear,1,1981,0.44466415687043953,2232,200,72
2024-01-21 23:00:00,23,6,1,0,T1,8,14,9,18,Clear,1,1173,0.48975493683713345,1699,200,64
2024-01-22 00:00:00,0,0,0,0,T1,11,11,10,15,Clear,1,1878,0.5409333855257324,2144,200,72
2024-01-22 01:00:00,1,0,0,0,T2,6,10,9,13,Clear,1,1038,0.5815122947172167,1174,153,61
2024-01-22 02:00:00,2,0,0,0,T3,12,11,11,13,Foggy,1,3029,0.428662050813128,3427,200,95
2024-01-22 03:00:00,3,0,0,0,T1,12,12,12,13,Foggy,1,2368,0.42254688964047454,2780,200,105
2024-01-22 04:00:00,4,0,0,0,T3,12,14,9,11,Rainy,1,2397,0.4777315800943188,2823,200,78
2024-01-22 05:00:00,5,0,0,0,T1,12,11,13,13,Rainy,1,1756,0.506366208784334,2631,200,65
2024-01-22 06:00:00,6,0,0,1,T2,25,32,20,12,Clear,1,6298,0.40699437969401475,7089,200,23
2024-01-22 07:00:00,7,0,0,1,T1,17,20,16,18,Clear,1,4003,0.468598513377082,5662,200,50
2024-01-22 08:00:00,8,0,0,1,T2,27,23,20,19,Rainy,1,7501,0.4209525488339083,10449,200,36
2024-01-22 09:00:00,9,0,0,1,T1,29,25,19,19,Clear,1,7449,0.3949611722884183,10317,200,20
2024-01-22 10:00:00,10,0,0,0,T2,8,11,8,15,Clear,1,1220,0.33397135412102497,1370,198,55
2024-01-22 11:00:00,11,0,0,0,T3,5,13,10,9,Clear,1,989,0.43903056051018263,1245,132,48
2024-01-22 12:00:00,12,0,0,0,T3,14,11,10,16,Rainy,1,2208,0.5247072595632806,3195,200,106
2024-01-22 13:00:00,13,0,0,0,T1,13,12,11,9,Foggy,1,2784,0.5765811549341855,3152,200,84
2024-01-22 14:00:00,14,0,0,0,T1,5,17,12,11,Rainy,1,701,0.5674783717898895,1140,181,51
2024-01-22 15:00:00,15,0,0,0,T2,14,11,12,9,Rainy,1,2445,0.5354685023956305,3067,200,70
2024-01-22 16:00:00,16,0,0,0,T1,5,14,13,19,Clear,1,666,0.38310448729036417,1041,141,49
2024-01-22 17:00:00,17,0,0,1,T3,29,26,15,8,Clear,1,6539,0.6177801484559691,9662,200,23
2024-01-22 18:00:00,18,0,0,1,T3,22,20,20,8,Clear,1,5524,0.5538432465924694,8143,200,42
2024-01-22 19:00:00,19,0,0,1,T1,18,21,17,9,Clear,1,3283,0.3190231599538869,5184,200,48
2024-01-22 20:00:00,20,0,0,1,T1,16,25,17,11,Clear,1,4039,0.6071470734378028,4492,200,32
2024-01-22 21:00:00,21,0,0,0,T3,9,12,9,19,Rainy,1,1514,0.5957205492084305,1946,200,59
2024-01-22 22:00:00,22,0,0,0,T1,8,17,11,16,Clear,1,1307,0.692004950243426,1913,163,41
2024-01-22 23:00:00,23,0,0,0,T2,6,14,9,13,Rainy,1,828,0.41857777878708813,1247,200,84
2024-01-23 00:00:00,0,1,0,0,T1,9,11,8,14,Rainy,1,1590,0.6653241008683799,2487,200,81
2024-01-23 01:00:00,1,1,0,0,T1,13,17,14,11,Clear,1,2459,0.6151593676959719,2986,200,48
2024-01-23 02:00:00,2,1,0,0,T2,5,16,10,8,Clear,1,1005,0.3470146830549732,1291,179,46
2024-01-23 03:00:00,3,1,0,0,T3,13,18,10,17,Foggy,1,3181,0.5306478904455071,3668,200,60
2024-01-23 04:00:00,4,1,0,0,T3,6,15,9,9,Rainy,1,1036,0.36138860382768273,1673,190,48
2024-01-23 05:00:00,5,1,0,0,T3,8,14,14,18,Clear,1,1343,0.5092027769693335,1683,128,42
2024-01-23 06:00:00,6,1,0,1,T3,18,23,20,9,Clear,1,5342,0.4845517585777932,6502,200,31
2024-01-23 07:00:00,7,1,0,1,T3,26,20,20,10,Clear,1,7932,0.5639106705766717,9784,200,29
2024-01-23 08:00:00,8,1,0,1,T1,25,26,24,8,Clear,1,6565,0.6793765635254908,7632,200,22
2024-01-23 09:00:00,9,1,0,1,T1,28,20,20,19,Clear,1,5468,0.6748629942719526,7164,200,46
2024-01-23 10:00:00,10,1,0,0,T1,11,14,12,14,Clear,1,2286,0.5234769857013195,2775,200,58
2024-01-23 11:00:00,11,1,0,0,T2,7,17,14,12,Clear,1,855,0.36740712233523776,1264,94,25
2024-01-23 12:00:00,12,1,0,0,T1,11,17,12,13,Clear,1,1307,0.462303112529173,1849,168,42
2024-01-23 13:00:00,13,1,0,0,T3,6,16,14,18,Foggy,1,1170,0.40020989597021017,1604,200,51
2024-01-23 14:00:00,14,1,0,0,T3,6,10,11,9,Rainy,1,1110,0.47156786600401596,1374,200,101
2024-01-23 15:00:00,15,1,0,0,T3,7,15,13,11,Clear,1,1195,0.48739664817525086,1428,114,24
2024-01-23 16:00:00,16,1,0,0,T2,7,17,11,18,Clear,1,1347,0.5204456296178601,1655,179,40
2024-01-23 17:00:00,17,1,0,1,T1,23,34,19,12,Rainy,1,7754,0.6595363628480048,10454,200,19
2024-01-23 18:00:00,18,1,0,1,T2,15,29,16,8,Clear,1,3792,0.5780331401621688,4522,200,30
2024-01-23 19:00:00,19,1,0,1,T2,25,34,22,13,Clear,1,5930,0.4696358838404262,7062,200,19
2024-01-23 20:00:00,20,1,0,1,T2,15,33,19,11,Clear,1,2551,0.44438174149550086,3934,200,23
2024-01-23 21:00:00,21,1,0,0,T2,8,10,9,18,Rainy,1,1297,0.5332746757999389,1928,200,63
2024-01-23 22:00:00,22,1,0,0,T2,8,10,12,19,Foggy,1,1529,0.5259781192263557,2019,200,92
2024-01-23 23:00:00,23,1,0,0,T3,7,13,11,11,Clear,1,1269,0.3716248991720549,1642,200,52
2024-01-24 00:00:00,0,2,0,0,T1,14,18,13,9,Clear,1,1825,0.6447230183857493,2768,183,34
2024-01-24 01:00:00,1,2,0,0,T2,5,12,10,11,Clear,1,757,0.30210382097247,996,173,63
2024-01-24 02:00:00,2,2,0,0,T3,12,10,10,11,Clear,1,2516,0.407358182404936,2963,200,86
2024-01-24 03:00:00,3,2,0,0,T2,8,14,10,19,Clear,1,1130,0.5993971566935963,1488,131,45
2024-01-24 04:00:00,4,2,0,0,T1,7,17,12,13,Clear,1,1288,0.37718447941274325,1727,106,18
2024-01-24 05:00:00,5,2,0,0,T2,5,17,9,14,Clear,1,992,0.4767468495206588,1136,107,35
2024-01-24 06:00:00,6,2,0,1,T1,24,33,18,18,Clear,1,3864,0.46627529107065446,6210,200,21
2024-01-24 07:00:00,7,2,0,1,T2,21,33,19,16,Clear,1,3603,0.36029730384220243,5495,200,20
2024-01-24 08:00:00,8,2,0,1,T1,20,23,18,12,Foggy,1,6321,0.4604343936299893,9431,200,62
2024-01-24 09:00:00,9,2,0,1,T1,26,24,17,18,Clear,1,5565,0.3452422450610219,8022,200,40
2024-01-24 10:00:00,10,2,0,0,T2,8,16,13,18,Clear,1,1622,0.4857114626155893,1870,200,66
2024-01-24 11:00:00,11,2,0,0,T2,12,18,10,18,Clear,1,1560,0.5539734161241668,2161,200,36
2024-01-24 12:00:00,12,2,0,0,T2,11,13,8,10,Clear,1,2271,0.5965630402444198,2655,200,48
2024-01-24 13:00:00,13,2,0,0,T2,11,11,10,18,Rainy,1,1931,0.6093975575491841,2542,200,111
2024-01-24 14:00:00,14,2,0,0,T1,13,18,10,12,Clear,1,2550,0.6600638828453141,3351,200,44
2024-01-24 15:00:00,15,2,0,0,T2,5,13,14,8,Foggy,1,1222,0.4204296928591407,1500,173,55
2024-01-24 16:00:00,16,2,0,0,T1,8,18,12,19,Foggy,1,1799,0.3840034685151638,2320,200,52
2024-01-24 17:00:00,17,2,0,1,T2,25,24,15,16,Rainy,1,7458,0.5377273244588939,9817,200,54
2024-01-24 18:00:00,18,2,0,1,T3,16,28,16,12,Clear,1,3263,0.6794428522580399,4823,200,24
2024-01-24 19:00:00,19,2,0,1,T2,15,27,23,14,Clear,1,2877,0.6282744646047912,4693,200,31
2024-01-24 20:00:00,20,2,0,1,T1,25,23,24,8,Foggy,1,6212,0.5297063210907433,10024,200,29
2024-01-24 21:00:00,21,2,0,0,T3,12,14,11,17,Rainy,1,2490,0.5919371441271964,3188,200,66
2024-01-24 22:00:00,22,2,0,0,T1,11,10,8,15,Foggy,1,1979,0.638006900386736,2501,200,97
2024-01-24 23:00:00,23,2,0,0,T1,9,19,8,14,Clear,1,1808,0.688122477458259,2126,200,30
2024-01-25 00:00:00,0,3,0,0,T1,10,12,13,19,Rainy,1,1536,0.6914933537703185,2414,200,52
2024-01-25 01:00:00,1,3,0,0,T1,11,16,10,13,Clear,1,1573,0.6106233138704129,2485,200,61
2024-01-25 02:00:00,2,3,0,0,T3,10,14,12,18,Clear,1,1424,0.33140377568038604,1890,164,57
2024-01-25 03:00:00,3,3,0,0,T1,14,19,9,15,Clear,1,2117,0.47554848760114365,3280,200,59
2024-01-25 04:00:00,4,3,0,0,T1,9,11,11,14,Clear,1,1540,0.5068208869011839,1926,181,74
2024-01-25 05:00:00,5,3,0,0,T1,6,17,14,18,Clear,1,908,0.32129898585026057,1350,125,28
2024-01-25 06:00:00,6,3,0,1,T1,25,32,16,16,Clear,1,7035,0.5127689306303916,8757,200,38
2024-01-25 07:00:00,7,3,0,1,T2,19,23,21,9,Foggy,1,6962,0.46063503418772833,8993,200,47
2024-01-25 08:00:00,8,3,0,1,T2,22,23,22,8,Foggy,1,6399,0.32444044638053926,7792,200,51
2024-01-25 09:00:00,9,3,0,1,T2,20,24,20,16,Clear,1,4068,0.38423260876567333,5401,200,39
2024-01-25 10:00:00,10,3,0,0,T1,13,15,13,16,Clear,1,1627,0.4632120914677775,2500,200,42
2024-01-25 11:00:00,11,3,0,0,T1,10,10,13,18,Rainy,1,2266,0.4824845012357468,2538,200,92
2024-01-25 12:00:00,12,3,0,0,T1,14,16,11,19,Clear,1,2641,0.3506465198239624,3469,200,47
2024-01-25 13:00:00,13,3,0,0,T2,12,15,8,18,Clear,1,2204,0.6448834287051759,2925,200,77
2024-01-25 14:00:00,14,3,0,0,T2,12,14,9,17,Rainy,1,2302,0.5374028561034799,2904,200,59
2024-01-25 15:00:00,15,3,0,0,T3,14,11,13,14,Clear,1,1789,0.3785332484838682,2486,200,59
2024-01-25 16:00:00,16,3,0,0,T1,7,16,11,8,Foggy,1,1422,0.5819195179239376,1774,200,68
2024-01-25 17:00:00,17,3,0,1,T3,28,26,16,13,Rainy,1,10869,0.5668212013080178,12534,200,50
2024-01-25 18:00:00,18,3,0,1,T3,29,21,21,8,Clear,1,5889,0.5605760926327293,7999,200,40
2024-01-25 19:00:00,19,3,0,1,T1,20,34,22,17,Clear,1,4689,0.5528222369132789,5374,200,26
2024-01-25 20:00:00,20,3,0,1,T1,19,20,15,10,Clear,1,5647,0.5890672543848291,6567,200,46
2024-01-25 21:00:00,21,3,0,0,T3,7,14,11,14,Clear,1,918,0.615515256276086,1294,161,49
2024-01-25 22:00:00,22,3,0,0,T3,10,15,13,17,Clear,1,1586,0.6984984829499258,2377,200,60
2024-01-25 23:00:00,23,3,0,0,T1,7,15,13,8,Rainy,1,1474,0.33617667509162785,1753,200,49
2024-01-26 00:00:00,0,4,0,0,T2,9,19,13,15,Foggy,1,1671,0.47053503999606394,2427,200,57
2024-01-26 01:00:00,1,4,0,0,T1,9,16,8,8,Clear,1,1407,0.3867575764956231,1962,200,76
2024-01-26 02:00:00,2,4,0,0,T2,11,14,12,18,Clear,1,1540,0.38549780344432805,2480,200,36
2024-01-26 03:00:00,3,4,0,0,T2,10,13,8,12,Foggy,1,2771,0.6959472218033688,3109,200,78
2024-01-26 04:00:00,4,4,0,0,T2,13,16,10,12,Rainy,1,2171,0.30114260112687297,3250,200,51
2024-01-26 05:00:00,5,4,0,0,T2,8,16,12,19,Clear,1,1128,0.37883425859401293,1764,194,47
2024-01-26 06:00:00,6,4,0,1,T1,18,32,21,19,Rainy,1,5205,0.6377959560509174,6291,200,37
2024-01-26 07:00:00,7,4,0,1,T1,25,24,24,11,Clear,1,4573,0.4516407624665952,7463,200,32
2024-01-26 08:00:00,8,4,0,1,T3,20,22,24,18,Rainy,1,7303,0.6003583286784665,9160,200,44
2024-01-26 09:00:00,9,4,0,1,T2,25,25,15,19,Clear,1,5215,0.3225731522977392,6655,200,49
2024-01-26 10:00:00,10,4,0,0,T2,12,14,8,16,Clear,1,2171,0.437018905803636,2625,200,63
2024-01-26 11:00:00,11,4,0,0,T1,10,14,13,12,Rainy,1,1931,0.3948532625820278,2404,200,63
2024-01-26 12:00:00,12,4,0,0,T1,5,14,11,13,Rainy,1,1008,0.39389630027320216,1148,179,56
2024-01-26 13:00:00,13,4,0,0,T3,12,10,9,14,Clear,1,2467,0.41989234021454797,2759,200,53
2024-01-26 14:00:00,14,4,0,0,T1,13,12,10,11,Clear,1,1988,0.5556683287668616,2876,200,59
2024-01-26 15:00:00,15,4,0,0,T2,12,17,11,17,Clear,1,1869,0.6508863015741624,2741,200,53
2024-01-26 16:00:00,16,4,0,0,T3,7,15,9,19,Rainy,1,1112,0.5110955559767605,1586,200,71
2024-01-26 17:00:00,17,4,0,1,T2,19,31,17,9,Rainy,1,4135,0.6480468819229086,6610,200,34
2024-01-26 18:00:00,18,4,0,1,T2,24,29,24,17,Clear,1,8159,0.6944712449680986,9077,200,32
2024-01-26 19:00:00,19,4,0,1,T1,26,20,21,13,Rainy,1,9111,0.309314128266775,10167,200,41
2024-01-26 20:00:00,20,4,0,1,T1,21,24,24,10,Clear,1,5036,0.40977790722638385,6519,200,32
2024-01-26 21:00:00,21,4,0,0,T1,11,14,14,10,Clear,1,1331,0.32223695243269784,2065,189,52
2024-01-26 22:00:00,22,4,0,0,T1,9,19,8,10,Clear,1,1686,0.3542941230333072,2039,162,45
2024-01-26 23:00:00,23,4,0,0,T2,10,11,14,9,Foggy,1,2484,0.38811943672689664,2827,200,109
2024-01-27 00:00:00,0,5,1,0,T3,10,16,13,14,Clear,1,2147,0.5707864730915364,3065,200,60
2024-01-27 01:00:00,1,5,1,0,T2,9,17,9,9,Rainy,1,2499,0.6385472213830292,3210,200,67
2024-01-27 02:00:00,2,5,1,0,T1,14,17,9,8,Clear,1,2174,0.6788818358992716,3282,200,47
2024-01-27 03:00:00,3,5,1,0,T1,9,18,9,16,Clear,1,2103,0.6189114031677333,2448,200,55
2024-01-27 04:00:00,4,5,1,0,T1,14,10,14,14,Clear,1,2505,0.3741741337055471,3520,200,53
2024-01-27 05:00:00,5,5,1,0,T3,14,10,9,9,Clear,1,2482,0.3560304174811022,3363,200,73
2024-01-27 06:00:00,6,5,1,1,T1,21,34,16,8,Clear,1,5894,0.6666687636548719,8317,200,18
2024-01-27 07:00:00,7,5,1,1,T1,23,25,20,10,Clear,1,7183,0.4021625761336096,10145,200,20
2024-01-27 08:00:00,8,5,1,1,T1,28,23,15,18,Clear,1,6136,0.6620626402464928,9228,200,44
2024-01-27 09:00:00,9,5,1,1,T2,28,27,16,11,Foggy,1,11620,0.49309295623636407,17065,200,28
2024-01-27 10:00:00,10,5,1,0,T1,8,19,13,17,Clear,1,1377,0.5161469448460152,2266,158,32
2024-01-27 11:00:00,11,5,1,0,T3,12,18,9,11,Clear,1,2152,0.662736979081936,3183,200,45
2024-01-27 12:00:00,12,5,1,0,T1,10,12,10,14,Clear,1,2074,0.3751830870826353,2783,200,54
2024-01-27 13:00:00,13,5,1,0,T2,13,17,9,11,Clear,1,2558,0.6628478416563016,3014,200,62
2024-01-27 14:00:00,14,5,1,0,T2,5,14,12,14,Clear,1,1007,0.4124639498933877,1391,108,33
2024-01-27 15:00:00,15,5,1,0,T2,13,15,12,9,Clear,1,2524,0.5489880465406477,2853,200,42
2024-01-27 16:00:00,16,5,1,0,T1,12,16,9,16,Clear,1,2559,0.3194845582710167,2920,200,45
2024-01-27 17:00:00,17,5,1,1,T3,27,30,15,12,Clear,1,9887,0.669425256672588,11783,200,31
2024-01-27 18:00:00,18,5,1,1,T3,18,20,22,11,Foggy,1,9307,0.4779791913087953,11088,200,59
2024-01-27 19:00:00,19,5,1,1,T2,27,28,22,15,Clear,1,7769,0.5400838072523082,10775,200,35
2024-01-27 20:00:00,20,5,1,1,T2,25,22,16,8,Clear,1,7472,0.5512036715662877,8899,200,26
2024-01-27 21:00:00,21,5,1,0,T1,14,15,8,19,Clear,1,2608,0.4382147030782719,3954,200,81
2024-01-27 22:00:00,22,5,1,0,T3,9,12,9,8,Rainy,1,1905,0.6697889100975111,3015,200,86
2024-01-27 23:00:00,23,5,1,0,T1,8,17,11,12,Clear,1,1677,0.40716953161153585,2015,200,71
2024-01-28 00:00:00,0,6,1,0,T2,12,12,10,16,Clear,1,2204,0.640312286057171,2900,200,56
2024-01-28 01:00:00,1,6,1,0,T2,6,16,11,16,Clear,1,1179,0.42685143403674597,1621,200,70
2024-01-28 02:00:00,2,6,1,0,T3,6,15,11,14,Clear,1,1268,0.656845857267388,1480,200,42
2024-01-28 03:00:00,3,6,1,0,T3,12,15,8,13,Rainy,1,2737,0.6467770025383057,3162,200,74
2024-01-28 04:00:00,4,6,1,0,T3,7,18,9,12,Clear,1,1110,0.6802305811595422,1512,122,21
2024-01-28 05:00:00,5,6,1,0,T2,5,12,12,9,Rainy,1,1703,0.4653568818712529,1968,200,59
2024-01-28 06:00:00,6,6,1,1,T1,28,30,16,15,Clear,1,8494,0.3082899109771756,12572,200,25
2024-01-28 07:00:00,7,6,1,1,T2,25,26,21,18,Clear,1,7978,0.3898206406570759,12258,200,31
2024-01-28 08:00:00,8,6,1,1,T1,20,31,23,17,Clear,1,4756,0.6142072186919587,6790,200,24
2024-01-28 09:00:00,9,6,1,1,T2,28,28,15,17,Clear,1,5921,0.3629274375845081,9199,200,35
2024-01-28 10:00:00,10,6,1,0,T3,14,17,8,9,Clear,1,3716,0.5630699300514581,4544,200,52
2024-01-28 11:00:00,11,6,1,0,T1,5,12,9,9,Rainy,1,1637,0.30336060971129547,2001,200,96
2024-01-28 12:00:00,12,6,1,0,T1,7,12,11,11,Rainy,1,1810,0.6542547500814339,2102,200,102
2024-01-28 13:00:00,13,6,1,0,T2,6,16,11,13,Clear,1,1350,0.6942351363526005,1714,149,54
2024-01-28 14:00:00,14,6,1,0,T1,6,18,13,19,Rainy,1,1260,0.45539110007363925,1797,165,52
2024-01-28 15:00:00,15,6,1,0,T3,12,19,10,17,Clear,1,2724,0.3902459751369135,3340,200,54
2024-01-28 16:00:00,16,6,1,0,T1,13,10,14,10,Clear,1,2755,0.6289352538028286,3394,200,64
2024-01-28 17:00:00,17,6,1,1,T1,19,33,17,17,Rainy,1,5270,0.3189211464014087,8348,200,46
2024-01-28 18:00:00,18,6,1,1,T1,23,32,24,12,Clear,1,5388,0.3673358812862776,8123,200,20
2024-01-28 19:00:00,19,6,1,1,T1,28,28,24,11,Clear,1,8902,0.5883238650297133,10114,200,20
2024-01-28 20:00:00,20,6,1,1,T1,29,20,24,10,Foggy,1,12702,0.3984274439888421,16808,200,29
2024-01-28 21:00:00,21,6,1,0,T1,13,12,11,11,Clear,1,2982,0.6411924486330464,4072,200,42
2024-01-28 22:00:00,22,6,1,0,T1,9,18,10,9,Clear,1,1628,0.6382398136577923,2198,200,54
2024-01-28 23:00:00,23,6,1,0,T1,9,19,13,10,Foggy,1,2230,0.6627431334739112,3016,200,73
2024-01-29 00:00:00,0,0,0,0,T2,5,10,10,13,Clear,1,1108,0.5817901800760384,1299,149,39
2024-01-29 01:00:00,1,0,0,0,T2,9,11,10,12,Clear,1,1569,0.5005266472374273,1979,200,95
2024-01-29 02:00:00,2,0,0,0,T3,6,19,12,12,Clear,1,1049,0.49913939642653815,1309,86,15
2024-01-29 03:00:00,3,0,0,0,T1,6,19,11,15,Clear,1,913,0.3529578336249242,1283,106,28
2024-01-29 04:00:00,4,0,0,0,T2,13,19,11,10,Clear,1,1796,0.692301180161727,2184,176,39
2024-01-29 05:00:00,5,0,0,0,T2,7,10,9,15,Clear,1,865,0.415341027420478,1436,190,51
2024-01-29 06:00:00,6,0,0,1,T1,21,32,16,9,Clear,1,5419,0.40595397703306074,7053,200,21
2024-01-29 07:00:00,7,0,0,1,T2,16,25,15,13,Clear,1,3573,0.6959047804768271,5230,200,41
2024-01-29 08:00:00,8,0,0,1,T1,19,23,16,14,Foggy,1,7173,0.613224665429912,8706,200,57
2024-01-29 09:00:00,9,0,0,1,T2,29,29,16,13,Clear,1,5277,0.3816235368394078,8134,200,40
2024-01-29 10:00:00,10,0,0,0,T2,10,18,9,19,Clear,1,1675,0.5456417499281195,2454,200,54
2024-01-29 11:00:00,11,0,0,0,T3,13,12,10,13,Clear,1,2680,0.6692707617776015,3316,200,59
2024-01-29 12:00:00,12,0,0,0,T3,9,14,8,16,Rainy,1,1432,0.32846473653916053,2376,200,68
2024-01-29 13:00:00,13,0,0,0,T2,6,16,8,8,Clear,1,896,0.4905721774006211,1371,168,66
2024-01-29 14:00:00,14,0,0,0,T2,6,14,11,8,Foggy,1,1289,0.5921058791260537,1789,200,99
2024-01-29 15:00:00,15,0,0,0,T3,10,13,14,10,Rainy,1,1965,0.6637449178730942,2607,200,55
2024-01-29 16:00:00,16,0,0,0,T1,10,18,11,8,Clear,1,2058,0.6049589910184594,2421,200,36
2024-01-29 17:00:00,17,0,0,1,T2,27,34,16,15,Clear,1,5128,0.37138411594143417,6996,200,16
2024-01-29 18:00:00,18,0,0,1,T1,19,32,18,12,Foggy,1,6096,0.32217761609277,8594,200,25
2024-01-29 19:00:00,19,0,0,1,T1,15,34,22,16,Clear,1,2883,0.5071019387838904,3838,200,32
2024-01-29 20:00:00,20,0,0,1,T3,19,34,18,8,Clear,1,4766,0.5247611993419796,5937,200,17
2024-01-29 21:00:00,21,0,0,0,T3,5,12,11,12,Foggy,1,921,0.34191991119843446,1061,169,71
2024-01-29 22:00:00,22,0,0,0,T2,5,16,13,16,Clear,1,689,0.495255569065767,1141,84,31
2024-01-29 23:00:00,23,0,0,0,T1,12,14,14,12,Clear,1,2065,0.6822543357681451,2750,200,58
2024-01-30 00:00:00,0,1,0,0,T1,13,10,14,11,Foggy,1,2681,0.6283190465656114,3714,200,86
2024-01-30 01:00:00,1,1,0,0,T1,5,10,10,16,Clear,1,1000,0.41745322517078126,1320,200,77
2024-01-30 02:00:00,2,1,0,0,T3,11,16,11,10,Clear,1,1503,0.5272550319297445,1862,200,63
2024-01-30 03:00:00,3,1,0,0,T2,10,15,10,12,Clear,1,1815,0.694690026268619,2093,200,47
2024-01-30 04:00:00,4,1,0,0,T1,8,13,8,16,Clear,1,1429,0.49534203903709534,2039,200,79
2024-01-30 05:00:00,5,1,0,0,T2,8,15,8,16,Clear,1,1287,0.3659952528179238,1780,200,64
2024-01-30 06:00:00,6,1,0,1,T3,22,21,16,15,Rainy,1,7776,0.33666656627412556,8675,200,49
2024-01-30 07:00:00,7,1,0,1,T2,27,26,22,16,Clear,1,5721,0.46573057233076526,8619,200,43
2024-01-30 08:00:00,8,1,0,1,T2,18,23,17,11,Clear,1,3251,0.5776932328069453,4648,200,37
2024-01-30 09:00:00,9,1,0,1,T2,23,27,16,16,Clear,1,7366,0.5595715202609597,8207,200,46
2024-01-30 10:00:00,10,1,0,0,T2,9,12,10,8,Rainy,1,1669,0.6105895086931472,2193,200,101
2024-01-30 11:00:00,11,1,0,0,T1,9,10,13,15,Clear,1,1372,0.4242189829170422,1749,200,64
2024-01-30 12:00:00,12,1,0,0,T1,6,10,10,14,Clear,1,1121,0.5381583627492795,1343,200,94
2024-01-30 13:00:00,13,1,0,0,T3,12,12,12,14,Rainy,1,1935,0.4027272590559708,2575,200,87
2024-01-30 14:00:00,14,1,0,0,T3,13,10,11,16,Clear,1,2105,0.5717654629112892,2634,200,62
2024-01-30 15:00:00,15,1,0,0,T1,13,12,14,13,Rainy,1,2348,0.5251359268034945,3242,200,62
2024-01-30 16:00:00,16,1,0,0,T1,7,11,11,15,Rainy,1,998,0.6749413761442815,1453,200,84
2024-01-30 17:00:00,17,1,0,1,T2,16,34,17,9,Clear,1,3347,0.5776602440711529,4354,200,27
2024-01-30 18:00:00,18,1,0,1,T3,21,30,18,14,Foggy,1,5079,0.5936715263620058,7091,200,45
2024-01-30 19:00:00,19,1,0,1,T1,15,26,15,14,Clear,1,3521,0.6826612965201728,5312,200,34
2024-01-30 20:00:00,20,1,0,1,T3,28,28,15,9,Clear,1,6085,0.4749795677699339,8482,200,27
2024-01-30 21:00:00,21,1,0,0,T2,8,18,12,8,Clear,1,1251,0.3378266505811893,1638,186,47
2024-01-30 22:00:00,22,1,0,0,T3,10,14,9,9,Clear,1,1695,0.3046006201308543,2303,200,57
2024-01-30 23:00:00,23,1,0,0,T2,8,17,9,11,Clear,1,1207,0.4164040117643824,1610,200,53
2024-01-01 00:00:00,0,0,0,0,T1,10,15,14,13,Clear,1,1142,0.4431510042887279,1731,183,56
2024-01-01 01:00:00,1,0,0,0,T1,9,18,10,15,Clear,1,1135,0.5920354045743934,1701,168,35
2024-01-01 02:00:00,2,0,0,0,T2,9,13,13,15,Clear,1,1649,0.5249841373831942,2270,200,60
2024-01-01 03:00:00,3,0,0,0,T2,5,11,14,11,Clear,1,979,0.6252405432767383,1128,97,28
2024-01-01 04:00:00,4,0,0,0,T1,13,14,11,19,Foggy,1,2283,0.35788821940604343,3090,200,64
2024-01-01 05:00:00,5,0,0,0,T2,9,19,14,18,Clear,1,1687,0.531735644318299,1903,128,29
2024-01-01 06:00:00,6,0,0,1,T2,15,27,20,14,Clear,1,4856,0.5720141377638663,5551,200,38
2024-01-01 07:00:00,7,0,0,1,T1,23,22,15,17,Clear,1,6257,0.5328378796531971,7802,200,27
2024-01-01 08:00:00,8,0,0,1,T1,21,27,16,14,Clear,1,4438,0.4015607220024857,6846,200,35
2024-01-01 09:00:00,9,0,0,1,T1,17,32,24,14,Clear,1,3607,0.638081014111687,5812,200,32
2024-01-01 10:00:00,10,0,0,0,T2,11,16,11,16,Clear,1,2119,0.5115522351062373,2532,200,54
2024-01-01 11:00:00,11,0,0,0,T1,7,19,12,9,Rainy,1,1273,0.6124641894898937,1927,153,35
2024-01-01 12:00:00,12,0,0,0,T1,11,10,13,12,Clear,1,2027,0.33686136688033447,2589,200,55
2024-01-01 13:00:00,13,0,0,0,T1,14,17,13,9,Clear,1,2044,0.35363192742258365,2760,185,54
2024-01-01 14:00:00,14,0,0,0,T2,14,13,11,8,Clear,1,1927,0.4986096298260674,3130,200,55
2024-01-01 15:00:00,15,0,0,0,T3,12,12,13,13,Clear,1,2574,0.4939843142613583,2887,200,82
2024-01-01 16:00:00,16,0,0,0,T2,10,14,9,18,Foggy,1,1903,0.5617378996546378,2598,200,71
2024-01-01 17:00:00,17,0,0,1,T1,25,30,24,10,Clear,1,5148,0.31795212203589823,7190,200,21
2024-01-01 18:00:00,18,0,0,1,T2,26,33,17,18,Clear,1,5698,0.41401497002496596,8633,200,34
2024-01-01 19:00:00,19,0,0,1,T1,28,34,17,10,Rainy,1,6451,0.5987208369163473,9327,200,28
2024-01-01 20:00:00,20,0,0,1,T2,21,27,21,8,Foggy,1,5459,0.4900303529642568,7978,200,52
2024-01-01 21:00:00,21,0,0,0,T3,6,16,11,16,Clear,1,919,0.6302683441372596,1069,71,23
2024-01-01 22:00:00,22,0,0,0,T2,11,19,9,19,Rainy,1,2400,0.5871078732721637,2809,200,45
2024-01-01 23:00:00,23,0,0,0,T3,8,15,14,14,Clear,1,1045,0.3748040452262298,1587,175,51
2024-01-02 00:00:00,0,1,0,0,T1,5,14,14,10,Clear,1,841,0.46285272994500404,1195,141,29
2024-01-02 01:00:00,1,1,0,0,T1,9,19,14,14,Clear,1,1145,0.5334045379177199,1468,120,21
2024-01-02 02:00:00,2,1,0,0,T2,11,11,13,16,Clear,1,1889,0.49408730157933417,2342,200,66
2024-01-02 03:00:00,3,1,0,0,T2,10,11,12,10,Rainy,1,2211,0.30008126607776014,2462,200,103
2024-01-02 04:00:00,4,1,0,0,T3,5,16,10,8,Clear,1,892,0.6909347533990869,1114,96,24
2024-01-02 05:00:00,5,1,0,0,T1,13,13,14,16,Clear,1,2098,0.6437177914867708,2550,200,55
2024-01-02 06:00:00,6,1,0,1,T1,21,33,23,17,Clear,1,5262,0.5228953271453061,7866,200,27
2024-01-02 07:00:00,7,1,0,1,T1,27,27,19,8,Clear,1,5956,0.44404137872420685,7625,200,38
2024-01-02 08:00:00,8,1,0,1,T3,21,27,17,10,Clear,1,3952,0.48626727060646024,5700,200,35
2024-01-02 09:00:00,9,1,0,1,T1,17,28,16,15,Clear,1,3001,0.3186899888975049,4591,200,34
2024-01-02 10:00:00,10,1,0,0,T2,13,15,8,16,Clear,1,1629,0.5664489939648112,2112,200,40
2024-01-02 11:00:00,11,1,0,0,T3,8,11,13,11,Rainy,1,1771,0.5796977952722007,2367,200,88
2024-01-02 12:00:00,12,1,0,0,T1,6,12,11,10,Clear,1,895,0.30101850036452715,1353,148,40
2024-01-02 13:00:00,13,1,0,0,T3,6,18,10,13,Clear,1,843,0.32234829603694914,1139,120,35
2024-01-02 14:00:00,14,1,0,0,T1,8,14,10,15,Clear,1,1492,0.39857805585044437,1950,200,52
2024-01-02 15:00:00,15,1,0,0,T1,6,10,11,13,Clear,1,1052,0.6127449125997574,1319,197,95
2024-01-02 16:00:00,16,1,0,0,T1,8,17,10,10,Foggy,1,1407,0.6374263724334116,2330,200,77
2024-01-02 17:00:00,17,1,0,1,T3,28,34,19,10,Clear,1,8165,0.654265147797856,9784,200,31
2024-01-02 18:00:00,18,1,0,1,T2,16,28,22,9,Clear,1,4468,0.4442371401745625,5774,200,29
2024-01-02 19:00:00,19,1,0,1,T1,22,25,19,11,Clear,1,6189,0.5875666106926822,6954,200,31
2024-01-02 20:00:00,20,1,0,1,T2,28,34,16,9,Clear,1,6279,0.6681937713489141,7891,200,37
2024-01-02 21:00:00,21,1,0,0,T3,8,14,14,18,Clear,1,1298,0.32390039659873887,1939,138,31
2024-01-02 22:00:00,22,1,0,0,T3,5,10,13,17,Foggy,1,661,0.6838624831845026,1042,174,68
2024-01-02 23:00:00,23,1,0,0,T1,11,15,9,17,Clear,1,2268,0.4436082577410294,2597,200,48
2024-01-03 00:00:00,0,2,0,0,T2,9,10,11,15,Clear,1,1430,0.39551953860094136,1629,199,88
2024-01-03 01:00:00,1,2,0,0,T1,10,13,8,10,Clear,1,1349,0.3874914652003197,1848,200,74
2024-01-03 02:00:00,2,2,0,0,T1,11,18,8,19,Clear,1,1994,0.5327403536377863,2249,200,57
2024-01-03 03:00:00,3,2,0,0,T1,5,17,11,17,Clear,1,833,0.45058048441376175,1151,153,53
2024-01-03 04:00:00,4,2,0,0,T3,5,18,9,13,Foggy,1,861,0.616377694867534,1172,140,34
2024-01-03 05:00:00,5,2,0,0,T1,9,17,13,18,Rainy,1,1718,0.5685635938514357,2121,200,69
2024-01-03 06:00:00,6,2,0,1,T3,26,23,22,12,Rainy,1,5708,0.665847435748184,8841,200,50
2024-01-03 07:00:00,7,2,0,1,T1,26,29,16,10,Clear,1,5030,0.6807952989044008,7729,200,30
2024-01-03 08:00:00,8,2,0,1,T1,18,29,15,19,Rainy,1,4488,0.52821963389857,6730,200,55
2024-01-03 09:00:00,9,2,0,1,T3,16,31,23,8,Clear,1,3068,0.5783454520216831,4368,200,18
2024-01-03 10:00:00,10,2,0,0,T1,8,14,9,14,Clear,1,1158,0.6676408244621772,1644,200,60
2024-01-03 11:00:00,11,2,0,0,T1,5,17,13,9,Clear,1,984,0.3606719229222173,1241,108,21
2024-01-03 12:00:00,12,2,0,0,T2,14,14,9,12,Clear,1,1729,0.5502991114883483,2511,200,47
2024-01-03 13:00:00,13,2,0,0,T1,14,19,9,19,Clear,1,2305,0.5849299575705027,2982,200,35
2024-01-03 14:00:00,14,2,0,0,T3,7,16,12,14,Rainy,1,1407,0.6651550172681003,1799,200,70
2024-01-03 15:00:00,15,2,0,0,T1,7,18,10,9,Clear,1,981,0.5062210544555239,1346,165,51
2024-01-03 16:00:00,16,2,0,0,T3,7,16,13,18,Clear,1,1030,0.40686288023005707,1379,176,52
2024-01-03 17:00:00,17,2,0,1,T2,20,34,20,10,Clear,1,6096,0.483296872865308,7436,200,18
2024-01-03 18:00:00,18,2,0,1,T3,28,22,17,19,Clear,1,4886,0.4295271945722367,7146,200,46
2024-01-03 19:00:00,19,2,0,1,T3,23,31,24,13,Clear,1,5174,0.5261223550334929,8224,200,27
2024-01-03 20:00:00,20,2,0,1,T2,16,25,16,17,Rainy,1,5237,0.628542812370921,6196,200,36
2024-01-03 21:00:00,21,2,0,0,T3,5,10,8,15,Foggy,1,1291,0.5671108525289277,1561,200,101
2024-01-03 22:00:00,22,2,0,0,T2,7,12,8,16,Clear,1,890,0.4033850025699759,1479,200,76
2024-01-03 23:00:00,23,2,0,0,T1,7,10,12,13,Clear,1,914,0.5002048377727184,1445,162,69
2024-01-04 00:00:00,0,3,0,0,T2,10,16,10,10,Foggy,1,2016,0.3846158812522925,2833,200,86
2024-01-04 01:00:00,1,3,0,0,T1,11,14,9,9,Clear,1,2203,0.3947789644179759,2654,200,63
2024-01-04 02:00:00,2,3,0,0,T3,10,19,8,10,Rainy,1,1624,0.5360581371346218,2169,200,54
2024-01-04 03:00:00,3,3,0,0,T2,13,17,14,8,Clear,1,1743,0.4897433934351806,2448,200,53
2024-01-04 04:00:00,4,3,0,0,T1,11,13,14,16,Clear,1,1766,0.5015200510906374,2195,174,44
2024-01-04 05:00:00,5,3,0,0,T3,11,15,13,18,Rainy,1,1987,0.626388843111238,3297,200,51
2024-01-04 06:00:00,6,3,0,1,T1,26,25,16,9,Clear,1,5133,0.5378471412364197,8196,200,35
2024-01-04 07:00:00,7,3,0,1,T2,18,23,17,17,Foggy,1,4841,0.3255581394397373,7260,200,52
2024-01-04 08:00:00,8,3,0,1,T3,22,24,20,9,Clear,1,5036,0.424804286277336,7300,200,39
2024-01-04 09:00:00,9,3,0,1,T3,18,22,15,14,Rainy,1,6780,0.48541036363977674,7845,200,55
2024-01-04 10:00:00,10,3,0,0,T3,8,10,14,14,Rainy,1,1307,0.46601862430743496,1750,200,57
2024-01-04 11:00:00,11,3,0,0,T2,5,12,10,11,Clear,1,941,0.49508874527246605,1100,117,31
2024-01-04 12:00:00,12,3,0,0,T2,12,10,11,12,Clear,1,1735,0.568511626016055,2819,200,68
2024-01-04 13:00:00,13,3,0,0,T3,14,12,8,19,Clear,1,1872,0.6987573831420517,2695,200,89
2024-01-04 14:00:00,14,3,0,0,T1,6,16,13,19,Clear,1,1271,0.5835933888389024,1528,200,63
2024-01-04 15:00:00,15,3,0,0,T2,8,14,14,13,Clear,1,1110,0.5734119215854145,1417,102,18
2024-01-04 16:00:00,16,3,0,0,T2,11,18,12,12,Clear,1,1379,0.37753525107052055,2277,187,56
2024-01-04 17:00:00,17,3,0,1,T1,24,21,20,14,Foggy,1,7858,0.5342495960258432,11047,200,47
2024-01-04 18:00:00,18,3,0,1,T1,17,28,16,19,Rainy,1,3919,0.4806907669164584,5626,200,43
2024-01-04 19:00:00,19,3,0,1,T1,21,20,18,18,Clear,1,4891,0.5774029092336765,5973,200,39
2024-01-04 20:00:00,20,3,0,1,T2,29,32,22,19,Clear,1,6536,0.41904227178576336,7599,200,33
2024-01-04 21:00:00,21,3,0,0,T2,6,12,12,15,Foggy,1,1170,0.5813785550684827,1717,200,52
2024-01-04 22:00:00,22,3,0,0,T3,14,17,10,11,Rainy,1,2614,0.3542966089369877,3643,200,86
2024-01-04 23:00:00,23,3,0,0,T1,13,14,11,11,Clear,1,2146,0.34940957544875206,2815,200,51
2024-01-05 00:00:00,0,4,0,0,T3,10,10,12,17,Clear,1,1200,0.593973906076567,1895,200,85
2024-01-05 01:00:00,1,4,0,0,T1,11,18,10,15,Clear,1,1623,0.47956470146156505,2672,200,33
2024-01-05 02:00:00,2,4,0,0,T2,5,13,14,8,Clear,1,875,0.6753327325395138,1117,141,34
2024-01-05 03:00:00,3,4,0,0,T3,9,15,13,8,Clear,1,1158,0.4258583423011645,1562,118,24
2024-01-05 04:00:00,4,4,0,0,T2,10,12,13,16,Rainy,1,2363,0.6940508277129999,2657,200,64
2024-01-05 05:00:00,5,4,0,0,T3,5,11,13,8,Clear,1,829,0.6620108255444255,943,104,38
2024-01-05 06:00:00,6,4,0,1,T2,29,20,20,8,Clear,1,7543,0.5328640958059977,10319,200,44
2024-01-05 07:00:00,7,4,0,1,T1,24,28,21,16,Clear,1,4163,0.5006188295774462,6927,200,30
2024-01-05 08:00:00,8,4,0,1,T2,25,32,15,19,Clear,1,5912,0.6512618862242417,8286,200,26
2024-01-05 09:00:00,9,4,0,1,T1,15,34,21,14,Clear,1,4298,0.40805930948397745,5007,200,28
2024-01-05 10:00:00,10,4,0,0,T2,11,19,10,11,Rainy,1,1673,0.5959521799387497,2457,200,69
2024-01-05 11:00:00,11,4,0,0,T3,7,16,11,8,Clear,1,1243,0.6227428886624421,1699,158,51
2024-01-05 12:00:00,12,4,0,0,T3,6,16,10,14,Rainy,1,866,0.5719603721706505,1257,189,50
2024-01-05 13:00:00,13,4,0,0,T1,14,14,9,10,Rainy,1,3438,0.47309673026494914,3891,200,52
2024-01-05 14:00:00,14,4,0,0,T1,14,12,12,12,Clear,1,2703,0.646182991353358,3105,200,41
2024-01-05 15:00:00,15,4,0,0,T1,13,11,9,12,Rainy,1,3234,0.6699267578471303,3746,200,104
2024-01-05 16:00:00,16,4,0,0,T2,7,19,9,12,Clear,1,1193,0.4440504487976646,1523,138,45
2024-01-05 17:00:00,17,4,0,1,T2,22,25,15,17,Foggy,1,7476,0.44003784653769773,10270,200,64
2024-01-05 18:00:00,18,4,0,1,T2,25,24,15,12,Clear,1,6802,0.4965823301786314,7744,200,39
2024-01-05 19:00:00,19,4,0,1,T3,17,33,22,14,Clear,1,3770,0.460656563586083,5688,200,25
2024-01-05 20:00:00,20,4,0,1,T1,29,27,16,19,Clear,1,5863,0.3366119968336396,7802,200,34
2024-01-05 21:00:00,21,4,0,0,T1,13,12,9,10,Clear,1,1571,0.3410118835284157,2428,200,56
2024-01-05 22:00:00,22,4,0,0,T3,10,17,10,19,Clear,1,1392,0.33470264242705183,1919,200,50
2024-01-05 23:00:00,23,4,0,0,T2,11,15,10,17,Clear,1,1838,0.5120283949982454,2543,200,46
2024-01-06 00:00:00,0,5,1,0,T2,14,15,8,17,Clear,1,2994,0.322371383146322,3902,200,73
2024-01-06 01:00:00,1,5,1,0,T2,12,18,11,8,Clear,1,1809,0.36037181624516773,2996,200,43
2024-01-06 02:00:00,2,5,1,0,T1,10,18,13,17,Clear,1,1695,0.43109352193595557,2763,198,30
2024-01-06 03:00:00,3,5,1,0,T3,11,11,10,9,Rainy,1,2740,0.39768867159690396,4057,200,101
2024-01-06 04:00:00,4,5,1,0,T2,9,13,14,12,Clear,1,2577,0.503459544646401,2908,200,75
2024-01-06 05:00:00,5,5,1,0,T2,14,11,10,13,Clear,1,3024,0.493161697049166,3650,200,49
2024-01-06 06:00:00,6,5,1,1,T1,17,33,17,9,Clear,1,6036,0.618616910471862,7846,200,32
2024-01-06 07:00:00,7,5,1,1,T1,23,21,17,11,Foggy,1,7404,0.37128144220265463,11775,200,42
2024-01-06 08:00:00,8,5,1,1,T1,23,27,21,18,Clear,1,9378,0.5211476815050686,10799,200,37
2024-01-06 09:00:00,9,5,1,1,T3,18,20,20,8,Clear,1,4504,0.34154517068037843,6491,200,30
2024-01-06 10:00:00,10,5,1,0,T2,10,17,9,16,Clear,1,1986,0.6829544911520332,2337,200,55
2024-01-06 11:00:00,11,5,1,0,T2,12,13,10,10,Clear,1,2556,0.37481953873483387,2849,200,80
2024-01-06 12:00:00,12,5,1,0,T1,9,11,11,18,Clear,1,1791,0.6585172857330105,2305,200,55
2024-01-06 13:00:00,13,5,1,0,T3,7,19,12,8,Clear,1,1259,0.6697071441748543,2048,200,47
2024-01-06 14:00:00,14,5,1,0,T1,7,18,11,13,Clear,1,1096,0.4406893772243893,1557,160,43
2024-01-06 15:00:00,15,5,1,0,T2,5,15,11,16,Clear,1,1242,0.6420996712678694,1435,187,69
2024-01-06 16:00:00,16,5,1,0,T1,6,14,10,13,Clear,1,1358,0.4291494200708185,1645,141,48
2024-01-06 17:00:00,17,5,1,1,T1,18,34,22,13,Clear,1,6794,0.3251594196403043,8202,200,28
2024-01-06 18:00:00,18,5,1,1,T1,25,22,20,11,Clear,1,7290,0.5362222401641358,9362,200,38
2024-01-06 19:00:00,19,5,1,1,T1,23,31,24,18,Clear,1,7125,0.5029060638360485,10320,200,23
2024-01-06 20:00:00,20,5,1,1,T1,15,32,19,12,Clear,1,5740,0.38568686086119297,6719,200,23
2024-01-06 21:00:00,21,5,1,0,T1,11,12,9,17,Clear,1,2091,0.33799633130816753,3212,200,83
2024-01-06 22:00:00,22,5,1,0,T2,11,16,10,12,Rainy,1,3645,0.36632474651683644,4209,200,78
2024-01-06 23:00:00,23,5,1,0,T1,14,19,12,11,Clear,1,3365,0.46084939649491474,4572,200,29
2024-01-07 00:00:00,0,6,1,0,T3,11,19,8,13,Clear,1,2853,0.643138548090422,3540,200,61
2024-01-07 01:00:00,1,6,1,0,T1,5,19,14,13,Clear,1,963,0.4278826510089639,1485,112,20
2024-01-07 02:00:00,2,6,1,0,T3,14,16,13,9,Clear,1,3211,0.5705107143328272,4106,200,62
2024-01-07 03:00:00,3,6,1,0,T3,12,11,10,11,Clear,1,2977,0.36658343935196086,3844,200,78
2024-01-07 04:00:00,4,6,1,0,T2,14,18,9,8,Clear,1,3059,0.30252197852767226,4472,200,56
2024-01-07 05:00:00,5,6,1,0,T3,9,18,12,8,Clear,1,1473,0.3909399091319131,2197,200,34
2024-01-07 06:00:00,6,6,1,1,T3,27,33,20,8,Clear,1,7222,0.6285355594912221,9580,200,19
2024-01-07 07:00:00,7,6,1,1,T2,19,25,20,19,Clear,1,6088,0.3383206066402282,8013,200,25
2024-01-07 08:00:00,8,6,1,1,T2,21,29,18,8,Clear,1,5874,0.4499217657298793,6923,200,39
2024-01-07 09:00:00,9,6,1,1,T2,24,26,17,14,Clear,1,6628,0.4641610198743089,8848,200,33
2024-01-07 10:00:00,10,6,1,0,T1,11,15,12,15,Rainy,1,2163,0.6036012949080756,3070,200,45
2024-01-07 11:00:00,11,6,1,0,T1,8,14,14,8,Clear,1,1365,0.6605164950375364,2161,200,36
2024-01-07 12:00:00,12,6,1,0,T1,14,17,11,19,Clear,1,2652,0.4131200190248776,3230,200,54
2024-01-07 13:00:00,13,6,1,0,T2,6,12,12,17,Clear,1,1057,0.6803122899259637,1541,191,53
2024-01-07 14:00:00,14,6,1,0,T1,10,16,13,18,Rainy,1,1996,0.5828647745124522,2719,200,66
2024-01-07 15:00:00,15,6,1,0,T3,5,16,13,9,Clear,1,952,0.6173097681215135,1264,83,20
2024-01-07 16:00:00,16,6,1,0,T2,11,15,14,17,Foggy,1,3283,0.5359571375407213,3768,200,83
2024-01-07 17:00:00,17,6,1,1,T2,26,25,18,12,Clear,1,10264,0.4886270657925769,11726,200,29
2024-01-07 18:00:00,18,6,1,1,T1,19,29,15,17,Clear,1,4595,0.4809184536635323,7352,200,25
2024-01-07 19:00:00,19,6,1,1,T3,24,33,19,18,Rainy,1,8173,0.6136175931778194,10848,200,23
2024-01-07 20:00:00,20,6,1,1,T2,22,30,20,16,Clear,1,7194,0.5247234633674235,9903,200,39
2024-01-07 21:00:00,21,6,1,0,T2,14,14,8,16,Rainy,1,3661,0.41137588530827823,4099,200,72
2024-01-07 22:00:00,22,6,1,0,T3,13,16,8,17,Clear,1,2526,0.5552675602494537,3243,200,76
2024-01-07 23:00:00,23,6,1,0,T1,10,16,8,8,Rainy,1,2446,0.42168972124291426,3075,200,63
2024-01-08 00:00:00,0,0,0,0,T2,10,11,12,17,Clear,1,1173,0.6685683422927646,1821,200,51
2024-01-08 01:00:00,1,0,0,0,T1,13,19,10,19,Foggy,1,2607,0.610823114369164,3114,200,80
2024-01-08 02:00:00,2,0,0,0,T3,5,19,9,9,Clear,1,648,0.6465864589161923,839,84,27
2024-01-08 03:00:00,3,0,0,0,T3,7,17,13,9,Clear,1,1153,0.6223139968073672,1757,200,60
2024-01-08 04:00:00,4,0,0,0,T3,9,14,12,17,Clear,1,1277,0.672470902363865,1899,200,54
2024-01-08 05:00:00,5,0,0,0,T1,10,14,12,15,Clear,1,1530,0.5000101410250781,2043,200,70
2024-01-08 06:00:00,6,0,0,1,T2,24,21,16,15,Clear,1,5409,0.4865261468780375,8803,200,45
2024-01-08 07:00:00,7,0,0,1,T3,19,23,16,13,Clear,1,5201,0.5344823741358034,5910,200,26
2024-01-08 08:00:00,8,0,0,1,T3,25,30,22,19,Rainy,1,6009,0.31842643828282363,8727,200,24
2024-01-08 09:00:00,9,0,0,1,T1,21,27,16,8,Clear,1,3737,0.5217750305975603,5405,200,32
2024-01-08 10:00:00,10,0,0,0,T1,12,11,10,15,Clear,1,2329,0.43683338509349373,2972,200,63
2024-01-08 11:00:00,11,0,0,0,T3,6,18,9,9,Rainy,1,819,0.6418734287740033,1255,165,39
2024-01-08 12:00:00,12,0,0,0,T2,14,12,10,11,Rainy,1,3118,0.4336373817405096,4002,200,99
2024-01-08 13:00:00,13,0,0,0,T1,9,11,13,12,Clear,1,1723,0.38260875095078245,2134,200,79
2024-01-08 14:00:00,14,0,0,0,T2,14,10,8,12,Clear,1,2169,0.6049267239907734,3438,200,75
2024-01-08 15:00:00,15,0,0,0,T3,14,10,14,8,Clear,1,2735,0.6218075297151056,3118,200,84
2024-01-08 16:00:00,16,0,0,0,T3,9,16,12,10,Clear,1,1527,0.5607054258805821,1730,200,58
2024-01-08 17:00:00,17,0,0,1,T3,17,29,24,9,Clear,1,3278,0.36248754431220054,4620,200,22
2024-01-08 18:00:00,18,0,0,1,T2,21,26,23,13,Foggy,1,4862,0.6418158336174846,7702,200,43
2024-01-08 19:00:00,19,0,0,1,T1,24,34,21,17,Clear,1,6392,0.5088405835788282,7755,200,23
2024-01-08 20:00:00,20,0,0,1,T1,28,23,22,9,Foggy,1,8191,0.5672847438229822,12542,200,56
2024-01-08 21:00:00,21,0,0,0,T1,11,17,12,16,Clear,1,2214,0.6137527031687422,2639,200,33
2024-01-08 22:00:00,22,0,0,0,T1,13,17,10,16,Rainy,1,2567,0.401035990996727,3081,200,48
2024-01-08 23:00:00,23,0,0,0,T1,7,13,8,8,Rainy,1,1293,0.42039905907346653,1746,200,65
2024-01-09 00:00:00,0,1,0,0,T2,10,18,8,9,Clear,1,1646,0.4857448353875359,2220,200,52
2024-01-09 01:00:00,1,1,0,0,T3,11,12,8,8,Clear,1,1589,0.44955782511412806,2548,200,83
2024-01-09 02:00:00,2,1,0,0,T2,11,11,8,8,Clear,1,2026,0.47265370948187196,2764,200,58
2024-01-09 03:00:00,3,1,0,0,T3,9,15,13,16,Rainy,1,1779,0.4030708439669309,2620,200,47
2024-01-09 04:00:00,4,1,0,0,T2,8,17,12,19,Foggy,1,1808,0.40721744083385253,2067,200,53
2024-01-09 05:00:00,5,1,0,0,T2,10,13,12,13,Clear,1,1557,0.44423881326103004,1929,200,81
2024-01-09 06:00:00,6,1,0,1,T3,18,29,24,15,Clear,1,3992,0.5952024584805389,5282,200,25
2024-01-09 07:00:00,7,1,0,1,T2,15,20,24,12,Rainy,1,4403,0.3666156928399328,6658,200,51
2024-01-09 08:00:00,8,1,0,1,T1,22,32,22,15,Clear,1,4856,0.6412322156720869,7148,200,13
2024-01-09 09:00:00,9,1,0,1,T1,18,25,15,9,Clear,1,4222,0.6042400812986513,4901,200,39
2024-01-09 10:00:00,10,1,0,0,T1,9,10,11,11,Clear,1,1166,0.4247885070973559,1748,200,45
2024-01-09 11:00:00,11,1,0,0,T1,5,11,14,17,Clear,1,744,0.4430167613703959,907,130,26
2024-01-09 12:00:00,12,1,0,0,T1,9,18,11,10,Clear,1,1252,0.6732545147043258,1905,168,32
2024-01-09 13:00:00,13,1,0,0,T1,14,13,9,15,Clear,1,1474,0.6030508292439947,2438,200,76
2024-01-09 14:00:00,14,1,0,0,T1,8,19,10,17,Foggy,1,1408,0.5179247681160901,2035,200,80
2024-01-09 15:00:00,15,1,0,0,T1,8,15,9,14,Clear,1,1664,0.674433173806021,1884,156,33
2024-01-09 16:00:00,16,1,0,0,T2,7,13,10,10,Clear,1,997,0.655484114349034,1191,165,59
2024-01-09 17:00:00,17,1,0,1,T3,20,21,22,17,Clear,1,3505,0.5204153800875129,5536,200,23
2024-01-09 18:00:00,18,1,0,1,T2,17,28,16,12,Rainy,1,5050,0.6072198897076826,7717,200,42
2024-01-09 19:00:00,19,1,0,1,T3,17,34,17,13,Clear,1,5519,0.6604478131389722,6361,200,33
2024-01-09 20:00:00,20,1,0,1,T1,17,28,21,14,Clear,1,4216,0.6346102784911107,5396,200,35
2024-01-09 21:00:00,21,1,0,0,T1,6,14,10,17,Clear,1,1022,0.49889148029139263,1331,173,32
2024-01-09 22:00:00,22,1,0,0,T2,14,14,14,15,Clear,1,1573,0.6246639502470335,2549,200,49
2024-01-09 23:00:00,23,1,0,0,T1,5,10,10,8,Clear,1,617,0.36438291373303855,951,157,64
2024-01-10 00:00:00,0,2,0,0,T2,12,17,14,8,Rainy,1,1705,0.4014863404000171,2805,200,73
2024-01-10 01:00:00,1,2,0,0,T3,12,18,13,9,Clear,1,1609,0.4502868787935757,2628,200,55
2024-01-10 02:00:00,2,2,0,0,T2,12,14,8,15,Clear,1,1633,0.5839699959907253,2125,200,57
2024-01-10 03:00:00,3,2,0,0,T3,9,10,8,15,Clear,1,1685,0.6672713511194761,1898,200,96
2024-01-10 04:00:00,4,2,0,0,T3,8,12,11,9,Clear,1,1514,0.446633814190279,1697,164,39
2024-01-10 05:00:00,5,2,0,0,T2,8,12,14,13,Clear,1,1531,0.6702244404845991,2021,200,45
2024-01-10 06:00:00,6,2,0,1,T1,17,25,21,14,Rainy,1,4917,0.692575228852973,7244,200,48
2024-01-10 07:00:00,7,2,0,1,T1,17,25,18,16,Clear,1,4398,0.33161373816046935,5021,200,32
2024-01-10 08:00:00,8,2,0,1,T2,18,28,21,9,Clear,1,3448,0.398994165922831,5398,200,26
2024-01-10 09:00:00,9,2,0,1,T2,17,32,22,17,Clear,1,3651,0.4383258359088571,4392,200,27
2024-01-10 10:00:00,10,2,0,0,T1,11,12,11,18,Clear,1,1360,0.6949147469790944,1955,189,59
2024-01-10 11:00:00,11,2,0,0,T2,10,12,13,11,Clear,1,1933,0.6393301269686634,2425,200,46
2024-01-10 12:00:00,12,2,0,0,T1,13,15,13,15,Clear,1,1855,0.36666843053801956,2675,200,60
2024-01-10 13:00:00,13,2,0,0,T3,5,19,14,15,Rainy,1,972,0.6896387874979154,1137,149,55
2024-01-10 14:00:00,14,2,0,0,T3,11,18,14,19,Rainy,1,2559,0.5823528815632877,3247,200,68
2024-01-10 15:00:00,15,2,0,0,T1,7,14,9,8,Clear,1,881,0.3289076165596555,1407,135,43
2024-01-10 16:00:00,16,2,0,0,T3,5,14,9,11,Clear,1,926,0.39146420203337295,1083,191,75
2024-01-10 17:00:00,17,2,0,1,T1,26,26,17,16,Rainy,1,9367,0.33335555425639424,10724,200,35
2024-01-10 18:00:00,18,2,0,1,T2,16,27,21,8,Foggy,1,6213,0.4951810213318515,7279,200,37
2024-01-10 19:00:00,19,2,0,1,T3,29,21,15,8,Clear,1,5463,0.3199425725132961,7355,200,31
2024-01-10 20:00:00,20,2,0,1,T3,26,32,18,11,Clear,1,8185,0.6478923326957647,9123,200,31
2024-01-10 21:00:00,21,2,0,0,T2,13,16,8,15,Clear,1,2291,0.45962299758194786,2826,200,42
2024-01-10 22:00:00,22,2,0,0,T3,6,13,11,15,Clear,1,791,0.6081549970538123,1065,153,60
2024-01-10 23:00:00,23,2,0,0,T2,9,11,12,8,Clear,1,1275,0.6984515925014596,1686,200,56
2024-01-11 00:00:00,0,3,0,0,T1,9,15,13,17,Clear,1,1723,0.5804383237752955,2036,200,39
2024-01-11 01:00:00,1,3,0,0,T1,13,17,14,17,Clear,1,2318,0.4095133045527626,2950,200,52
2024-01-11 02:00:00,2,3,0,0,T3,12,10,8,18,Clear,1,1358,0.6517119332207868,2167,200,77
2024-01-11 03:00:00,3,3,0,0,T2,5,10,8,16,Clear,1,996,0.6111128483058497,1262,192,72
2024-01-11 04:00:00,4,3,0,0,T3,8,19,14,12,Clear,1,1463,0.4913879907048201,1829,174,37
2024-01-11 05:00:00,5,3,0,0,T2,14,13,12,14,Clear,1,2112,0.3436992332624252,2824,200,77
2024-01-11 06:00:00,6,3,0,1,T2,28,32,15,15,Clear,1,5713,0.4271257493607025,7612,200,36
2024-01-11 07:00:00,7,3,0,1,T1,17,31,17,18,Rainy,1,5613,0.31875734667505023,7183,200,42
2024-01-11 08:00:00,8,3,0,1,T3,23,27,19,16,Foggy,1,7289,0.40736055990932557,8341,200,35
2024-01-11 09:00:00,9,3,0,1,T3,24,25,19,18,Clear,1,5380,0.32242812930495207,7377,200,36
2024-01-11 10:00:00,10,3,0,0,T2,11,17,14,14,Clear,1,1561,0.5323274310928936,2400,200,47
2024-01-11 11:00:00,11,3,0,0,T2,7,14,13,16,Clear,1,1012,0.5355000957983033,1468,182,41
2024-01-11 12:00:00,12,3,0,0,T1,5,13,10,13,Foggy,1,881,0.5134213643816087,1116,200,86
2024-01-11 13:00:00,13,3,0,0,T1,5,16,9,11,Rainy,1,795,0.5682733915300542,1167,200,86
2024-01-11 14:00:00,14,3,0,0,T1,9,19,12,8,Clear,1,1778,0.4922460480818832,2147,185,52
2024-01-11 15:00:00,15,3,0,0,T3,11,11,12,19,Clear,1,1348,0.3384983515173935,2113,200,40
2024-01-11 16:00:00,16,3,0,0,T1,9,13,13,16,Foggy,1,1651,0.6804450870173475,1997,200,52
2024-01-11 17:00:00,17,3,0,1,T2,25,24,16,19,Clear,1,5389,0.6453784120689462,6340,200,49
2024-01-11 18:00:00,18,3,0,1,T1,19,22,22,10,Foggy,1,6131,0.5793049488255271,6889,200,36
2024-01-11 19:00:00,19,3,0,1,T2,25,22,24,9,Foggy,1,8503,0.570052016034718,12085,200,41
2024-01-11 20:00:00,20,3,0,1,T2,15,29,15,15,Clear,1,2718,0.5174961634799679,3809,172,21
2024-01-11 21:00:00,21,3,0,0,T2,12,13,14,18,Clear,1,2043,0.3572889604358339,2378,200,63
2024-01-11 22:00:00,22,3,0,0,T1,10,15,9,14,Foggy,1,2442,0.6108461019611652,2928,200,58
2024-01-11 23:00:00,23,3,0,0,T3,5,13,14,12,Clear,1,763,0.6087568497528528,883,83,29
2024-01-12 00:00:00,0,4,0,0,T2,5,14,13,19,Clear,1,813,0.44283740141489103,1025,87,14
2024-01-12 01:00:00,1,4,0,0,T2,5,18,10,13,Foggy,1,1125,0.5900691057867906,1363,195,52
2024-01-12 02:00:00,2,4,0,0,T3,6,10,11,13,Rainy,1,1239,0.424100000586824,1761,200,66
2024-01-12 03:00:00,3,4,0,0,T3,7,13,12,19,Clear,1,1285,0.6945019000870981,1822,200,83
2024-01-12 04:00:00,4,4,0,0,T1,6,15,10,19,Clear,1,896,0.5283241596963687,1117,98,25
2024-01-12 05:00:00,5,4,0,0,T3,12,17,11,10,Clear,1,2146,0.3000066945031739,3070,200,66
2024-01-12 06:00:00,6,4,0,1,T2,29,34,15,10,Clear,1,7174,0.351495985990735,10139,200,19
2024-01-12 07:00:00,7,4,0,1,T1,26,33,22,12,Clear,1,5966,0.4570210401381116,6925,200,21
2024-01-12 08:00:00,8,4,0,1,T2,25,25,19,12,Clear,1,4612,0.4020618453315215,7197,200,26
2024-01-12 09:00:00,9,4,0,1,T2,29,30,23,12,Foggy,1,11262,0.342971465472789,13413,200,46
2024-01-12 10:00:00,10,4,0,0,T1,5,14,11,19,Clear,1,597,0.36873537106107496,890,89,22
2024-01-12 11:00:00,11,4,0,0,T1,13,18,10,12,Clear,1,2513,0.6218739185812208,2838,200,54
2024-01-12 12:00:00,12,4,0,0,T1,11,12,9,10,Rainy,1,2060,0.40909301970179324,2556,200,77
2024-01-12 13:00:00,13,4,0,0,T3,11,17,11,12,Clear,1,1524,0.5673069480716477,1913,160,33
2024-01-12 14:00:00,14,4,0,0,T2,6,11,14,19,Rainy,1,1075,0.3925852086812571,1645,200,89
2024-01-12 15:00:00,15,4,0,0,T1,7,14,11,11,Rainy,1,1411,0.5560539694167341,1784,200,48
2024-01-12 16:00:00,16,4,0,0,T1,9,12,13,13,Clear,1,1531,0.5483287066646008,1881,200,50
2024-01-12 17:00:00,17,4,0,1,T1,24,29,22,12,Clear,1,5439,0.6595804403565031,7772,200,34
2024-01-12 18:00:00,18,4,0,1,T2,18,24,15,18,Clear,1,3696,0.43752955035316404,4986,200,44
2024-01-12 19:00:00,19,4,0,1,T1,19,28,22,8,Clear,1,3503,0.3344943327063582,5783,200,24
2024-01-12 20:00:00,20,4,0,1,T1,17,27,18,14,Clear,1,4018,0.5114362704391326,6319,200,26
2024-01-12 21:00:00,21,4,0,0,T1,12,18,14,13,Clear,1,2076,0.3236707623437875,2757,200,54
2024-01-12 22:00:00,22,4,0,0,T3,14,15,12,16,Clear,1,2571,0.4277444788825395,3056,200,43
2024-01-12 23:00:00,23,4,0,0,T1,14,17,11,16,Rainy,1,3271,0.5264600338468113,4073,200,70
2024-01-13 00:00:00,0,5,1,0,T3,5,11,10,12,Foggy,1,1163,0.6350081602504337,1910,200,94
2024-01-13 01:00:00,1,5,1,0,T2,14,11,13,18,Clear,1,3144,0.528665920872872,4417,200,44
2024-01-13 02:00:00,2,5,1,0,T1,5,13,9,11,Clear,1,980,0.5132751321364379,1154,117,46
2024-01-13 03:00:00,3,5,1,0,T1,6,12,9,12,Clear,1,1325,0.648752997266157,1596,200,46
2024-01-13 04:00:00,4,5,1,0,T3,14,18,10,16,Rainy,1,3696,0.4564885347427161,4551,200,46
2024-01-13 05:00:00,5,5,1,0,T3,14,12,14,17,Clear,1,2597,0.4192779457863731,3627,200,77
2024-01-13 06:00:00,6,5,1,1,T1,22,32,22,11,Clear,1,5080,0.525352528250799,7757,200,26
2024-01-13 07:00:00,7,5,1,1,T2,23,34,15,18,Clear,1,7505,0.597914670207411,10307,200,19
2024-01-13 08:00:00,8,5,1,1,T2,28,20,18,18,Clear,1,9147,0.4521478383901563,11794,200,46
2024-01-13 09:00:00,9,5,1,1,T2,24,29,21,9,Clear,1,6426,0.6423050711740459,8074,200,35
2024-01-13 10:00:00,10,5,1,0,T3,13,17,11,9,Clear,1,2277,0.3044299128874909,3729,200,66
2024-01-13 11:00:00,11,5,1,0,T1,5,16,13,11,Clear,1,1196,0.423799793558882,1415,131,29
2024-01-13 12:00:00,12,5,1,0,T1,10,16,11,14,Clear,1,2324,0.669099134054994,2676,200,62
2024-01-13 13:00:00,13,5,1,0,T1,13,18,11,14,Clear,1,3139,0.41056654441467033,3646,200,54
2024-01-13 14:00:00,14,5,1,0,T1,8,15,12,18,Foggy,1,2149,0.3571354867566716,3197,200,86
2024-01-13 15:00:00,15,5,1,0,T2,7,17,14,16,Clear,1,1467,0.41075530768072,2149,200,58
2024-01-13 16:00:00,16,5,1,0,T2,9,10,14,8,Clear,1,2566,0.4999776343892369,2931,200,67
2024-01-13 17:00:00,17,5,1,1,T2,18,20,20,8,Clear,1,6047,0.5873197852124106,6878,200,51
2024-01-13 18:00:00,18,5,1,1,T1,22,25,19,8,Clear,1,8014,0.6002097857747142,9925,200,35
2024-01-13 19:00:00,19,5,1,1,T3,18,33,24,15,Clear,1,5237,0.5259463767158314,7216,200,21
2024-01-13 20:00:00,20,5,1,1,T2,17,24,24,14,Clear,1,4785,0.3280502180309385,6466,200,27
2024-01-13 21:00:00,21,5,1,0,T1,11,12,12,17,Rainy,1,2793,0.5005662669110988,3680,200,83
2024-01-13 22:00:00,22,5,1,0,T1,13,16,14,18,Rainy,1,3903,0.5276230206162025,4517,200,56
2024-01-13 23:00:00,23,5,1,0,T2,13,10,9,17,Clear,1,3501,0.3452941542069101,4051,200,63
2024-01-14 00:00:00,0,6,1,0,T2,9,10,9,14,Rainy,1,2510,0.4219732776410592,3333,200,66
2024-01-14 01:00:00,1,6,1,0,T3,13,15,9,18,Clear,1,2111,0.6904100342723619,3064,200,50
2024-01-14 02:00:00,2,6,1,0,T1,6,15,8,10,Clear,1,1595,0.6815860529310682,1939,200,63
2024-01-14 03:00:00,3,6,1,0,T2,5,14,10,9,Foggy,1,1536,0.39696463759721096,1844,200,97
2024-01-14 04:00:00,4,6,1,0,T1,14,12,8,9,Rainy,1,3000,0.36516224424475396,4378,200,67
2024-01-14 05:00:00,5,6,1,0,T1,9,11,11,9,Clear,1,1982,0.4934487651954731,2760,200,71
2024-01-14 06:00:00,6,6,1,1,T2,27,30,17,10,Clear,1,7917,0.4708399326934116,10218,200,37
2024-01-14 07:00:00,7,6,1,1,T2,18,32,16,17,Rainy,1,8187,0.37389765396239344,9672,200,34
2024-01-14 08:00:00,8,6,1,1,T1,24,21,22,14,Rainy,1,9668,0.30231740216222663,13714,200,43
2024-01-14 09:00:00,9,6,1,1,T2,19,34,17,14,Rainy,1,6628,0.5958523075978335,10547,200,36
2024-01-14 10:00:00,10,6,1,0,T1,9,11,14,18,Clear,1,2041,0.3504723124109063,2703,200,68
2024-01-14 11:00:00,11,6,1,0,T2,13,15,11,9,Clear,1,1877,0.6177836855301184,2831,200,63
2024-01-14 12:00:00,12,6,1,0,T1,14,16,14,12,Clear,1,3576,0.3194867039948024,4276,200,59
2024-01-14 13:00:00,13,6,1,0,T1,12,11,10,13,Rainy,1,2637,0.3505693022838593,4010,200,62
2024-01-14 14:00:00,14,6,1,0,T1,7,11,10,18,Clear,1,1509,0.43206258190845026,2068,200,84
2024-01-14 15:00:00,15,6,1,0,T2,5,14,14,12,Rainy,1,1344,0.43224682603263603,1657,200,63
2024-01-14 16:00:00,16,6,1,0,T1,6,16,13,8,Clear,1,1279,0.6456082332355224,1938,169,46
2024-01-14 17:00:00,17,6,1,1,T2,23,20,22,8,Rainy,1,5765,0.4990567322500548,9364,200,50
2024-01-14 18:00:00,18,6,1,1,T2,25,25,21,8,Clear,1,5897,0.4916371790941876,8378,200,22
2024-01-14 19:00:00,19,6,1,1,T1,16,23,15,15,Clear,1,4385,0.5134275649350394,5629,200,42
2024-01-14 20:00:00,20,6,1,1,T3,25,32,15,12,Clear,1,9566,0.36226225650776245,10840,200,27
2024-01-14 21:00:00,21,6,1,0,T1,11,14,9,10,Clear,1,2315,0.6391409076148504,2971,200,42
2024-01-14 22:00:00,22,6,1,0,T1,7,11,8,8,Clear,1,1138,0.6009013107132821,1644,194,86
2024-01-14 23:00:00,23,6,1,0,T3,14,14,14,18,Clear,1,3291,0.6348569359548908,4006,200,63
2024-01-15 00:00:00,0,0,0,0,T2,5,14,9,15,Clear,1,1007,0.3636630677778323,1163,141,47
2024-01-15 01:00:00,1,0,0,0,T2,7,14,10,14,Clear,1,1168,0.5427999933380233,1689,200,78
2024-01-15 02:00:00,2,0,0,0,T3,13,11,13,12,Clear,1,1865,0.33161647095764574,2257,200,50
2024-01-15 03:00:00,3,0,0,0,T3,5,12,12,19,Clear,1,815,0.6817326475735904,973,119,28
2024-01-15 04:00:00,4,0,0,0,T1,13,16,13,17,Clear,1,1805,0.6830977504104239,2502,200,55
2024-01-15 05:00:00,5,0,0,0,T1,14,11,9,16,Clear,1,2853,0.33083930066576106,3543,200,98
2024-01-15 06:00:00,6,0,0,1,T1,18,29,17,8,Clear,1,3448,0.34615388678475756,5740,200,30
2024-01-15 07:00:00,7,0,0,1,T1,27,25,20,18,Clear,1,6275,0.6028082682519382,8024,200,39
2024-01-15 08:00:00,8,0,0,1,T3,22,22,15,18,Clear,1,4342,0.40449209241146417,6514,200,46
2024-01-15 09:00:00,9,0,0,1,T2,27,20,15,17,Foggy,1,6841,0.41389625816503794,11187,200,44
2024-01-15 10:00:00,10,0,0,0,T1,10,15,13,12,Rainy,1,1602,0.44173122230739315,2444,200,45
2024-01-15 11:00:00,11,0,0,0,T1,6,17,13,12,Clear,1,826,0.5927209331993146,1367,159,30
2024-01-15 12:00:00,12,0,0,0,T2,8,13,12,9,Clear,1,1147,0.4212234536866559,1715,200,47
2024-01-15 13:00:00,13,0,0,0,T1,9,17,13,19,Clear,1,1613,0.3378967502347223,1898,200,48
2024-01-15 14:00:00,14,0,0,0,T2,8,17,9,18,Clear,1,1010,0.649600931241711,1602,127,37
2024-01-15 15:00:00,15,0,0,0,T1,12,16,9,8,Clear,1,1339,0.5517774667926615,2152,200,54
2024-01-15 16:00:00,16,0,0,0,T2,13,13,9,11,Rainy,1,2341,0.42934944962026933,2726,200,95
2024-01-15 17:00:00,17,0,0,1,T1,27,33,16,13,Clear,1,6502,0.3048367404043127,8685,200,30
2024-01-15 18:00:00,18,0,0,1,T1,21,21,18,18,Clear,1,5824,0.3008189243414728,7772,200,44
2024-01-15 19:00:00,19,0,0,1,T1,24,20,23,11,Rainy,1,8195,0.4785628792024079,10722,200,32
2024-01-15 20:00:00,20,0,0,1,T1,22,32,24,15,Clear,1,6318,0.43033618679919017,7497,200,34
2024-01-15 21:00:00,21,0,0,0,T2,6,14,9,15,Rainy,1,984,0.6427330087477473,1378,200,94
2024-01-15 22:00:00,22,0,0,0,T2,6,11,9,19,Foggy,1,1115,0.6518330927508984,1373,186,91
2024-01-15 23:00:00,23,0,0,0,T3,11,17,11,11,Clear,1,1740,0.471366226629257,2801,200,58
2024-01-16 00:00:00,0,1,0,0,T3,6,14,11,10,Rainy,1,1162,0.43358444013001374,1555,200,90
2024-01-16 01:00:00,1,1,0,0,T1,12,15,12,19,Rainy,1,2970,0.6568558348648031,3302,200,54
2024-01-16 02:00:00,2,1,0,0,T2,7,19,14,10,Clear,1,1117,0.3369359012145434,1587,150,47
2024-01-16 03:00:00,3,1,0,0,T3,13,15,12,13,Clear,1,2097,0.39767007840628693,2658,200,73
2024-01-16 04:00:00,4,1,0,0,T1,12,12,10,19,Clear,1,2038,0.5843824891070935,2487,200,88
2024-01-16 05:00:00,5,1,0,0,T1,6,13,13,13,Clear,1,733,0.4166967210459096,1202,123,31
2024-01-16 06:00:00,6,1,0,1,T1,19,32,19,14,Clear,1,6394,0.4693433100269395,7128,200,26
2024-01-16 07:00:00,7,1,0,1,T2,27,31,21,9,Foggy,1,8085,0.34358565668084395,9582,200,34
2024-01-16 08:00:00,8,1,0,1,T3,19,34,17,9,Clear,1,4500,0.4306919739338859,6299,200,26
2024-01-16 09:00:00,9,1,0,1,T3,15,33,16,16,Clear,1,3768,0.4842861101947505,5088,200,31
2024-01-16 10:00:00,10,1,0,0,T1,5,10,12,18,Clear,1,895,0.5664163216618737,1253,174,81
2024-01-16 11:00:00,11,1,0,0,T2,9,13,11,14,Clear,1,1317,0.5778465174473626,2156,200,50
2024-01-16 12:00:00,12,1,0,0,T2,10,12,9,8,Clear,1,1589,0.4449874277416202,2051,200,55
2024-01-16 13:00:00,13,1,0,0,T3,5,17,12,18,Clear,1,659,0.4274847774778818,949,126,23
2024-01-16 14:00:00,14,1,0,0,T2,6,17,11,8,Clear,1,959,0.5159837727512224,1071,86,20
2024-01-16 15:00:00,15,1,0,0,T3,7,18,10,17,Foggy,1,1528,0.4035168402661298,2205,200,44
2024-01-16 16:00:00,16,1,0,0,T1,9,19,10,12,Rainy,1,1308,0.6354202157739717,2060,200,65
2024-01-16 17:00:00,17,1,0,1,T3,22,26,18,14,Rainy,1,7164,0.5984732450276443,8450,200,40
2024-01-16 18:00:00,18,1,0,1,T2,28,22,18,19,Clear,1,6358,0.32540609491691896,7420,200,33
2024-01-16 19:00:00,19,1,0,1,T3,24,32,22,18,Rainy,1,5818,0.40638962642254667,7330,200,29
2024-01-16 20:00:00,20,1,0,1,T3,17,29,19,10,Clear,1,4888,0.6164487081349237,5505,200,19
2024-01-16 21:00:00,21,1,0,0,T3,7,19,12,15,Clear,1,1317,0.5238186374766295,1650,117,33
2024-01-16 22:00:00,22,1,0,0,T3,8,14,13,16,Clear,1,1294,0.5782369883503458,1625,175,56
2024-01-16 23:00:00,23,1,0,0,T1,6,18,13,12,Clear,1,932,0.40350358269194914,1329,158,25
2024-01-17 00:00:00,0,2,0,0,T3,13,10,9,11,Clear,1,1909,0.5946476631514801,2748,200,86
2024-01-17 01:00:00,1,2,0,0,T1,14,14,11,12,Clear,1,1625,0.5007178243788188,2600,200,38
2024-01-17 02:00:00,2,2,0,0,T1,8,16,8,13,Clear,1,1103,0.5432880262324933,1412,200,43
2024-01-17 03:00:00,3,2,0,0,T1,6,18,14,8,Rainy,1,1008,0.3092066365418128,1179,125,33
2024-01-17 04:00:00,4,2,0,0,T2,6,16,8,10,Clear,1,814,0.3250886932849399,1106,97,34
2024-01-17 05:00:00,5,2,0,0,T1,9,18,13,19,Rainy,1,1581,0.6705725459740502,1960,197,72
2024-01-17 06:00:00,6,2,0,1,T1,15,31,24,13,Rainy,1,4902,0.6896257564183977,5979,200,38
2024-01-17 07:00:00,7,2,0,1,T1,27,29,24,11,Clear,1,6370,0.5950774663827675,8447,200,12
2024-01-17 08:00:00,8,2,0,1,T2,15,25,24,11,Clear,1,4012,0.46005098009820283,5388,200,29
2024-01-17 09:00:00,9,2,0,1,T3,29,33,18,14,Clear,1,5050,0.4314367592602324,7377,200,20
2024-01-17 10:00:00,10,2,0,0,T1,5,15,13,18,Rainy,1,1029,0.4764347889824264,1377,200,67
2024-01-17 11:00:00,11,2,0,0,T3,12,15,10,14,Clear,1,1836,0.6447887576727918,2452,200,40
2024-01-17 12:00:00,12,2,0,0,T2,9,19,14,15,Clear,1,974,0.527355746794618,1587,171,35
2024-01-17 13:00:00,13,2,0,0,T3,13,15,12,18,Clear,1,1818,0.33935114189870497,2371,200,53
2024-01-17 14:00:00,14,2,0,0,T3,10,11,9,19,Foggy,1,1926,0.44082315433324826,2702,200,120
2024-01-17 15:00:00,15,2,0,0,T3,11,18,12,8,Clear,1,1849,0.5262617911212886,2545,200,44
2024-01-17 16:00:00,16,2,0,0,T1,14,14,10,9,Clear,1,2396,0.4156137724366758,3124,200,68
2024-01-17 17:00:00,17,2,0,1,T1,20,34,15,18,Clear,1,3947,0.6461129208334457,5238,200,29
2024-01-17 18:00:00,18,2,0,1,T2,17,26,24,17,Rainy,1,6421,0.5874697379656459,7400,200,40
2024-01-17 19:00:00,19,2,0,1,T1,18,21,16,13,Clear,1,4449,0.6126195555759704,5161,200,38
2024-01-17 20:00:00,20,2,0,1,T1,25,30,16,17,Clear,1,4354,0.6512236897200926,6573,200,28
2024-01-17 21:00:00,21,2,0,0,T2,8,16,10,10,Clear,1,1240,0.5953209882409061,1755,186,46
2024-01-17 22:00:00,22,2,0,0,T2,7,17,12,12,Rainy,1,1335,0.38379740958077546,1820,200,56
2024-01-17 23:00:00,23,2,0,0,T3,5,19,8,19,Rainy,1,769,0.43566851962831493,1229,176,64
2024-01-18 00:00:00,0,3,0,0,T2,7,14,13,8,Clear,1,1099,0.3697975431625453,1699,200,38
2024-01-18 01:00:00,1,3,0,0,T1,9,13,12,18,Clear,1,1406,0.6324156047276898,1987,187,57
2024-01-18 02:00:00,2,3,0,0,T2,12,14,12,16,Clear,1,1940,0.46985584360213395,2710,200,58
2024-01-18 03:00:00,3,3,0,0,T2,7,11,10,8,Clear,1,774,0.5930123578616451,1197,200,57
2024-01-18 04:00:00,4,3,0,0,T3,14,10,10,19,Clear,1,2498,0.6661179201737615,3338,200,79
2024-01-18 05:00:00,5,3,0,0,T1,14,10,11,16,Rainy,1,2343,0.6269645395206571,3132,200,99
2024-01-18 06:00:00,6,3,0,1,T3,22,21,22,10,Clear,1,5235,0.5489932503132413,7394,200,47
2024-01-18 07:00:00,7,3,0,1,T1,21,30,19,13,Clear,1,3685,0.4738013528114496,5583,200,21
2024-01-18 08:00:00,8,3,0,1,T2,22,29,22,18,Clear,1,3598,0.5083039101257907,5656,200,34
2024-01-18 09:00:00,9,3,0,1,T2,15,34,24,17,Rainy,1,3800,0.3579911781707027,6216,200,24
2024-01-18 10:00:00,10,3,0,0,T3,14,14,13,13,Foggy,1,3750,0.37334586910943596,4624,200,87
2024-01-18 11:00:00,11,3,0,0,T1,9,19,14,16,Clear,1,1069,0.32490391222514764,1519,136,21
2024-01-18 12:00:00,12,3,0,0,T2,10,11,13,13,Clear,1,1451,0.6190114918109636,2332,200,55
2024-01-18 13:00:00,13,3,0,0,T1,10,16,10,17,Clear,1,2142,0.4599983526571391,2436,200,68
2024-01-18 14:00:00,14,3,0,0,T1,10,17,14,8,Clear,1,2111,0.319013307932065,2416,200,55
2024-01-18 15:00:00,15,3,0,0,T2,5,10,8,18,Clear,1,913,0.6385373152636327,1095,171,89
2024-01-18 16:00:00,16,3,0,0,T3,5,16,8,8,Rainy,1,1182,0.34070469195878245,1451,200,66
2024-01-18 17:00:00,17,3,0,1,T1,19,32,17,8,Rainy,1,5627,0.6683952997637761,7263,200,24
2024-01-18 18:00:00,18,3,0,1,T1,17,31,16,10,Clear,1,4510,0.3888799748374584,5403,200,23
2024-01-18 19:00:00,19,3,0,1,T3,27,26,17,10,Clear,1,6861,0.522638085124285,9813,200,37
2024-01-18 20:00:00,20,3,0,1,T1,27,32,18,14,Foggy,1,7253,0.39779705241287505,10933,200,38
2024-01-18 21:00:00,21,3,0,0,T1,14,19,9,19,Clear,1,2865,0.4925547607661954,3307,200,41
2024-01-18 22:00:00,22,3,0,0,T1,13,14,14,17,Clear,1,2222,0.6873146606083524,2562,200,65
2024-01-18 23:00:00,23,3,0,0,T2,13,10,14,9,Rainy,1,2334,0.6118819988398856,3576,200,82
2024-01-19 00:00:00,0,4,0,0,T3,7,14,13,10,Rainy,1,1238,0.5872578092180498,2038,200,64
2024-01-19 01:00:00,1,4,0,0,T3,5,15,10,12,Clear,1,805,0.5362437382531187,1032,101,39
2024-01-19 02:00:00,2,4,0,0,T1,7,13,14,8,Clear,1,1342,0.31927234886339084,1561,126,30
2024-01-19 03:00:00,3,4,0,0,T3,14,19,10,8,Clear,1,2220,0.6100390231155532,3232,200,51
2024-01-19 04:00:00,4,4,0,0,T2,5,18,14,16,Clear,1,766,0.44974333194741745,1130,133,35
2024-01-19 05:00:00,5,4,0,0,T2,11,14,9,13,Clear,1,1398,0.6979217258268924,2201,200,60
2024-01-19 06:00:00,6,4,0,1,T2,23,29,17,10,Clear,1,6236,0.6767045772960647,7504,200,22
2024-01-19 07:00:00,7,4,0,1,T3,28,27,22,14,Foggy,1,7997,0.4462981977896383,12267,200,38
2024-01-19 08:00:00,8,4,0,1,T2,19,31,20,14,Clear,1,4367,0.4371031254629175,5194,200,20
2024-01-19 09:00:00,9,4,0,1,T3,20,33,18,12,Rainy,1,6196,0.5672851229,7668,200,34
2024-01-19 10:00:00,10,4,0,0,T3,11,12,8,15,Clear,1,1565,0.5670571292894215,2199,200,75
2024-01-19 11:00:00,11,4,0,0,T2,6,18,14,12,Rainy,1,1144,0.5692564263339002,1544,156,36
2024-01-19 12:00:00,12,4,0,0,T1,12,13,10,11,Rainy,1,2675,0.39715027121105534,3541,200,59
2024-01-19 13:00:00,13,4,0,0,T3,13,13,9,15,Clear,1,2247,0.5285118817222139,2745,200,66
2024-01-19 14:00:00,14,4,0,0,T1,10,18,12,13,Clear,1,1530,0.6146071135533634,2014,176,54
2024-01-19 15:00:00,15,4,0,0,T1,8,11,11,18,Clear,1,1240,0.3023485339535862,1920,200,43
2024-01-19 16:00:00,16,4,0,0,T2,10,14,12,9,Clear,1,1379,0.6672845774013727,2279,200,59
2024-01-19 17:00:00,17,4,0,1,T2,23,24,20,14,Clear,1,6619,0.5740497246839853,7468,200,42
2024-01-19 18:00:00,18,4,0,1,T1,15,26,17,8,Clear,1,3071,0.46662759805735,4611,200,29
2024-01-19 19:00:00,19,4,0,1,T1,26,20,19,19,Clear,1,5927,0.5931040027401795,9788,200,40
2024-01-19 20:00:00,20,4,0,1,T1,18,29,20,14,Clear,1,4884,0.6299534593725661,6444,200,32
2024-01-19 21:00:00,21,4,0,0,T1,9,12,11,19,Clear,1,1477,0.6243653825985698,1705,169,63
2024-01-19 22:00:00,22,4,0,0,T2,6,15,14,15,Rainy,1,1290,0.46860724948936394,1740,200,63
2024-01-19 23:00:00,23,4,0,0,T3,9,10,11,8,Rainy,1,1696,0.5603300072735677,2011,200,99
2024-01-20 00:00:00,0,5,1,0,T3,10,14,14,17,Clear,1,2374,0.4900272200343865,2845,200,50
2024-01-20 01:00:00,1,5,1,0,T3,8,12,12,12,Clear,1,2074,0.5153767127987242,2376,200,60
2024-01-20 02:00:00,2,5,1,0,T1,14,12,11,8,Clear,1,3135,0.5175996246992177,3637,200,71
2024-01-20 03:00:00,3,5,1,0,T2,12,17,12,14,Rainy,1,2065,0.5110419987330287,3400,200,60
2024-01-20 04:00:00,4,5,1,0,T2,6,13,12,12,Rainy,1,1262,0.4556675899428835,1695,200,60
2024-01-20 05:00:00,5,5,1,0,T1,7,12,8,10,Clear,1,1431,0.5228298560491438,2160,200,63
2024-01-20 06:00:00,6,5,1,1,T3,16,22,23,17,Foggy,1,6039,0.6131581836167913,7731,200,34
2024-01-20 07:00:00,7,5,1,1,T1,23,25,23,15,Clear,1,8085,0.5813038780453127,11222,200,31
2024-01-20 08:00:00,8,5,1,1,T2,28,22,16,16,Clear,1,8050,0.38271447644765877,10032,200,43
2024-01-20 09:00:00,9,5,1,1,T3,20,24,18,10,Clear,1,5643,0.662964808269901,7990,200,35
2024-01-20 10:00:00,10,5,1,0,T3,13,14,9,15,Foggy,1,3809,0.37472788541212365,4999,200,62
2024-01-20 11:00:00,11,5,1,0,T2,11,18,9,15,Foggy,1,2221,0.4874416571810287,3680,200,48
2024-01-20 12:00:00,12,5,1,0,T2,13,10,14,17,Rainy,1,2733,0.40153563263435743,4124,200,74
2024-01-20 13:00:00,13,5,1,0,T1,13,19,14,18,Clear,1,2959,0.6097885050169971,3477,200,54
2024-01-20 14:00:00,14,5,1,0,T2,12,13,9,12,Clear,1,2540,0.5259648506473754,2838,200,53
2024-01-20 15:00:00,15,5,1,0,T3,14,17,12,15,Clear,1,2014,0.5496044782609506,3321,200,42
2024-01-20 16:00:00,16,5,1,0,T2,8,11,12,11,Clear,1,1880,0.46346823071777693,2229,200,47
2024-01-20 17:00:00,17,5,1,1,T2,19,21,24,19,Clear,1,6327,0.5498113038695761,7676,200,37
2024-01-20 18:00:00,18,5,1,1,T2,24,20,16,8,Clear,1,7848,0.651499077692057,10246,200,47
2024-01-20 19:00:00,19,5,1,1,T3,17,20,19,10,Clear,1,3672,0.4246881516787902,5642,200,33
2024-01-20 20:00:00,20,5,1,1,T1,22,27,24,10,Clear,1,6868,0.33735752693292553,7637,200,23
2024-01-20 21:00:00,21,5,1,0,T1,13,18,14,18,Clear,1,2215,0.546415801683561,2986,200,38
2024-01-20 22:00:00,22,5,1,0,T1,12,11,9,11,Clear,1,2328,0.30747585648729425,3838,200,67
2024-01-20 23:00:00,23,5,1,0,T3,7,17,13,11,Clear,1,1493,0.3892680391400197,2147,193,52
2024-01-21 00:00:00,0,6,1,0,T1,9,14,10,17,Clear,1,1776,0.3536083118520183,2479,200,81
2024-01-21 01:00:00,1,6,1,0,T2,5,17,13,8,Clear,1,1013,0.33195904475790144,1642,124,25
2024-01-21 02:00:00,2,6,1,0,T1,9,18,14,19,Foggy,1,2770,0.3632964170985471,3414,200,65
2024-01-21 03:00:00,3,6,1,0,T1,10,19,12,11,Clear,1,2008,0.625432973207174,2501,200,34
2024-01-21 04:00:00,4,6,1,0,T1,7,11,13,13,Rainy,1,1319,0.5262639010384144,1928,200,88
2024-01-21 05:00:00,5,6,1,0,T1,14,11,13,19,Clear,1,2175,0.48897175508739577,3362,200,68
2024-01-21 06:00:00,6,6,1,1,T2,25,22,24,17,Clear,1,7960,0.5111436295600971,9149,200,38
2024-01-21 07:00:00,7,6,1,1,T2,17,33,15,11,Clear,1,4269,0.5339099914666109,6692,200,33
2024-01-21 08:00:00,8,6,1,1,T1,22,24,24,18,Rainy,1,10602,0.4438910438434016,12158,200,30
2024-01-21 09:00:00,9,6,1,1,T1,23,25,18,15,Clear,1,6591,0.52240091044893,10340,200,29
2024-01-21 10:00:00,10,6,1,0,T1,11,10,11,10,Clear,1,2134,0.4236226864120756,2757,200,80
2024-01-21 11:00:00,11,6,1,0,T1,5,17,12,14,Clear,1,1035,0.31356656710324676,1221,169,41
2024-01-21 12:00:00,12,6,1,0,T2,5,14,8,16,Clear,1,988,0.46479696992173536,1629,200,72
2024-01-21 13:00:00,13,6,1,0,T3,10,17,12,10,Rainy,1,2329,0.6309756933516227,3546,200,67
2024-01-21 14:00:00,14,6,1,0,T1,5,13,14,12,Foggy,1,1805,0.4702331416144049,2044,200,55
2024-01-21 15:00:00,15,6,1,0,T2,13,19,14,17,Foggy,1,2540,0.6920029510216544,4083,200,57
2024-01-21 16:00:00,16,6,1,0,T1,14,17,10,15,Foggy,1,2949,0.548006000291024,4803,200,51
2024-01-21 17:00:00,17,6,1,1,T2,16,32,23,19,Clear,1,4524,0.5574480763042957,6500,200,30
2024-01-21 18:00:00,18,6,1,1,T2,16,20,18,8,Clear,1,6080,0.3310712277950407,6900,200,45
2024-01-21 19:00:00,19,6,1,1,T1,17,33,21,9,Rainy,1,6779,0.5821259900887299,8248,200,27
2024-01-21 20:00:00,20,6,1,1,T2,20,32,16,9,Clear,1,6489,0.556038822428874,9634,200,32
2024-01-21 21:00:00,21,6,1,0,T2,5,19,11,13,Clear,1,781,0.3615130251910976,1264,144,43
2024-01-21 22:00:00,22,6,1,0,T2,12,16,10,17,Clear,1,2484,0.5448537831633045,3411,200,54
2024-01-21 23:00:00,23,6,1,0,T2,14,14,14,17,Foggy,1,4124,0.6139434237778177,5331,200,78
2024-01-22 00:00:00,0,0,0,0,T1,10,18,14,9,Clear,1,1386,0.5075810843864098,1689,200,30
2024-01-22 01:00:00,1,0,0,0,T2,11,16,9,17,Clear,1,2281,0.3065751017546901,2785,200,58
2024-01-22 02:00:00,2,0,0,0,T3,7,14,9,18,Clear,1,1475,0.38617177548976955,1735,187,41
2024-01-22 03:00:00,3,0,0,0,T2,14,18,13,14,Clear,1,2341,0.5747766421378916,2752,200,55
2024-01-22 04:00:00,4,0,0,0,T2,8,13,10,16,Clear,1,964,0.5032661087417378,1585,171,36
2024-01-22 05:00:00,5,0,0,0,T2,6,12,10,12,Rainy,1,1316,0.33431737820517826,1688,200,92
2024-01-22 06:00:00,6,0,0,1,T1,25,33,22,15,Rainy,1,9371,0.37241272472668774,11058,200,36
2024-01-22 07:00:00,7,0,0,1,T1,27,27,23,19,Clear,1,4875,0.41804371044952354,7657,200,23
2024-01-22 08:00:00,8,0,0,1,T1,26,23,23,8,Clear,1,5519,0.6251598277085659,8695,200,23
2024-01-22 09:00:00,9,0,0,1,T3,20,32,15,12,Foggy,1,5293,0.3788273427430442,7660,200,44
2024-01-22 10:00:00,10,0,0,0,T3,13,17,9,13,Clear,1,1699,0.6137353424308929,2624,200,53
2024-01-22 11:00:00,11,0,0,0,T3,7,15,11,8,Clear,1,1074,0.41755429302141966,1400,200,39
2024-01-22 12:00:00,12,0,0,0,T1,8,15,8,19,Foggy,1,2042,0.4058727368826733,2505,200,83
2024-01-22 13:00:00,13,0,0,0,T1,10,15,12,17,Clear,1,1303,0.3367014408544586,2054,180,56
2024-01-22 14:00:00,14,0,0,0,T3,6,13,8,19,Rainy,1,1145,0.4529383927658805,1369,200,106
2024-01-22 15:00:00,15,0,0,0,T3,11,17,10,12,Clear,1,1644,0.5033729610379347,2402,200,53
2024-01-22 16:00:00,16,0,0,0,T1,7,13,13,8,Clear,1,956,0.5963009588114292,1231,130,47
2024-01-22 17:00:00,17,0,0,1,T3,26,27,23,15,Clear,1,5755,0.4251204094919004,8489,200,31
2024-01-22 18:00:00,18,0,0,1,T2,27,28,21,19,Clear,1,6300,0.5733374148679189,7478,200,33
2024-01-22 19:00:00,19,0,0,1,T2,18,21,23,8,Clear,1,4238,0.4935799854103411,5502,200,42
2024-01-22 20:00:00,20,0,0,1,T2,21,32,19,19,Clear,1,4042,0.31438945987975264,6053,200,28
2024-01-22 21:00:00,21,0,0,0,T1,7,15,13,11,Rainy,1,1041,0.6088559520473664,1519,136,43
2024-01-22 22:00:00,22,0,0,0,T1,9,17,13,11,Clear,1,1066,0.664864219840379,1685,120,31
2024-01-22 23:00:00,23,0,0,0,T1,9,11,14,17,Clear,1,1664,0.3381703682570307,2111,200,70
2024-01-23 00:00:00,0,1,0,0,T2,8,16,8,9,Foggy,1,1271,0.4152069856266377,1915,200,94
2024-01-23 01:00:00,1,1,0,0,T2,12,10,12,19,Clear,1,1585,0.5633781611601107,2348,200,74
2024-01-23 02:00:00,2,1,0,0,T3,7,18,10,18,Foggy,1,1458,0.3758909822186838,1960,200,58
2024-01-23 03:00:00,3,1,0,0,T2,6,11,13,16,Rainy,1,1491,0.5833706788341013,1719,200,64
2024-01-23 04:00:00,4,1,0,0,T1,14,15,8,18,Clear,1,1786,0.3984800211128818,2586,200,46
2024-01-23 05:00:00,5,1,0,0,T2,11,12,10,11,Rainy,1,2274,0.5518220567760153,3138,200,97
2024-01-23 06:00:00,6,1,0,1,T1,28,21,17,9,Clear,1,6605,0.4019276345197435,9138,200,42
2024-01-23 07:00:00,7,1,0,1,T3,22,22,24,10,Clear,1,6420,0.39085944170724535,7801,200,25
2024-01-23 08:00:00,8,1,0,1,T3,21,25,17,17,Clear,1,4825,0.3566170830391056,6530,200,36
2024-01-23 09:00:00,9,1,0,1,T1,29,23,21,18,Clear,1,4981,0.3866262682237625,7866,200,19
2024-01-23 10:00:00,10,1,0,0,T2,14,19,12,12,Clear,1,1846,0.5571493480059355,2333,188,50
2024-01-23 11:00:00,11,1,0,0,T1,6,17,14,9,Foggy,1,1338,0.4107414579347813,1919,200,42
2024-01-23 12:00:00,12,1,0,0,T2,14,19,14,16,Clear,1,2462,0.49177966157479436,3440,200,29
2024-01-23 13:00:00,13,1,0,0,T1,8,14,14,11,Foggy,1,1894,0.5921309242037563,2216,200,79
2024-01-23 14:00:00,14,1,0,0,T3,5,16,12,9,Rainy,1,1172,0.6251992954430259,1440,137,38
2024-01-23 15:00:00,15,1,0,0,T3,12,18,13,9,Clear,1,1868,0.4813170661359688,2430,200,34
2024-01-23 16:00:00,16,1,0,0,T3,14,11,8,13,Clear,1,2606,0.46572023896510606,2953,200,70
2024-01-23 17:00:00,17,1,0,1,T1,28,26,15,12,Rainy,1,7633,0.3568119246197645,9328,200,50
2024-01-23 18:00:00,18,1,0,1,T2,26,31,22,16,Clear,1,5681,0.5798679092541374,6896,200,16
2024-01-23 19:00:00,19,1,0,1,T1,25,21,16,12,Clear,1,5546,0.5074577675871803,7766,200,55
2024-01-23 20:00:00,20,1,0,1,T2,21,31,18,12,Clear,1,4582,0.5499372843734813,5370,200,29
2024-01-23 21:00:00,21,1,0,0,T1,5,10,12,13,Clear,1,983,0.41285040638745246,1153,167,65
2024-01-23 22:00:00,22,1,0,0,T1,9,18,13,10,Clear,1,1486,0.43637333440906567,1795,154,50
2024-01-23 23:00:00,23,1,0,0,T2,13,12,8,8,Clear,1,2852,0.5250394511351215,3221,200,90
2024-01-24 00:00:00,0,2,0,0,T2,10,12,14,16,Clear,1,2027,0.393502540358883,2479,200,52
2024-01-24 01:00:00,1,2,0,0,T1,12,15,10,10,Clear,1,2411,0.48458878235790204,2780,200,44
2024-01-24 02:00:00,2,2,0,0,T2,9,11,13,10,Clear,1,1243,0.48032383028137554,1634,200,79
2024-01-24 03:00:00,3,2,0,0,T3,7,13,9,9,Clear,1,1011,0.5674378053846725,1644,200,42
2024-01-24 04:00:00,4,2,0,0,T1,12,16,10,12,Clear,1,2027,0.5060274070926256,2366,186,50
2024-01-24 05:00:00,5,2,0,0,T1,8,13,9,12,Clear,1,1385,0.6441063076507185,1571,179,53
2024-01-24 06:00:00,6,2,0,1,T3,20,33,21,10,Foggy,1,4677,0.45090260032947427,6994,200,22
2024-01-24 07:00:00,7,2,0,1,T2,22,20,24,14,Clear,1,5475,0.6925219750884655,7467,200,50
2024-01-24 08:00:00,8,2,0,1,T3,25,31,24,9,Clear,1,6375,0.45227803759487295,7941,200,35
2024-01-24 09:00:00,9,2,0,1,T3,18,21,15,15,Rainy,1,4761,0.6162309173802876,6399,200,53
2024-01-24 10:00:00,10,2,0,0,T2,7,19,14,19,Rainy,1,1152,0.4967144698042696,1729,163,29
2024-01-24 11:00:00,11,2,0,0,T3,5,14,11,17,Clear,1,729,0.6269557954387897,976,113,32
2024-01-24 12:00:00,12,2,0,0,T1,7,14,12,17,Clear,1,981,0.5706153060734065,1156,138,46
2024-01-24 13:00:00,13,2,0,0,T3,11,14,12,16,Clear,1,1568,0.677112470612139,2577,200,42
2024-01-24 14:00:00,14,2,0,0,T3,8,13,10,12,Rainy,1,1541,0.6510188792622877,2272,200,67
2024-01-24 15:00:00,15,2,0,0,T1,13,12,12,17,Rainy,1,2308,0.6548437100041928,2909,200,95
2024-01-24 16:00:00,16,2,0,0,T3,12,10,11,11,Clear,1,2071,0.6560512453892159,2391,200,49
2024-01-24 17:00:00,17,2,0,1,T1,23,30,16,10,Clear,1,6172,0.5692937589980964,7458,200,31
2024-01-24 18:00:00,18,2,0,1,T2,27,30,20,17,Foggy,1,11257,0.475226555835238,13058,200,41
2024-01-24 19:00:00,19,2,0,1,T1,20,27,20,12,Clear,1,5732,0.414888946897966,7360,200,37
2024-01-24 20:00:00,20,2,0,1,T3,29,21,15,10,Clear,1,6410,0.5124772066999346,8165,200,55
2024-01-24 21:00:00,21,2,0,0,T3,8,18,13,11,Clear,1,1020,0.30899243994745956,1493,122,22
2024-01-24 22:00:00,22,2,0,0,T3,8,18,12,16,Clear,1,1232,0.6040230141941261,1743,200,55
2024-01-24 23:00:00,23,2,0,0,T1,14,13,14,9,Clear,1,2157,0.36985914276561505,3051,200,59
2024-01-25 00:00:00,0,3,0,0,T1,10,19,14,15,Clear,1,1194,0.5607098546180467,1695,156,31
2024-01-25 01:00:00,1,3,0,0,T3,7,11,13,17,Clear,1,1254,0.3332269828043943,1766,200,53
2024-01-25 02:00:00,2,3,0,0,T2,8,10,8,8,Foggy,1,1496,0.4966490615150601,2384,200,84
2024-01-25 03:00:00,3,3,0,0,T1,5,14,11,11,Rainy,1,796,0.4119926855960678,1158,163,43
2024-01-25 04:00:00,4,3,0,0,T2,12,14,8,15,Rainy,1,2338,0.4451775334545738,2620,200,56
2024-01-25 05:00:00,5,3,0,0,T3,12,10,13,11,Foggy,1,2510,0.6572212036051077,3440,200,116
2024-01-25 06:00:00,6,3,0,1,T2,29,23,21,19,Clear,1,7994,0.348628602669826,9328,200,37
2024-01-25 07:00:00,7,3,0,1,T1,19,28,17,18,Clear,1,3954,0.41588418392759907,5691,200,27
2024-01-25 08:00:00,8,3,0,1,T3,22,29,21,19,Clear,1,5675,0.4486229095384477,7638,200,43
2024-01-25 09:00:00,9,3,0,1,T3,26,20,16,9,Clear,1,5607,0.319891653217594,6971,200,46
2024-01-25 10:00:00,10,3,0,0,T3,13,10,13,12,Clear,1,1949,0.6274314802563297,2301,200,91
2024-01-25 11:00:00,11,3,0,0,T1,10,11,13,17,Clear,1,1532,0.6400613146373535,1907,200,56
2024-01-25 12:00:00,12,3,0,0,T2,7,14,9,9,Clear,1,772,0.6728870255844167,1196,140,42
2024-01-25 13:00:00,13,3,0,0,T2,9,15,11,13,Clear,1,1474,0.633932572438062,2118,200,55
2024-01-25 14:00:00,14,3,0,0,T1,7,17,11,19,Rainy,1,1247,0.37679671285172495,1571,200,56
2024-01-25 15:00:00,15,3,0,0,T1,6,18,13,10,Foggy,1,1680,0.4605197462541108,1881,200,54
2024-01-25 16:00:00,16,3,0,0,T2,14,19,12,11,Clear,1,2536,0.37680075567446236,3115,200,49
2024-01-25 17:00:00,17,3,0,1,T1,28,28,18,10,Clear,1,6185,0.5013739132352066,8925,200,25
2024-01-25 18:00:00,18,3,0,1,T2,20,32,22,8,Clear,1,5480,0.6154614641636487,6395,200,16
2024-01-25 19:00:00,19,3,0,1,T2,24,31,20,18,Clear,1,5484,0.6413737415741942,6299,200,31
2024-01-25 20:00:00,20,3,0,1,T3,17,29,16,16,Clear,1,3753,0.6906007025416374,4797,200,26
2024-01-25 21:00:00,21,3,0,0,T1,7,17,9,8,Clear,1,1068,0.5437154834889132,1701,148,23
2024-01-25 22:00:00,22,3,0,0,T1,7,11,9,18,Rainy,1,1619,0.4624114168988071,1913,200,99
2024-01-25 23:00:00,23,3,0,0,T2,5,19,12,16,Rainy,1,899,0.4027381428053771,1119,88,30
2024-01-26 00:00:00,0,4,0,0,T2,11,18,10,8,Rainy,1,1577,0.5420074736442019,2303,200,48
2024-01-26 01:00:00,1,4,0,0,T3,9,13,11,16,Clear,1,1241,0.5778076498601865,2062,188,63
2024-01-26 02:00:00,2,4,0,0,T2,12,18,13,12,Clear,1,1719,0.5918832127246962,2807,200,39
2024-01-26 03:00:00,3,4,0,0,T2,10,13,13,11,Clear,1,1451,0.3858088188223608,1978,200,71
2024-01-26 04:00:00,4,4,0,0,T2,8,16,13,13,Clear,1,1114,0.4315845614327534,1462,173,39
2024-01-26 05:00:00,5,4,0,0,T1,12,19,13,12,Clear,1,1920,0.5366612641333339,2446,188,53
2024-01-26 06:00:00,6,4,0,1,T2,27,23,17,11,Clear,1,6795,0.3512157402870365,9899,200,34
2024-01-26 07:00:00,7,4,0,1,T1,23,27,18,14,Rainy,1,5533,0.6456451230095033,7676,200,44
2024-01-26 08:00:00,8,4,0,1,T1,21,21,21,11,Clear,1,5283,0.5940145266496766,5890,200,45
2024-01-26 09:00:00,9,4,0,1,T1,20,27,21,9,Rainy,1,5695,0.6117948241093958,6472,200,26
2024-01-26 10:00:00,10,4,0,0,T1,6,16,9,19,Clear,1,860,0.6016928366233099,1335,187,48
2024-01-26 11:00:00,11,4,0,0,T1,11,10,11,12,Clear,1,1519,0.4086763211723268,2349,200,69
2024-01-26 12:00:00,12,4,0,0,T3,12,16,14,14,Clear,1,2112,0.49059404737699863,2456,200,62
2024-01-26 13:00:00,13,4,0,0,T3,5,13,8,10,Clear,1,810,0.4586251601702438,1002,112,41
2024-01-26 14:00:00,14,4,0,0,T2,5,12,10,16,Clear,1,1019,0.4642181934569513,1247,171,71
2024-01-26 15:00:00,15,4,0,0,T1,7,16,14,19,Clear,1,783,0.5745115465278856,1214,142,27
2024-01-26 16:00:00,16,4,0,0,T1,5,19,8,12,Clear,1,1049,0.4394630274048832,1195,138,42
2024-01-26 17:00:00,17,4,0,1,T1,20,29,23,10,Clear,1,4799,0.33647207702074206,6984,200,23
2024-01-26 18:00:00,18,4,0,1,T1,28,26,22,9,Clear,1,5985,0.42768913749710746,8271,200,26
2024-01-26 19:00:00,19,4,0,1,T3,22,24,16,16,Clear,1,4061,0.6733677640557116,6404,200,33
2024-01-26 20:00:00,20,4,0,1,T2,27,26,16,19,Rainy,1,7136,0.635859808011259,10258,200,48
2024-01-26 21:00:00,21,4,0,0,T3,9,19,9,19,Clear,1,1210,0.6183864674401387,1903,200,57
2024-01-26 22:00:00,22,4,0,0,T1,6,10,8,19,Rainy,1,876,0.567826291266826,1320,200,93
2024-01-26 23:00:00,23,4,0,0,T1,12,17,13,8,Clear,1,2073,0.3190138769608241,2376,200,68
2024-01-27 00:00:00,0,5,1,0,T1,12,14,12,16,Clear,1,2876,0.6137833951992508,3483,200,61
2024-01-27 01:00:00,1,5,1,0,T1,13,10,12,10,Clear,1,2981,0.306997368342878,3585,200,72
2024-01-27 02:00:00,2,5,1,0,T2,14,19,10,15,Clear,1,2700,0.3194257007285262,3696,200,32
2024-01-27 03:00:00,3,5,1,0,T3,7,19,14,13,Clear,1,1412,0.6264588352647886,2312,171,52
2024-01-27 04:00:00,4,5,1,0,T1,7,19,11,15,Clear,1,1601,0.5618704338464449,2189,200,60
2024-01-27 05:00:00,5,5,1,0,T2,9,11,10,17,Clear,1,1702,0.5734090557494658,2299,200,68
2024-01-27 06:00:00,6,5,1,1,T1,23,28,21,9,Clear,1,5500,0.37332226559422077,8490,200,42
2024-01-27 07:00:00,7,5,1,1,T3,21,23,15,10,Clear,1,7859,0.39798696716533555,9040,200,46
2024-01-27 08:00:00,8,5,1,1,T1,29,24,20,8,Foggy,1,10691,0.6110247704843519,13312,200,29
2024-01-27 09:00:00,9,5,1,1,T1,24,34,23,17,Rainy,1,8797,0.6410916091036514,10480,200,43
2024-01-27 10:00:00,10,5,1,0,T2,12,10,10,8,Clear,1,1890,0.3782245434966003,3026,200,58
2024-01-27 11:00:00,11,5,1,0,T2,5,16,13,14,Rainy,1,1020,0.31442932563850023,1421,194,60
2024-01-27 12:00:00,12,5,1,0,T2,14,16,14,18,Clear,1,3129,0.49873893909116085,3701,200,47
2024-01-27 13:00:00,13,5,1,0,T3,11,19,10,18,Foggy,1,3062,0.4560197945609286,4567,200,58
2024-01-27 14:00:00,14,5,1,0,T3,9,16,12,18,Rainy,1,2188,0.30021083401854737,3203,200,55
2024-01-27 15:00:00,15,5,1,0,T1,7,16,8,16,Clear,1,1443,0.3194417963313005,2111,189,46
2024-01-27 16:00:00,16,5,1,0,T2,6,13,10,13,Foggy,1,1624,0.6934083705188315,2135,200,103
2024-01-27 17:00:00,17,5,1,1,T2,15,26,19,12,Clear,1,3565,0.5724920895919621,5555,200,30
2024-01-27 18:00:00,18,5,1,1,T1,24,28,16,14,Foggy,1,7820,0.6818293275351899,11262,200,35
2024-01-27 19:00:00,19,5,1,1,T2,24,33,15,10,Clear,1,9234,0.4500691107713031,11798,200,23
2024-01-27 20:00:00,20,5,1,1,T1,20,27,16,8,Clear,1,7334,0.5212668217004315,9511,200,30
2024-01-27 21:00:00,21,5,1,0,T1,5,13,12,18,Foggy,1,1273,0.6732405949166449,1768,200,73
2024-01-27 22:00:00,22,5,1,0,T1,8,12,10,12,Rainy,1,2078,0.6513168865157546,3023,200,62
2024-01-27 23:00:00,23,5,1,0,T3,11,17,13,10,Rainy,1,3050,0.6415539507941728,4132,200,47
2024-01-28 00:00:00,0,6,1,0,T3,9,14,14,18,Clear,1,1653,0.5010886896535425,2526,200,55
2024-01-28 01:00:00,1,6,1,0,T2,5,19,12,12,Clear,1,1059,0.570594596851066,1255,81,12
2024-01-28 02:00:00,2,6,1,0,T3,6,10,11,17,Clear,1,1300,0.573659958716582,1512,200,92
2024-01-28 03:00:00,3,6,1,0,T1,5,10,8,17,Foggy,1,1501,0.32274555951478817,1834,200,120
2024-01-28 04:00:00,4,6,1,0,T1,9,12,10,19,Clear,1,1715,0.3418121496709361,2696,200,55
2024-01-28 05:00:00,5,6,1,0,T3,5,12,11,8,Clear,1,903,0.3448684781922964,1304,200,49
2024-01-28 06:00:00,6,6,1,1,T2,15,21,15,19,Rainy,1,6077,0.594952537554827,8214,200,31
2024-01-28 07:00:00,7,6,1,1,T2,28,34,24,9,Rainy,1,11025,0.6159873172889392,13354,200,27
2024-01-28 08:00:00,8,6,1,1,T1,15,22,19,16,Clear,1,5658,0.3089423837380594,6571,200,40
2024-01-28 09:00:00,9,6,1,1,T2,23,20,17,15,Clear,1,6078,0.49138309711725225,8228,200,49
2024-01-28 10:00:00,10,6,1,0,T2,10,13,11,8,Clear,1,2242,0.36609191239134553,3175,200,71
2024-01-28 11:00:00,11,6,1,0,T1,12,15,10,10,Clear,1,1974,0.6817195399506826,2734,200,52
2024-01-28 12:00:00,12,6,1,0,T3,9,16,12,16,Foggy,1,2082,0.4833428110649821,2570,200,61
2024-01-28 13:00:00,13,6,1,0,T2,11,15,10,15,Clear,1,2190,0.38271033720801295,2467,200,62
2024-01-28 14:00:00,14,6,1,0,T2,8,19,12,13,Clear,1,1170,0.5573023741702408,1927,158,38
2024-01-28 15:00:00,15,6,1,0,T1,8,19,14,19,Clear,1,1115,0.5980894196506058,1755,124,28
2024-01-28 16:00:00,16,6,1,0,T3,11,15,11,14,Rainy,1,3400,0.623127464228791,4273,200,69
2024-01-28 17:00:00,17,6,1,1,T3,28,27,19,14,Clear,1,8511,0.47911526836667584,12878,200,27
2024-01-28 18:00:00,18,6,1,1,T2,28,33,24,14,Clear,1,9466,0.4202985426116596,11922,200,16
2024-01-28 19:00:00,19,6,1,1,T2,25,20,23,16,Clear,1,9475,0.35413592560335566,10827,200,30
2024-01-28 20:00:00,20,6,1,1,T1,22,29,19,8,Foggy,1,10505,0.3662569239470038,12386,200,29
2024-01-28 21:00:00,21,6,1,0,T2,7,11,9,16,Rainy,1,1540,0.5289811620586,2174,200,113
2024-01-28 22:00:00,22,6,1,0,T3,6,15,9,10,Foggy,1,1948,0.6757142182657319,2351,200,84
2024-01-28 23:00:00,23,6,1,0,T3,5,16,12,11,Clear,1,1193,0.6243383787434784,1528,110,35
2024-01-29 00:00:00,0,0,0,0,T3,6,17,13,14,Rainy,1,1493,0.377047907922428,1778,171,46
2024-01-29 01:00:00,1,0,0,0,T1,14,10,8,17,Clear,1,1801,0.3036206567023452,2437,200,53
2024-01-29 02:00:00,2,0,0,0,T1,11,14,14,13,Clear,1,1718,0.581008130030713,1999,200,70
2024-01-29 03:00:00,3,0,0,0,T1,14,15,8,10,Rainy,1,2533,0.5827598509834199,3401,200,63
2024-01-29 04:00:00,4,0,0,0,T3,6,10,9,10,Clear,1,934,0.6435514253418904,1196,141,63
2024-01-29 05:00:00,5,0,0,0,T2,13,16,14,16,Rainy,1,1813,0.47077322871389893,2963,200,61
2024-01-29 06:00:00,6,0,0,1,T1,19,29,18,18,Clear,1,3730,0.5950303622891644,6030,200,25
2024-01-29 07:00:00,7,0,0,1,T1,23,29,21,18,Foggy,1,6382,0.5353135457545792,8197,200,45
2024-01-29 08:00:00,8,0,0,1,T1,28,33,17,13,Clear,1,5644,0.39095432151814935,7480,200,30
2024-01-29 09:00:00,9,0,0,1,T1,26,22,22,10,Clear,1,6202,0.685136093698407,9443,200,43
2024-01-29 10:00:00,10,0,0,0,T1,8,17,10,16,Clear,1,1352,0.3307291020760086,1770,185,42
2024-01-29 11:00:00,11,0,0,0,T2,9,18,9,13,Rainy,1,1524,0.5330766127191633,2025,200,58
2024-01-29 12:00:00,12,0,0,0,T1,10,16,14,16,Clear,1,1392,0.3931600137293735,2025,164,27
2024-01-29 13:00:00,13,0,0,0,T2,8,16,11,12,Clear,1,1090,0.47523588530205885,1625,154,37
2024-01-29 14:00:00,14,0,0,0,T1,6,11,10,18,Clear,1,871,0.6800796227583998,1294,172,52
2024-01-29 15:00:00,15,0,0,0,T1,5,10,10,9,Clear,1,920,0.5078368704884579,1219,164,53
2024-01-29 16:00:00,16,0,0,0,T3,13,19,10,13,Clear,1,1966,0.5694401465052801,2427,199,42
2024-01-29 17:00:00,17,0,0,1,T3,26,33,20,13,Clear,1,6361,0.5140714560638402,9057,200,17
2024-01-29 18:00:00,18,0,0,1,T2,18,31,23,9,Clear,1,4456,0.42475146559521026,5530,200,22
2024-01-29 19:00:00,19,0,0,1,T1,29,33,23,8,Clear,1,8334,0.6250960178108742,10631,200,31
2024-01-29 20:00:00,20,0,0,1,T1,17,34,16,17,Clear,1,3613,0.5995582582046433,5423,200,27
2024-01-29 21:00:00,21,0,0,0,T1,7,15,9,18,Rainy,1,1532,0.39433459988170744,1884,200,48
2024-01-29 22:00:00,22,0,0,0,T1,11,18,14,17,Clear,1,1885,0.5347455701199617,2164,133,37
2024-01-29 23:00:00,23,0,0,0,T2,9,14,13,13,Foggy,1,1516,0.3469381703199431,2021,200,48
2024-01-30 00:00:00,0,1,0,0,T3,7,19,10,13,Clear,1,1090,0.6797117478223969,1716,133,35
2024-01-30 01:00:00,1,1,0,0,T1,8,15,13,16,Rainy,1,1591,0.5185509043921033,2186,200,57
2024-01-30 02:00:00,2,1,0,0,T1,6,18,13,13,Clear,1,900,0.6201919056118007,1057,140,39
2024-01-30 03:00:00,3,1,0,0,T1,13,11,14,9,Rainy,1,1956,0.4355887270307671,2593,200,95
2024-01-30 04:00:00,4,1,0,0,T3,11,13,10,8,Clear,1,1484,0.43491801168205724,2239,200,60
2024-01-30 05:00:00,5,1,0,0,T2,13,11,12,8,Clear,1,1660,0.36439013226584477,2294,200,57
2024-01-30 06:00:00,6,1,0,1,T1,24,30,17,18,Clear,1,5198,0.34361319496781334,8273,200,30
2024-01-30 07:00:00,7,1,0,1,T1,17,25,21,16,Rainy,1,6470,0.30988727547694744,7622,200,22
2024-01-30 08:00:00,8,1,0,1,T2,24,34,17,19,Clear,1,6192,0.3559109824730029,8904,200,18
2024-01-30 09:00:00,9,1,0,1,T1,16,34,21,11,Clear,1,4645,0.4429791819063748,5279,200,20
2024-01-30 10:00:00,10,1,0,0,T1,11,17,10,19,Foggy,1,2243,0.6835365356581883,2731,200,54
2024-01-30 11:00:00,11,1,0,0,T3,12,18,9,8,Clear,1,2144,0.6528625372298312,2407,200,45
2024-01-30 12:00:00,12,1,0,0,T2,14,18,8,16,Clear,1,2122,0.5212031686582851,2980,200,42
2024-01-30 13:00:00,13,1,0,0,T1,13,13,9,17,Rainy,1,2121,0.6893037755285863,3164,200,81
2024-01-30 14:00:00,14,1,0,0,T2,5,15,11,12,Clear,1,742,0.46692986049391966,1022,123,42
2024-01-30 15:00:00,15,1,0,0,T2,13,11,13,13,Foggy,1,3681,0.4700700626453163,4104,200,70
2024-01-30 16:00:00,16,1,0,0,T2,12,13,8,9,Clear,1,1663,0.6913305241326059,2332,200,59
2024-01-30 17:00:00,17,1,0,1,T3,22,29,18,16,Clear,1,4886,0.6376608678301765,5945,200,38
2024-01-30 18:00:00,18,1,0,1,T2,22,33,18,19,Clear,1,6428,0.5152180532497279,7491,200,27
2024-01-30 19:00:00,19,1,0,1,T2,25,28,18,18,Clear,1,4465,0.5211419656617233,6881,200,36
2024-01-30 20:00:00,20,1,0,1,T2,22,27,18,14,Clear,1,7263,0.3478742147035241,8317,200,32
2024-01-30 21:00:00,21,1,0,0,T1,12,18,8,12,Clear,1,1967,0.3238844119481246,2524,200,53
2024-01-30 22:00:00,22,1,0,0,T3,11,10,11,10,Clear,1,1979,0.5796143401912754,2592,200,81
2024-01-30 23:00:00,23,1,0,0,T2,6,11,12,19,Clear,1,1179,0.6407667780100464,1468,200,45
2024-01-01 00:00:00,0,0,0,0,T2,14,18,8,11,Clear,1,2675,0.3530055926746329,3074,200,41
2024-01-01 01:00:00,1,0,0,0,T2,11,10,11,13,Clear,1,1906,0.6905435222831007,2501,200,66
2024-01-01 02:00:00,2,0,0,0,T2,7,15,14,17,Clear,1,1002,0.4761397456240787,1624,170,44
2024-01-01 03:00:00,3,0,0,0,T3,13,11,13,19,Rainy,1,2706,0.35366064582288326,3161,200,56
2024-01-01 04:00:00,4,0,0,0,T1,11,18,12,13,Clear,1,2241,0.5132921330456411,2528,200,36
2024-01-01 05:00:00,5,0,0,0,T2,8,18,12,10,Rainy,1,1620,0.4365564024840632,2114,200,73
2024-01-01 06:00:00,6,0,0,1,T2,25,24,17,11,Clear,1,5750,0.38173256933086297,7970,200,33
2024-01-01 07:00:00,7,0,0,1,T2,18,26,22,15,Clear,1,3308,0.5677605592301596,4621,200,34
2024-01-01 08:00:00,8,0,0,1,T2,20,21,22,10,Clear,1,3631,0.6423607853681573,5825,200,48
2024-01-01 09:00:00,9,0,0,1,T1,27,26,16,14,Clear,1,4628,0.5401154749277777,7657,200,25
2024-01-01 10:00:00,10,0,0,0,T2,14,18,12,10,Clear,1,1972,0.5366495225841138,3205,200,32
2024-01-01 11:00:00,11,0,0,0,T2,14,19,10,18,Clear,1,2349,0.6324212346336762,3533,200,52
2024-01-01 12:00:00,12,0,0,0,T1,8,14,8,10,Clear,1,1160,0.32546989913422497,1542,150,47
2024-01-01 13:00:00,13,0,0,0,T3,7,11,8,8,Clear,1,1139,0.44278665062657574,1637,200,78
2024-01-01 14:00:00,14,0,0,0,T1,8,12,12,10,Clear,1,1306,0.39916987309952234,1633,200,70
2024-01-01 15:00:00,15,0,0,0,T1,11,13,8,10,Clear,1,2026,0.40196430198750316,2501,200,49
2024-01-01 16:00:00,16,0,0,0,T1,6,13,12,11,Rainy,1,1263,0.5747849749313292,1568,200,91
2024-01-01 17:00:00,17,0,0,1,T3,27,29,20,9,Clear,1,6260,0.5525994221022661,9731,200,34
2024-01-01 18:00:00,18,0,0,1,T1,15,26,23,15,Clear,1,4693,0.5912121004821842,5289,200,36
2024-01-01 19:00:00,19,0,0,1,T2,16,26,22,16,Clear,1,4154,0.4630427732267193,4823,200,36
2024-01-01 20:00:00,20,0,0,1,T2,19,29,19,15,Clear,1,5371,0.3067499618159038,6298,200,29
2024-01-01 21:00:00,21,0,0,0,T1,8,18,9,18,Clear,1,1174,0.5821454683144491,1614,175,45
2024-01-01 22:00:00,22,0,0,0,T2,12,12,8,17,Clear,1,1484,0.3810189514702405,2132,200,67
2024-01-01 23:00:00,23,0,0,0,T1,6,10,10,13,Clear,1,947,0.6229587269341332,1402,170,79
2024-01-02 00:00:00,0,1,0,0,T2,8,13,12,18,Rainy,1,1327,0.48385874475315094,1801,200,72
2024-01-02 01:00:00,1,1,0,0,T2,6,14,8,8,Foggy,1,1334,0.6533253213891466,1675,200,105
2024-01-02 02:00:00,2,1,0,0,T1,11,15,9,15,Clear,1,1871,0.4904840711344184,2170,200,64
2024-01-02 03:00:00,3,1,0,0,T2,9,11,13,8,Clear,1,1066,0.45535488555144843,1778,200,49
2024-01-02 04:00:00,4,1,0,0,T1,14,15,13,14,Clear,1,2564,0.3686783333446119,3227,200,70
2024-01-02 05:00:00,5,1,0,0,T2,7,19,13,13,Clear,1,924,0.417751778661758,1280,113,22
2024-01-02 06:00:00,6,1,0,1,T2,20,25,17,16,Clear,1,4986,0.35874744484890686,5741,200,36
2024-01-02 07:00:00,7,1,0,1,T3,19,24,24,16,Clear,1,3610,0.6170432546208997,4794,200,34
2024-01-02 08:00:00,8,1,0,1,T3,20,20,19,15,Clear,1,5282,0.4672771711976651,7277,200,25
2024-01-02 09:00:00,9,1,0,1,T3,27,34,19,9,Rainy,1,7706,0.6137867165467523,11926,200,32
2024-01-02 10:00:00,10,1,0,0,T2,14,10,13,19,Clear,1,1753,0.4794551442291557,2800,200,77
2024-01-02 11:00:00,11,1,0,0,T1,10,13,14,9,Clear,1,1621,0.5928545044519371,2167,200,41
2024-01-02 12:00:00,12,1,0,0,T2,14,10,10,19,Clear,1,1688,0.34680674822843816,2535,200,87
2024-01-02 13:00:00,13,1,0,0,T1,6,11,13,14,Clear,1,1271,0.44081260873544265,1571,154,44
2024-01-02 14:00:00,14,1,0,0,T1,10,10,13,12,Clear,1,1381,0.3878903454951603,1722,200,81
2024-01-02 15:00:00,15,1,0,0,T2,12,19,11,10,Clear,1,1932,0.6937601997224407,2686,200,55
2024-01-02 16:00:00,16,1,0,0,T1,13,17,9,11,Rainy,1,2591,0.45387330344982124,3385,200,41
2024-01-02 17:00:00,17,1,0,1,T2,24,31,17,14,Clear,1,6833,0.4449095965089804,7831,200,38
2024-01-02 18:00:00,18,1,0,1,T3,20,22,18,11,Clear,1,4135,0.5443498540785684,6667,200,32
2024-01-02 19:00:00,19,1,0,1,T2,19,34,19,13,Clear,1,4730,0.34050646811289587,5259,200,34
2024-01-02 20:00:00,20,1,0,1,T2,25,24,21,19,Clear,1,5144,0.556436682010903,6350,200,35
2024-01-02 21:00:00,21,1,0,0,T1,10,11,10,19,Rainy,1,1576,0.4605278743066104,2591,200,87
2024-01-02 22:00:00,22,1,0,0,T1,10,10,11,16,Clear,1,1889,0.31641609636494417,2198,200,90
2024-01-02 23:00:00,23,1,0,0,T2,10,10,13,12,Clear,1,1413,0.36476046034398496,1906,200,78
2024-01-03 00:00:00,0,2,0,0,T1,11,19,9,18,Foggy,1,2977,0.3181993223439939,3495,200,73
2024-01-03 01:00:00,1,2,0,0,T2,6,17,11,10,Rainy,1,1247,0.31391776189057335,1441,200,67
2024-01-03 02:00:00,2,2,0,0,T3,12,12,9,13,Clear,1,1951,0.4589776862142666,2400,200,62
2024-01-03 03:00:00,3,2,0,0,T1,7,11,10,18,Foggy,1,1343,0.4721692123001261,1568,200,85
2024-01-03 04:00:00,4,2,0,0,T1,6,11,8,19,Clear,1,987,0.6684196705633118,1399,200,92
2024-01-03 05:00:00,5,2,0,0,T2,6,13,11,12,Rainy,1,1216,0.5125582572186671,1503,200,70
2024-01-03 06:00:00,6,2,0,1,T1,22,31,17,14,Rainy,1,5688,0.5810552483554312,7714,200,23
2024-01-03 07:00:00,7,2,0,1,T3,27,25,23,19,Clear,1,5009,0.5435042080122847,8146,200,27
2024-01-03 08:00:00,8,2,0,1,T2,21,31,17,14,Rainy,1,7958,0.6468190425442445,9330,200,29
2024-01-03 09:00:00,9,2,0,1,T3,20,31,20,13,Clear,1,5441,0.47628243847230467,7194,200,24
2024-01-03 10:00:00,10,2,0,0,T2,7,11,13,9,Clear,1,1532,0.3367846210796646,1724,200,83
2024-01-03 11:00:00,11,2,0,0,T1,11,16,9,14,Clear,1,1544,0.49540820894526416,1904,200,50
2024-01-03 12:00:00,12,2,0,0,T2,9,18,9,17,Rainy,1,1763,0.5575210525643508,2252,200,40
2024-01-03 13:00:00,13,2,0,0,T2,13,11,10,16,Clear,1,2517,0.4670084837250288,3021,200,62
2024-01-03 14:00:00,14,2,0,0,T3,11,14,13,14,Foggy,1,2503,0.6039514921197873,3347,200,75
2024-01-03 15:00:00,15,2,0,0,T1,5,15,13,13,Foggy,1,1027,0.5669092666294901,1290,179,49
2024-01-03 16:00:00,16,2,0,0,T1,7,15,9,19,Clear,1,1215,0.5916446710066525,1490,180,69
2024-01-03 17:00:00,17,2,0,1,T1,22,26,24,15,Clear,1,5053,0.3440053391159559,6088,200,22
2024-01-03 18:00:00,18,2,0,1,T1,15,22,19,14,Clear,1,3751,0.4512512602138674,5434,200,38
2024-01-03 19:00:00,19,2,0,1,T1,23,28,19,14,Clear,1,6219,0.31294327951742745,8447,200,39
2024-01-03 20:00:00,20,2,0,1,T2,22,28,24,15,Foggy,1,6707,0.5671151007424585,9997,200,38
2024-01-03 21:00:00,21,2,0,0,T3,6,12,12,9,Clear,1,880,0.4386710374630559,1082,112,39
2024-01-03 22:00:00,22,2,0,0,T2,12,16,9,12,Clear,1,1496,0.4783317398273429,2170,200,53
2024-01-03 23:00:00,23,2,0,0,T2,13,12,13,11,Clear,1,1838,0.6105385533006638,2129,200,77
2024-01-04 00:00:00,0,3,0,0,T2,6,10,14,11,Clear,1,1332,0.5025871883353875,1495,200,83
2024-01-04 01:00:00,1,3,0,0,T2,7,11,14,11,Clear,1,896,0.5205242603332187,1195,174,60
2024-01-04 02:00:00,2,3,0,0,T2,5,18,10,8,Clear,1,917,0.3207668140482423,1177,144,48
2024-01-04 03:00:00,3,3,0,0,T2,5,17,14,8,Clear,1,772,0.3232744569260902,1009,93,16
2024-01-04 04:00:00,4,3,0,0,T2,12,17,13,12,Clear,1,2080,0.4351369983125535,2450,171,40
2024-01-04 05:00:00,5,3,0,0,T3,13,11,9,11,Foggy,1,2487,0.6493940917205845,3617,200,117
2024-01-04 06:00:00,6,3,0,1,T2,16,22,16,8,Clear,1,3808,0.6062992846773039,5190,200,39
2024-01-04 07:00:00,7,3,0,1,T3,22,22,18,8,Clear,1,4630,0.42806655275284977,6205,200,35
2024-01-04 08:00:00,8,3,0,1,T1,17,33,15,11,Rainy,1,4775,0.5356346415742902,6111,200,40
2024-01-04 09:00:00,9,3,0,1,T3,28,28,18,19,Clear,1,5587,0.5186233488327096,7949,200,27
2024-01-04 10:00:00,10,3,0,0,T2,10,12,9,17,Clear,1,1632,0.5063963115231053,1868,200,59
2024-01-04 11:00:00,11,3,0,0,T2,11,19,9,19,Clear,1,1787,0.42900922649231776,2495,200,36
2024-01-04 12:00:00,12,3,0,0,T3,6,17,12,12,Clear,1,775,0.48732385673739653,1127,128,28
2024-01-04 13:00:00,13,3,0,0,T3,10,17,12,18,Clear,1,1515,0.6610389780583927,1954,200,52
2024-01-04 14:00:00,14,3,0,0,T1,7,16,9,8,Clear,1,1007,0.6529880143714011,1346,175,41
2024-01-04 15:00:00,15,3,0,0,T3,11,16,11,8,Clear,1,1888,0.6356795314226761,2485,200,36
2024-01-04 16:00:00,16,3,0,0,T2,13,11,14,14,Clear,1,1818,0.5268387365340185,2532,200,48
2024-01-04 17:00:00,17,3,0,1,T2,29,31,22,12,Clear,1,6101,0.611134066406442,9180,200,28
2024-01-04 18:00:00,18,3,0,1,T2,25,21,16,17,Clear,1,6224,0.46747125427331826,7582,200,35
2024-01-04 19:00:00,19,3,0,1,T2,24,32,18,18,Clear,1,4455,0.5991710148257264,7057,200,28
2024-01-04 20:00:00,20,3,0,1,T1,27,23,16,17,Clear,1,6740,0.6395659305876675,8982,200,33
2024-01-04 21:00:00,21,3,0,0,T1,11,12,10,17,Rainy,1,2225,0.49617205428093303,2564,200,72
2024-01-04 22:00:00,22,3,0,0,T2,11,13,8,19,Clear,1,2359,0.664825583495845,2793,200,89
2024-01-04 23:00:00,23,3,0,0,T2,10,16,14,19,Rainy,1,1495,0.6462991329503961,2444,200,56
2024-01-05 00:00:00,0,4,0,0,T2,6,15,11,9,Clear,1,869,0.6149689962517422,1321,197,45
2024-01-05 01:00:00,1,4,0,0,T1,12,13,14,10,Clear,1,1970,0.5013226938266356,2946,200,46
2024-01-05 02:00:00,2,4,0,0,T3,12,12,8,8,Clear,1,2030,0.41878460117446126,2807,200,84
2024-01-05 03:00:00,3,4,0,0,T2,7,12,11,10,Clear,1,1070,0.5327513995339757,1400,176,72
2024-01-05 04:00:00,4,4,0,0,T1,10,17,14,19,Clear,1,1498,0.5515383015847821,1745,194,47
2024-01-05 05:00:00,5,4,0,0,T2,13,14,12,10,Clear,1,1784,0.6936052940489859,2765,200,61
2024-01-05 06:00:00,6,4,0,1,T3,17,27,24,16,Clear,1,4991,0.45287380795401866,6269,200,18
2024-01-05 07:00:00,7,4,0,1,T3,26,31,19,10,Clear,1,6916,0.44092208322170534,9474,200,32
2024-01-05 08:00:00,8,4,0,1,T1,17,24,22,12,Clear,1,3967,0.3512229420275007,5668,200,26
2024-01-05 09:00:00,9,4,0,1,T2,29,29,17,17,Rainy,1,5784,0.6424965858480775,9148,200,29
2024-01-05 10:00:00,10,4,0,0,T1,13,11,11,9,Clear,1,2352,0.6905948350461883,3167,200,58
2024-01-05 11:00:00,11,4,0,0,T1,5,18,13,10,Rainy,1,925,0.584824179183234,1315,163,41
2024-01-05 12:00:00,12,4,0,0,T2,9,18,10,12,Clear,1,1630,0.4074897818399234,2189,200,45
2024-01-05 13:00:00,13,4,0,0,T2,10,11,8,9,Rainy,1,2234,0.6722609369836702,2734,200,82
2024-01-05 14:00:00,14,4,0,0,T1,5,19,12,18,Clear,1,774,0.4918946302685708,1063,122,36
2024-01-05 15:00:00,15,4,0,0,T2,7,13,13,12,Clear,1,967,0.431162862481385,1203,139,44
2024-01-05 16:00:00,16,4,0,0,T2,14,16,13,19,Clear,1,2468,0.44843742076990556,2932,200,56
2024-01-05 17:00:00,17,4,0,1,T1,25,20,15,13,Clear,1,5673,0.47751860324497397,6567,200,31
2024-01-05 18:00:00,18,4,0,1,T1,21,23,24,17,Clear,1,6274,0.332548600961297,7674,200,21
2024-01-05 19:00:00,19,4,0,1,T1,22,32,20,14,Clear,1,3408,0.3363393292306878,5539,200,16
2024-01-05 20:00:00,20,4,0,1,T2,17,29,23,16,Clear,1,3405,0.6446000385644495,5196,200,40
2024-01-05 21:00:00,21,4,0,0,T1,9,19,9,8,Rainy,1,1666,0.5619761620604476,1855,192,60
2024-01-05 22:00:00,22,4,0,0,T2,11,13,11,17,Clear,1,1637,0.42902361403205064,1880,200,66
2024-01-05 23:00:00,23,4,0,0,T1,8,19,8,14,Clear,1,1156,0.4299103964271631,1624,193,47
2024-01-06 00:00:00,0,5,1,0,T1,13,11,11,10,Clear,1,2243,0.49911251178931204,3295,200,60
2024-01-06 01:00:00,1,5,1,0,T2,14,18,8,16,Clear,1,2247,0.3186544000121562,3583,200,42
2024-01-06 02:00:00,2,5,1,0,T3,8,11,10,18,Rainy,1,1507,0.6988772156937779,2303,200,99
2024-01-06 03:00:00,3,5,1,0,T3,9,19,14,18,Foggy,1,2251,0.6794850731022942,2610,200,70
2024-01-06 04:00:00,4,5,1,0,T1,12,14,14,17,Rainy,1,3556,0.5266963498938478,4125,200,70
2024-01-06 05:00:00,5,5,1,0,T1,5,19,9,13,Clear,1,735,0.5888028179434086,1202,124,42
2024-01-06 06:00:00,6,5,1,1,T1,28,25,22,16,Clear,1,7116,0.5336847555406264,10211,200,26
2024-01-06 07:00:00,7,5,1,1,T2,24,32,18,8,Clear,1,8607,0.6021087032830711,10607,200,34
2024-01-06 08:00:00,8,5,1,1,T1,26,28,20,15,Rainy,1,9637,0.3585632802851717,12136,200,45
2024-01-06 09:00:00,9,5,1,1,T3,17,32,22,11,Rainy,1,5933,0.48935123973869243,7086,200,22
2024-01-06 10:00:00,10,5,1,0,T1,6,13,8,18,Clear,1,1112,0.5675596680979879,1620,200,90
2024-01-06 11:00:00,11,5,1,0,T1,5,18,10,10,Clear,1,713,0.5461378787569864,1171,132,31
2024-01-06 12:00:00,12,5,1,0,T2,7,15,11,19,Rainy,1,2111,0.5717255431222252,2778,200,64
2024-01-06 13:00:00,13,5,1,0,T1,13,18,10,10,Rainy,1,3535,0.6470302040472685,4948,200,48
2024-01-06 14:00:00,14,5,1,0,T2,12,14,12,10,Foggy,1,3357,0.45932319963714546,4892,200,66
2024-01-06 15:00:00,15,5,1,0,T3,5,13,8,14,Clear,1,1310,0.47382465400377094,1463,167,68
2024-01-06 16:00:00,16,5,1,0,T1,5,15,13,16,Clear,1,1001,0.5717221937510351,1362,188,64
2024-01-06 17:00:00,17,5,1,1,T2,17,24,23,14,Clear,1,5408,0.6054972870126228,8118,200,40
2024-01-06 18:00:00,18,5,1,1,T1,25,27,23,13,Clear,1,7566,0.5727656268807054,11609,200,22
2024-01-06 19:00:00,19,5,1,1,T2,29,28,17,9,Rainy,1,11868,0.6859148020680049,13441,200,46
2024-01-06 20:00:00,20,5,1,1,T2,25,28,22,8,Clear,1,5145,0.5243440500587973,8348,200,31
2024-01-06 21:00:00,21,5,1,0,T2,13,13,10,8,Foggy,1,3823,0.6533584803943501,5132,200,59
2024-01-06 22:00:00,22,5,1,0,T2,11,19,13,12,Clear,1,2304,0.39621111990971386,2797,200,58
2024-01-06 23:00:00,23,5,1,0,T1,8,11,11,13,Clear,1,1461,0.41969839466208114,2302,200,61
2024-01-07 00:00:00,0,6,1,0,T2,6,12,8,9,Clear,1,1592,0.5974018509071398,1808,200,64
2024-01-07 01:00:00,1,6,1,0,T2,10,15,13,14,Clear,1,2414,0.6071922016588123,2825,200,47
2024-01-07 02:00:00,2,6,1,0,T1,11,12,10,14,Clear,1,2509,0.38584905888574217,2800,200,59
2024-01-07 03:00:00,3,6,1,0,T1,5,18,10,16,Clear,1,1126,0.348932151040361,1386,138,29
2024-01-07 04:00:00,4,6,1,0,T1,8,14,11,8,Clear,1,1558,0.5816321080108973,1947,200,63
2024-01-07 05:00:00,5,6,1,0,T2,7,14,14,11,Clear,1,1192,0.4793426005150332,1627,200,50
2024-01-07 06:00:00,6,6,1,1,T2,26,26,18,11,Clear,1,8337,0.5340017064757753,12458,200,32
2024-01-07 07:00:00,7,6,1,1,T1,20,34,22,13,Rainy,1,6274,0.4702601538006217,8927,200,28
2024-01-07 08:00:00,8,6,1,1,T2,18,29,15,19,Rainy,1,6857,0.560438504783331,9415,200,38
2024-01-07 09:00:00,9,6,1,1,T2,21,21,18,11,Clear,1,5799,0.41219030662892175,8900,200,43
2024-01-07 10:00:00,10,6,1,0,T1,13,15,10,15,Clear,1,2341,0.565770053533341,2964,200,72
2024-01-07 11:00:00,11,6,1,0,T2,5,15,12,13,Clear,1,963,0.54659924197454,1559,185,59
2024-01-07 12:00:00,12,6,1,0,T2,9,19,10,16,Clear,1,2271,0.5893880693250216,2826,200,30
2024-01-07 13:00:00,13,6,1,0,T1,10,13,9,13,Clear,1,1715,0.6973370789204476,2678,200,67
2024-01-07 14:00:00,14,6,1,0,T1,7,15,13,15,Rainy,1,1908,0.543853157128491,2222,200,48
2024-01-07 15:00:00,15,6,1,0,T1,5,15,14,13,Foggy,1,1299,0.35637793097700576,1817,200,58
2024-01-07 16:00:00,16,6,1,0,T1,12,18,11,8,Clear,1,2103,0.6364349347894952,2903,200,52
2024-01-07 17:00:00,17,6,1,1,T2,23,31,24,14,Rainy,1,7921,0.5917831210591777,9628,200,24
2024-01-07 18:00:00,18,6,1,1,T1,29,29,18,12,Rainy,1,8946,0.31763871142669314,11440,200,31
2024-01-07 19:00:00,19,6,1,1,T3,17,31,15,11,Rainy,1,7254,0.6377041866727169,9677,200,33
2024-01-07 20:00:00,20,6,1,1,T2,15,33,15,15,Clear,1,4036,0.5006912565523949,6153,200,20
2024-01-07 21:00:00,21,6,1,0,T2,14,18,12,18,Clear,1,2897,0.5378837598542833,3379,200,56
2024-01-07 22:00:00,22,6,1,0,T1,5,17,12,16,Clear,1,784,0.38397820014912976,1281,108,15
2024-01-07 23:00:00,23,6,1,0,T1,8,11,8,12,Rainy,1,2483,0.5406634890254313,3108,200,82
2024-01-08 00:00:00,0,0,0,0,T1,10,11,8,13,Foggy,1,1620,0.3956498947253487,2311,200,120
2024-01-08 01:00:00,1,0,0,0,T2,11,18,9,8,Rainy,1,1599,0.4971673062838292,2622,200,47
2024-01-08 02:00:00,2,0,0,0,T2,5,16,13,11,Clear,1,957,0.5898524523450492,1106,132,29
2024-01-08 03:00:00,3,0,0,0,T1,7,16,9,18,Clear,1,1146,0.6908551582566275,1357,178,53
2024-01-08 04:00:00,4,0,0,0,T1,9,10,11,10,Rainy,1,1873,0.4688822975075435,2417,200,68
2024-01-08 05:00:00,5,0,0,0,T2,8,13,14,8,Clear,1,1131,0.4335683720801808,1829,200,56
2024-01-08 06:00:00,6,0,0,1,T3,15,30,23,12,Clear,1,3698,0.6724912683958049,4285,200,28
2024-01-08 07:00:00,7,0,0,1,T2,27,22,24,10,Rainy,1,6411,0.3122654136966668,10392,200,27
2024-01-08 08:00:00,8,0,0,1,T2,15,28,22,13,Rainy,1,4066,0.6270339773543345,5343,200,38
2024-01-08 09:00:00,9,0,0,1,T1,24,28,17,18,Clear,1,5490,0.5557919843853509,8382,200,35
2024-01-08 10:00:00,10,0,0,0,T1,8,13,9,10,Rainy,1,1540,0.4005289031275103,1744,200,55
2024-01-08 11:00:00,11,0,0,0,T1,8,19,9,8,Clear,1,1157,0.47054613203006573,1501,173,27
2024-01-08 12:00:00,12,0,0,0,T3,11,15,13,17,Clear,1,1261,0.4623622620249541,2089,200,63
2024-01-08 13:00:00,13,0,0,0,T1,13,19,10,11,Clear,1,1876,0.5234403543775039,2867,200,57
2024-01-08 14:00:00,14,0,0,0,T1,13,16,13,12,Clear,1,2132,0.5323363106568137,3250,200,43
2024-01-08 15:00:00,15,0,0,0,T3,12,14,8,9,Clear,1,1732,0.5283724314561895,2585,200,46
2024-01-08 16:00:00,16,0,0,0,T3,6,19,9,15,Rainy,1,1435,0.6562544779115513,1724,200,67
2024-01-08 17:00:00,17,0,0,1,T3,21,34,22,16,Rainy,1,6643,0.3845914403542511,8454,200,31
2024-01-08 18:00:00,18,0,0,1,T1,23,24,21,17,Clear,1,6038,0.5356999000718407,8105,200,27
2024-01-08 19:00:00,19,0,0,1,T3,18,33,16,18,Foggy,1,4669,0.33866550461980344,5966,200,37
2024-01-08 20:00:00,20,0,0,1,T2,28,34,21,10,Clear,1,5921,0.5890756911947324,7132,200,10
2024-01-08 21:00:00,21,0,0,0,T3,14,18,11,8,Foggy,1,2367,0.6122407870889224,3311,200,71
2024-01-08 22:00:00,22,0,0,0,T2,7,10,13,18,Clear,1,1299,0.5606865750327865,1469,166,72
2024-01-08 23:00:00,23,0,0,0,T2,13,18,8,18,Clear,1,1619,0.5229338673503494,2512,200,44
2024-01-09 00:00:00,0,1,0,0,T3,6,13,11,17,Clear,1,1071,0.471706322953795,1231,183,67
2024-01-09 01:00:00,1,1,0,0,T3,12,17,10,19,Rainy,1,2256,0.5830330052280766,3350,200,45
2024-01-09 02:00:00,2,1,0,0,T2,5,12,9,18,Clear,1,1009,0.5970584980156561,1153,200,78
2024-01-09 03:00:00,3,1,0,0,T1,11,12,11,16,Rainy,1,2248,0.5770569295001844,3211,200,82
2024-01-09 04:00:00,4,1,0,0,T2,7,19,14,11,Clear,1,971,0.5301517040421839,1401,151,37
2024-01-09 05:00:00,5,1,0,0,T1,14,17,12,8,Clear,1,2827,0.5492175208576251,3442,200,59
2024-01-09 06:00:00,6,1,0,1,T3,19,28,18,12,Clear,1,4288,0.35737353431926183,5910,200,32
2024-01-09 07:00:00,7,1,0,1,T1,25,22,23,17,Rainy,1,6678,0.6627078790309575,7885,200,31
2024-01-09 08:00:00,8,1,0,1,T1,21,23,22,12,Rainy,1,7636,0.40214188192397965,8682,200,35
2024-01-09 09:00:00,9,1,0,1,T3,29,21,20,11,Clear,1,6291,0.4222838300106224,7556,200,43
2024-01-09 10:00:00,10,1,0,0,T2,9,18,10,16,Foggy,1,2305,0.434913750570467,2627,200,62
2024-01-09 11:00:00,11,1,0,0,T2,5,18,11,14,Clear,1,828,0.6768995494978556,1038,139,44
2024-01-09 12:00:00,12,1,0,0,T3,13,10,12,9,Foggy,1,2498,0.6805205317702212,2991,200,95
2024-01-09 13:00:00,13,1,0,0,T1,13,13,14,13,Rainy,1,2983,0.6261632400130955,3694,200,50
2024-01-09 14:00:00,14,1,0,0,T1,12,14,14,10,Clear,1,2160,0.55427913917135,2557,200,44
2024-01-09 15:00:00,15,1,0,0,T2,8,14,9,16,Clear,1,1093,0.32502192391544904,1813,200,42
2024-01-09 16:00:00,16,1,0,0,T3,12,11,14,19,Clear,1,1377,0.6715467564605064,2267,200,68
2024-01-09 17:00:00,17,1,0,1,T2,28,32,20,17,Rainy,1,7418,0.6761381898178714,11500,200,36
2024-01-09 18:00:00,18,1,0,1,T1,16,30,18,17,Clear,1,3344,0.36409691207048867,5028,200,32
2024-01-09 19:00:00,19,1,0,1,T1,24,20,19,11,Clear,1,6820,0.3619708136536701,7909,200,50
2024-01-09 20:00:00,20,1,0,1,T3,17,21,16,16,Clear,1,3945,0.488904160401044,5915,200,29
2024-01-09 21:00:00,21,1,0,0,T1,6,13,13,10,Clear,1,1062,0.5650485816360374,1234,188,52
2024-01-09 22:00:00,22,1,0,0,T1,7,19,13,10,Clear,1,1087,0.5384401348869301,1414,164,29
2024-01-09 23:00:00,23,1,0,0,T2,14,13,8,13,Clear,1,2041,0.6461133840906254,2418,200,88
2024-01-10 00:00:00,0,2,0,0,T2,8,18,9,8,Foggy,1,2102,0.6992129100878361,2482,200,59
2024-01-10 01:00:00,1,2,0,0,T3,12,10,14,13,Clear,1,1664,0.6999017841737323,2697,200,52
2024-01-10 02:00:00,2,2,0,0,T3,14,16,9,10,Clear,1,2828,0.4365769379493552,3609,200,68
2024-01-10 03:00:00,3,2,0,0,T2,7,15,9,10,Rainy,1,1477,0.6466318332425851,1676,169,42
2024-01-10 04:00:00,4,2,0,0,T2,8,19,13,16,Clear,1,1308,0.4268810212660737,1623,185,29
2024-01-10 05:00:00,5,2,0,0,T2,9,19,12,11,Clear,1,1757,0.39095228943037535,2301,172,39
2024-01-10 06:00:00,6,2,0,1,T3,21,33,15,17,Clear,1,3582,0.3512355755049482,5804,200,23
2024-01-10 07:00:00,7,2,0,1,T1,15,32,19,10,Foggy,1,4756,0.3836021293616701,5901,200,40
2024-01-10 08:00:00,8,2,0,1,T3,17,22,15,16,Clear,1,3021,0.40685583871087827,4438,200,36
2024-01-10 09:00:00,9,2,0,1,T2,15,31,21,17,Rainy,1,4609,0.42546478335443016,6427,200,41
2024-01-10 10:00:00,10,2,0,0,T2,14,19,9,19,Rainy,1,3249,0.46598112285095905,3975,200,45
2024-01-10 11:00:00,11,2,0,0,T2,14,10,11,17,Clear,1,1806,0.3210935934156328,2570,200,56
2024-01-10 12:00:00,12,2,0,0,T3,7,12,11,18,Rainy,1,1115,0.3439894403191512,1802,200,68
2024-01-10 13:00:00,13,2,0,0,T1,8,10,12,12,Clear,1,1390,0.6185326288295125,1699,200,55
2024-01-10 14:00:00,14,2,0,0,T1,6,18,8,10,Clear,1,786,0.457247757241491,1200,182,38
2024-01-10 15:00:00,15,2,0,0,T1,5,16,8,19,Clear,1,765,0.6440802949804083,1119,128,31
2024-01-10 16:00:00,16,2,0,0,T1,9,16,11,8,Clear,1,1342,0.48463226476929655,1871,200,60
2024-01-10 17:00:00,17,2,0,1,T1,19,23,15,14,Clear,1,3868,0.3805960583985202,5427,200,36
2024-01-10 18:00:00,18,2,0,1,T1,28,31,22,15,Clear,1,6447,0.3620094299584955,10109,200,34
2024-01-10 19:00:00,19,2,0,1,T1,23,24,16,18,Clear,1,6026,0.5058371083410462,8606,200,24
2024-01-10 20:00:00,20,2,0,1,T1,19,33,20,10,Clear,1,3722,0.47112092994957067,5479,200,31
2024-01-10 21:00:00,21,2,0,0,T1,8,18,8,18,Rainy,1,1140,0.6201987890830751,1821,200,53
2024-01-10 22:00:00,22,2,0,0,T3,13,17,8,12,Clear,1,1630,0.6749716928755715,2418,200,38
2024-01-10 23:00:00,23,2,0,0,T2,8,17,9,17,Clear,1,1172,0.47892446248598075,1571,169,43
2024-01-11 00:00:00,0,3,0,0,T1,10,12,11,8,Foggy,1,1806,0.40422338138054736,2270,200,70
2024-01-11 01:00:00,1,3,0,0,T1,6,10,14,15,Clear,1,1161,0.6479498587033821,1320,119,47
2024-01-11 02:00:00,2,3,0,0,T2,8,15,8,11,Clear,1,1073,0.6991681478563547,1706,161,59
2024-01-11 03:00:00,3,3,0,0,T2,14,18,12,16,Clear,1,2184,0.525957891557807,3268,200,62
2024-01-11 04:00:00,4,3,0,0,T2,13,15,8,13,Clear,1,2159,0.5209835396537044,2471,200,74
2024-01-11 05:00:00,5,3,0,0,T1,9,17,12,19,Clear,1,1555,0.3051112586535455,1870,177,47
2024-01-11 06:00:00,6,3,0,1,T2,26,27,17,18,Clear,1,7097,0.6478533068876593,8300,200,40
2024-01-11 07:00:00,7,3,0,1,T2,29,34,22,16,Rainy,1,7732,0.33721263402376006,10843,200,16
2024-01-11 08:00:00,8,3,0,1,T2,23,21,18,9,Clear,1,5599,0.621805481124547,8489,200,47
2024-01-11 09:00:00,9,3,0,1,T3,22,28,15,13,Rainy,1,4989,0.46535996054603235,6724,200,26
2024-01-11 10:00:00,10,3,0,0,T1,5,15,8,17,Clear,1,769,0.4861522501207919,954,109,32
2024-01-11 11:00:00,11,3,0,0,T1,14,16,14,9,Clear,1,2286,0.5561612552993469,2762,200,43
2024-01-11 12:00:00,12,3,0,0,T1,14,13,8,11,Clear,1,2684,0.41674333300130767,3091,200,57
2024-01-11 13:00:00,13,3,0,0,T1,6,11,8,11,Rainy,1,1216,0.5622577659966899,1686,200,102
2024-01-11 14:00:00,14,3,0,0,T3,14,14,11,8,Clear,1,1703,0.5028827736440453,2778,200,63
2024-01-11 15:00:00,15,3,0,0,T3,9,18,12,19,Clear,1,1831,0.6001288717306934,2092,160,59
2024-01-11 16:00:00,16,3,0,0,T3,12,12,8,11,Clear,1,1994,0.4556932300135512,2969,200,78
2024-01-11 17:00:00,17,3,0,1,T3,26,31,22,17,Clear,1,5721,0.6319382814711256,8222,200,32
2024-01-11 18:00:00,18,3,0,1,T2,17,30,20,17,Clear,1,3160,0.3577939607653439,4514,200,29
2024-01-11 19:00:00,19,3,0,1,T2,27,28,19,13,Foggy,1,10067,0.45949901732203813,11416,200,30
2024-01-11 20:00:00,20,3,0,1,T3,17,28,16,18,Clear,1,3988,0.48069230314268596,4563,200,25
2024-01-11 21:00:00,21,3,0,0,T1,8,19,8,14,Foggy,1,1194,0.4687099581982495,1915,198,68
2024-01-11 22:00:00,22,3,0,0,T2,10,12,9,11,Clear,1,1461,0.5911649432644392,2116,200,48
2024-01-11 23:00:00,23,3,0,0,T1,6,17,9,17,Rainy,1,1585,0.4736235109568939,1837,200,66
2024-01-12 00:00:00,0,4,0,0,T3,11,17,13,15,Clear,1,1810,0.6870081280531406,2451,200,37
2024-01-12 01:00:00,1,4,0,0,T2,6,19,12,14,Clear,1,794,0.4157177444834772,1035,106,13
2024-01-12 02:00:00,2,4,0,0,T3,12,19,8,14,Clear,1,2194,0.6792348785320838,2507,196,62
2024-01-12 03:00:00,3,4,0,0,T3,14,13,14,16,Clear,1,2559,0.5777336361864459,3165,200,55
2024-01-12 04:00:00,4,4,0,0,T1,13,18,10,19,Rainy,1,1933,0.5613749808675084,3018,200,75
2024-01-12 05:00:00,5,4,0,0,T1,6,13,10,16,Clear,1,887,0.38206272585024365,1265,111,33
2024-01-12 06:00:00,6,4,0,1,T3,18,30,18,9,Clear,1,4394,0.6898707160478117,5083,200,25
2024-01-12 07:00:00,7,4,0,1,T3,29,26,19,8,Clear,1,4964,0.6827302239697617,8032,200,31
2024-01-12 08:00:00,8,4,0,1,T3,19,20,19,17,Clear,1,4813,0.5096056883107118,6423,200,23
2024-01-12 09:00:00,9,4,0,1,T3,21,21,21,11,Rainy,1,5007,0.5348015022648471,6777,200,51
2024-01-12 10:00:00,10,4,0,0,T2,11,10,10,18,Rainy,1,2018,0.4213101907567818,2309,200,111
2024-01-12 11:00:00,11,4,0,0,T1,10,12,14,16,Clear,1,1642,0.311670588105756,2165,200,61
2024-01-12 12:00:00,12,4,0,0,T2,12,12,10,15,Clear,1,2373,0.37695480652138097,2874,200,74
2024-01-12 13:00:00,13,4,0,0,T3,8,14,10,11,Clear,1,1289,0.38394055135744654,1793,168,50
2024-01-12 14:00:00,14,4,0,0,T3,13,14,14,17,Clear,1,2695,0.44823120879247835,3038,200,64
2024-01-12 15:00:00,15,4,0,0,T1,7,14,10,14,Clear,1,1207,0.30129155406090047,1538,200,45
2024-01-12 16:00:00,16,4,0,0,T3,6,12,12,11,Clear,1,688,0.4654506801103566,1051,182,48
2024-01-12 17:00:00,17,4,0,1,T1,16,25,15,12,Rainy,1,4526,0.6553507772232949,7088,200,46
2024-01-12 18:00:00,18,4,0,1,T2,25,28,16,14,Rainy,1,6847,0.33430490526702156,8813,200,26
2024-01-12 19:00:00,19,4,0,1,T1,16,26,17,17,Clear,1,3221,0.5837791614095582,4684,200,38
2024-01-12 20:00:00,20,4,0,1,T2,15,24,16,16,Clear,1,3426,0.3138694407123069,4389,200,29
2024-01-12 21:00:00,21,4,0,0,T1,7,18,14,11,Clear,1,1073,0.3310185615636666,1569,108,20
2024-01-12 22:00:00,22,4,0,0,T2,13,16,8,17,Clear,1,2330,0.6486045046526216,3114,200,45
2024-01-12 23:00:00,23,4,0,0,T3,7,19,13,17,Clear,1,1076,0.4681792014127081,1530,169,30
2024-01-13 00:00:00,0,5,1,0,T2,9,16,13,16,Clear,1,2008,0.3301182844215601,2426,200,51
2024-01-13 01:00:00,1,5,1,0,T2,14,13,8,13,Rainy,1,3053,0.6335926315864642,4840,200,81
2024-01-13 02:00:00,2,5,1,0,T3,9,11,14,16,Clear,1,1979,0.43726666069460124,2816,200,59
2024-01-13 03:00:00,3,5,1,0,T2,8,18,14,19,Rainy,1,1684,0.3954580046119826,2496,200,67
2024-01-13 04:00:00,4,5,1,0,T2,14,19,10,14,Clear,1,2824,0.37515606795215856,3911,200,49
2024-01-13 05:00:00,5,5,1,0,T2,11,16,14,18,Clear,1,3084,0.36992918819814524,3466,200,47
2024-01-13 06:00:00,6,5,1,1,T1,20,31,23,16,Clear,1,7050,0.6927846061272657,8142,200,31
2024-01-13 07:00:00,7,5,1,1,T3,20,23,15,13,Clear,1,5427,0.4262713483683809,7907,200,40
2024-01-13 08:00:00,8,5,1,1,T1,28,23,15,11,Clear,1,7838,0.5673927164301746,9612,200,46
2024-01-13 09:00:00,9,5,1,1,T1,17,33,22,9,Foggy,1,8013,0.6259779293291997,9501,200,49
2024-01-13 10:00:00,10,5,1,0,T2,10,15,9,8,Clear,1,2661,0.6936113658523855,3126,200,75
2024-01-13 11:00:00,11,5,1,0,T1,6,17,11,14,Clear,1,1270,0.3825069544276449,1616,171,42
2024-01-13 12:00:00,12,5,1,0,T3,6,12,11,14,Clear,1,1673,0.3061459682221804,1889,200,42
2024-01-13 13:00:00,13,5,1,0,T1,7,11,9,13,Clear,1,1366,0.3629722360727056,1755,200,92
2024-01-13 14:00:00,14,5,1,0,T1,12,10,10,18,Clear,1,2486,0.3074702459014962,3534,200,59
2024-01-13 15:00:00,15,5,1,0,T2,6,12,11,17,Foggy,1,1741,0.3827682166826545,2333,200,101
2024-01-13 16:00:00,16,5,1,0,T2,14,11,10,19,Rainy,1,3761,0.6131297232186739,5605,200,71
2024-01-13 17:00:00,17,5,1,1,T1,17,30,16,12,Clear,1,6019,0.36000103714387677,7846,200,33
2024-01-13 18:00:00,18,5,1,1,T2,19,30,21,17,Clear,1,6314,0.49101446004817717,9014,200,19
2024-01-13 19:00:00,19,5,1,1,T1,25,29,22,15,Clear,1,8102,0.4666982365094502,9917,200,29
2024-01-13 20:00:00,20,5,1,1,T1,28,32,21,15,Rainy,1,13119,0.46091843971077084,15630,200,32
2024-01-13 21:00:00,21,5,1,0,T2,6,19,11,14,Rainy,1,1352,0.5857660987998798,1690,170,50
2024-01-13 22:00:00,22,5,1,0,T2,10,16,13,16,Rainy,1,3074,0.32721221118540894,3675,200,63
2024-01-13 23:00:00,23,5,1,0,T1,14,14,10,18,Clear,1,3229,0.39038813216165985,4003,200,63
2024-01-14 00:00:00,0,6,1,0,T3,14,18,10,19,Clear,1,1959,0.3434506370501605,3123,200,42
2024-01-14 01:00:00,1,6,1,0,T2,5,18,9,16,Clear,1,1077,0.49122147139406847,1262,133,19
2024-01-14 02:00:00,2,6,1,0,T1,9,17,12,13,Clear,1,1411,0.4181777062294055,2159,200,47
2024-01-14 03:00:00,3,6,1,0,T3,11,19,13,9,Clear,1,1671,0.49467925515297906,2473,200,39
2024-01-14 04:00:00,4,6,1,0,T2,7,15,9,17,Foggy,1,1337,0.38335176423546147,2127,200,76
2024-01-14 05:00:00,5,6,1,0,T2,14,18,11,16,Clear,1,3765,0.5399383868549885,4386,200,38
2024-01-14 06:00:00,6,6,1,1,T1,18,21,16,12,Clear,1,4253,0.3278260023547604,5912,200,41
2024-01-14 07:00:00,7,6,1,1,T3,28,31,16,16,Rainy,1,12099,0.49124972673087763,15175,200,37
2024-01-14 08:00:00,8,6,1,1,T1,15,21,21,19,Clear,1,4418,0.5975272622307743,6187,200,41
2024-01-14 09:00:00,9,6,1,1,T1,20,27,21,14,Rainy,1,6087,0.4384845309437977,9234,200,23
2024-01-14 10:00:00,10,6,1,0,T2,13,13,9,19,Rainy,1,3121,0.36854856672316055,4323,200,65
2024-01-14 11:00:00,11,6,1,0,T3,13,14,8,15,Clear,1,2194,0.3436978808951179,2904,200,51
2024-01-14 12:00:00,12,6,1,0,T1,9,11,13,17,Clear,1,1908,0.5691058131998128,2399,200,86
2024-01-14 13:00:00,13,6,1,0,T2,13,12,12,9,Clear,1,3140,0.6027681451009218,3734,200,62
2024-01-14 14:00:00,14,6,1,0,T3,8,15,13,9,Clear,1,1515,0.3436959301087171,2366,200,62
2024-01-14 15:00:00,15,6,1,0,T1,11,11,12,19,Clear,1,1624,0.5912860237642524,2576,200,77
2024-01-14 16:00:00,16,6,1,0,T1,10,12,12,13,Clear,1,1552,0.4121024350024137,2410,200,80
2024-01-14 17:00:00,17,6,1,1,T2,19,34,15,10,Rainy,1,7383,0.6994660016944498,8648,200,37
2024-01-14 18:00:00,18,6,1,1,T2,21,24,24,18,Foggy,1,8468,0.3201830847733881,11288,200,34
2024-01-14 19:00:00,19,6,1,1,T2,16,23,20,13,Clear,1,5319,0.3015678347441043,6435,200,33
2024-01-14 20:00:00,20,6,1,1,T3,27,27,17,18,Rainy,1,9181,0.5870438979531909,13067,200,52
2024-01-14 21:00:00,21,6,1,0,T1,14,19,11,19,Clear,1,2026,0.5899327426829662,3248,200,49
2024-01-14 22:00:00,22,6,1,0,T2,12,19,8,18,Clear,1,1868,0.6160178377215135,3087,200,62
2024-01-14 23:00:00,23,6,1,0,T3,5,17,8,10,Foggy,1,950,0.3409341493349819,1421,200,88
2024-01-15 00:00:00,0,0,0,0,T1,9,10,11,17,Clear,1,1538,0.6615776639080158,2235,200,95
2024-01-15 01:00:00,1,0,0,0,T2,9,17,11,14,Clear,1,1701,0.47768163420215803,2023,200,43
2024-01-15 02:00:00,2,0,0,0,T1,7,10,11,13,Clear,1,991,0.3300569981329708,1187,166,48
2024-01-15 03:00:00,3,0,0,0,T3,9,16,13,16,Clear,1,1161,0.5607415601317902,1911,200,45
2024-01-15 04:00:00,4,0,0,0,T2,6,13,11,17,Clear,1,996,0.3966590654882424,1190,126,51
2024-01-15 05:00:00,5,0,0,0,T1,5,10,9,15,Clear,1,900,0.33845650260431986,1197,178,90
2024-01-15 06:00:00,6,0,0,1,T2,23,34,22,13,Rainy,1,6045,0.6232200476003181,8191,200,29
2024-01-15 07:00:00,7,0,0,1,T2,27,27,23,10,Clear,1,8043,0.5875459721702619,9021,200,27
2024-01-15 08:00:00,8,0,0,1,T3,16,25,15,14,Clear,1,3695,0.6535026401578203,4791,200,42
2024-01-15 09:00:00,9,0,0,1,T3,29,28,16,13,Foggy,1,6899,0.6789637264182797,9928,200,32
2024-01-15 10:00:00,10,0,0,0,T2,11,19,9,15,Clear,1,2060,0.5781683039633183,2837,200,32
2024-01-15 11:00:00,11,0,0,0,T2,13,12,11,8,Clear,1,2218,0.3777782706595289,2712,200,48
2024-01-15 12:00:00,12,0,0,0,T3,12,18,12,8,Clear,1,1432,0.6117677976833393,2140,200,51
2024-01-15 13:00:00,13,0,0,0,T2,5,10,10,11,Clear,1,1050,0.5435566187394014,1223,200,76
2024-01-15 14:00:00,14,0,0,0,T2,10,15,8,11,Clear,1,2092,0.3853559482990892,2376,200,72
2024-01-15 15:00:00,15,0,0,0,T1,11,15,10,12,Clear,1,2048,0.4267360778568822,2289,200,73
2024-01-15 16:00:00,16,0,0,0,T2,12,18,12,13,Rainy,1,1750,0.33996430589020543,2631,200,68
2024-01-15 17:00:00,17,0,0,1,T3,22,26,16,17,Clear,1,6748,0.4151750334353903,7533,200,40
2024-01-15 18:00:00,18,0,0,1,T2,27,28,24,13,Clear,1,6393,0.6547032335175574,7694,200,19
2024-01-15 19:00:00,19,0,0,1,T2,20,33,15,16,Foggy,1,5873,0.5217936042056045,6839,200,37
2024-01-15 20:00:00,20,0,0,1,T1,17,27,20,9,Clear,1,4321,0.4750517183264391,4829,200,30
2024-01-15 21:00:00,21,0,0,0,T1,11,14,13,13,Clear,1,1331,0.6153911386857129,2110,200,43
2024-01-15 22:00:00,22,0,0,0,T1,14,15,12,13,Rainy,1,3106,0.48315100366670694,4068,200,38
2024-01-15 23:00:00,23,0,0,0,T2,7,19,9,8,Clear,1,1155,0.4301422467501022,1344,107,33
2024-01-16 00:00:00,0,1,0,0,T1,5,11,9,13,Clear,1,892,0.5540642591383974,1061,181,64
2024-01-16 01:00:00,1,1,0,0,T1,5,14,8,8,Clear,1,685,0.6525759229634459,1112,138,44
2024-01-16 02:00:00,2,1,0,0,T2,9,13,12,11,Clear,1,1318,0.6241583416104621,1946,200,69
2024-01-16 03:00:00,3,1,0,0,T1,9,10,11,10,Rainy,1,2465,0.40642597844945993,2774,200,104
2024-01-16 04:00:00,4,1,0,0,T2,7,18,10,10,Clear,1,937,0.6225704799904008,1553,136,41
2024-01-16 05:00:00,5,1,0,0,T2,14,16,10,13,Clear,1,1698,0.42475701056086834,2703,200,60
2024-01-16 06:00:00,6,1,0,1,T3,18,25,24,15,Clear,1,5715,0.42016162130072604,6504,200,25
2024-01-16 07:00:00,7,1,0,1,T1,18,27,15,13,Clear,1,4932,0.662651987445177,6755,200,26
2024-01-16 08:00:00,8,1,0,1,T1,23,32,16,17,Clear,1,4199,0.32465605531281005,6757,200,30
2024-01-16 09:00:00,9,1,0,1,T3,19,22,21,11,Clear,1,3273,0.64446084863907,5377,200,45
2024-01-16 10:00:00,10,1,0,0,T2,9,19,13,10,Rainy,1,1957,0.6929101060723855,2318,200,52
2024-01-16 11:00:00,11,1,0,0,T1,10,10,14,18,Clear,1,1348,0.6840051643037566,2208,200,44
2024-01-16 12:00:00,12,1,0,0,T2,13,11,8,8,Clear,1,2176,0.3758620552167078,2935,200,72
2024-01-16 13:00:00,13,1,0,0,T1,12,14,10,8,Clear,1,2379,0.4538830586021851,2755,200,70
2024-01-16 14:00:00,14,1,0,0,T1,12,13,12,9,Clear,1,1578,0.3631089681782387,2093,200,74
2024-01-16 15:00:00,15,1,0,0,T2,10,10,9,9,Clear,1,1750,0.6428109605346767,2366,200,91
2024-01-16 16:00:00,16,1,0,0,T3,14,11,13,18,Clear,1,1683,0.536095900003642,2521,200,65
2024-01-16 17:00:00,17,1,0,1,T1,23,23,22,12,Rainy,1,5173,0.6364510432421373,7108,200,42
2024-01-16 18:00:00,18,1,0,1,T3,18,33,15,19,Rainy,1,4850,0.31484756942657455,6588,200,32
2024-01-16 19:00:00,19,1,0,1,T1,20,29,22,16,Clear,1,4171,0.46821711210292727,6798,200,37
2024-01-16 20:00:00,20,1,0,1,T2,16,20,21,15,Foggy,1,4779,0.40058575221849013,5551,200,44
2024-01-16 21:00:00,21,1,0,0,T1,9,13,11,18,Rainy,1,2020,0.3359618039820468,2285,200,81
2024-01-16 22:00:00,22,1,0,0,T1,14,18,8,9,Rainy,1,2794,0.33945197381383807,3950,200,58
2024-01-16 23:00:00,23,1,0,0,T3,6,18,10,13,Clear,1,885,0.5663108277400728,1083,156,49
2024-01-17 00:00:00,0,2,0,0,T3,14,12,12,13,Clear,1,3022,0.38085904818223165,3402,200,75
2024-01-17 01:00:00,1,2,0,0,T3,7,18,13,9,Foggy,1,1782,0.4814316253134796,2307,200,51
2024-01-17 02:00:00,2,2,0,0,T3,9,18,13,14,Clear,1,1467,0.5332461902863866,1674,156,34
2024-01-17 03:00:00,3,2,0,0,T1,13,15,8,19,Rainy,1,2105,0.35439580788290564,2932,200,72
2024-01-17 04:00:00,4,2,0,0,T3,6,16,11,18,Clear,1,1043,0.5032481709530316,1292,146,31
2024-01-17 05:00:00,5,2,0,0,T2,6,12,10,8,Foggy,1,947,0.5699476417372247,1390,200,111
2024-01-17 06:00:00,6,2,0,1,T3,27,27,19,17,Clear,1,6081,0.4227487491115289,9975,200,37
2024-01-17 07:00:00,7,2,0,1,T1,27,25,17,18,Clear,1,6464,0.47870536433051636,7953,200,40
2024-01-17 08:00:00,8,2,0,1,T1,23,34,20,11,Clear,1,5774,0.6852496777682355,6600,200,25
2024-01-17 09:00:00,9,2,0,1,T3,17,21,15,10,Rainy,1,5973,0.30982095396260484,7115,200,50
2024-01-17 10:00:00,10,2,0,0,T3,12,13,11,10,Clear,1,1892,0.3339847494517253,2653,200,77
2024-01-17 11:00:00,11,2,0,0,T2,9,17,14,16,Clear,1,1328,0.3290250605760359,1630,192,50
2024-01-17 12:00:00,12,2,0,0,T1,13,19,12,15,Clear,1,1979,0.6408678648269119,2604,200,49
2024-01-17 13:00:00,13,2,0,0,T1,8,19,12,8,Foggy,1,1765,0.6040976151100921,2216,200,50
2024-01-17 14:00:00,14,2,0,0,T1,8,11,11,18,Clear,1,944,0.31272294004607193,1417,200,81
2024-01-17 15:00:00,15,2,0,0,T3,5,13,9,8,Rainy,1,1043,0.30421513856845406,1164,200,100
2024-01-17 16:00:00,16,2,0,0,T2,10,18,10,19,Clear,1,1064,0.34678875471698056,1621,165,40
2024-01-17 17:00:00,17,2,0,1,T3,16,32,15,14,Clear,1,3270,0.3095571366709871,5079,200,32
2024-01-17 18:00:00,18,2,0,1,T1,24,27,19,11,Foggy,1,7886,0.628057825074877,8951,200,53
2024-01-17 19:00:00,19,2,0,1,T1,24,22,23,11,Rainy,1,7501,0.4588562231088932,9144,200,40
2024-01-17 20:00:00,20,2,0,1,T2,18,30,22,10,Foggy,1,5919,0.6137736189372883,8406,200,35
2024-01-17 21:00:00,21,2,0,0,T1,6,12,13,10,Clear,1,1136,0.6369640182674674,1477,200,69
2024-01-17 22:00:00,22,2,0,0,T2,13,18,12,13,Rainy,1,3101,0.6637889707476221,3786,200,44
2024-01-17 23:00:00,23,2,0,0,T3,7,11,13,10,Clear,1,949,0.5905799990792231,1309,119,29
2024-01-18 00:00:00,0,3,0,0,T2,9,19,14,16,Rainy,1,1507,0.46873104377125596,2424,200,35
2024-01-18 01:00:00,1,3,0,0,T2,6,19,14,11,Clear,1,832,0.3463033416463528,1228,102,16
2024-01-18 02:00:00,2,3,0,0,T1,8,10,13,13,Clear,1,1628,0.6765155888390852,1921,200,91
2024-01-18 03:00:00,3,3,0,0,T1,12,11,14,8,Rainy,1,2547,0.5096460881636469,3352,200,95
2024-01-18 04:00:00,4,3,0,0,T2,8,11,14,16,Clear,1,1403,0.37144444054865716,1930,146,58
2024-01-18 05:00:00,5,3,0,0,T2,7,14,14,19,Rainy,1,1208,0.6221793702123943,1641,200,64
2024-01-18 06:00:00,6,3,0,1,T3,21,20,20,10,Rainy,1,5822,0.6531812013011078,8158,200,36
2024-01-18 07:00:00,7,3,0,1,T1,15,26,20,14,Clear,1,2765,0.45779757741196336,4402,200,44
2024-01-18 08:00:00,8,3,0,1,T3,25,32,15,19,Clear,1,5561,0.6476902222505048,7449,200,19
2024-01-18 09:00:00,9,3,0,1,T2,20,24,15,9,Clear,1,4478,0.6718251033071097,5458,200,34
2024-01-18 10:00:00,10,3,0,0,T3,10,14,11,9,Foggy,1,1807,0.5317516801391362,2138,200,98
2024-01-18 11:00:00,11,3,0,0,T2,11,15,11,11,Clear,1,1554,0.454436501246278,2057,200,47
2024-01-18 12:00:00,12,3,0,0,T3,7,12,13,18,Rainy,1,1470,0.638129164255937,2091,200,65
2024-01-18 13:00:00,13,3,0,0,T2,11,19,11,16,Clear,1,1634,0.48452736851087874,2021,161,36
2024-01-18 14:00:00,14,3,0,0,T2,5,16,14,17,Clear,1,814,0.35913571907793357,938,79,15
2024-01-18 15:00:00,15,3,0,0,T2,14,17,14,11,Rainy,1,3034,0.48340208014172514,4126,200,52
2024-01-18 16:00:00,16,3,0,0,T3,14,16,11,11,Foggy,1,3336,0.3261661575893996,4145,200,65
2024-01-18 17:00:00,17,3,0,1,T2,23,29,22,8,Clear,1,4836,0.3951735757879794,7456,200,23
2024-01-18 18:00:00,18,3,0,1,T2,26,21,15,9,Clear,1,7507,0.5540491366286515,9557,200,36
2024-01-18 19:00:00,19,3,0,1,T1,19,29,24,19,Clear,1,3909,0.6330043977422711,5976,200,14
2024-01-18 20:00:00,20,3,0,1,T2,29,20,24,9,Clear,1,5221,0.6971421766610173,8560,200,34
2024-01-18 21:00:00,21,3,0,0,T3,5,17,9,11,Clear,1,827,0.6241395613373413,964,77,25
2024-01-18 22:00:00,22,3,0,0,T3,12,19,11,8,Clear,1,2476,0.47835558876008083,2997,200,45
2024-01-18 23:00:00,23,3,0,0,T3,11,16,8,16,Rainy,1,2444,0.4988974478417969,2984,200,76
2024-01-19 00:00:00,0,4,0,0,T1,5,19,8,11,Rainy,1,964,0.6525418668728553,1350,171,59
2024-01-19 01:00:00,1,4,0,0,T1,13,18,8,9,Clear,1,2602,0.6866440804093336,3223,200,46
2024-01-19 02:00:00,2,4,0,0,T3,12,12,13,11,Clear,1,1685,0.6857787371415671,2529,200,64
2024-01-19 03:00:00,3,4,0,0,T3,9,11,8,13,Clear,1,1820,0.3812182405659724,2156,200,93
2024-01-19 04:00:00,4,4,0,0,T2,10,19,14,16,Rainy,1,1953,0.30728710436869494,2785,200,54
2024-01-19 05:00:00,5,4,0,0,T3,14,15,13,10,Clear,1,1810,0.6598713092024708,2470,200,35
2024-01-19 06:00:00,6,4,0,1,T3,28,20,18,16,Foggy,1,10762,0.3600871790285842,12348,200,54
2024-01-19 07:00:00,7,4,0,1,T1,21,23,22,17,Clear,1,4856,0.6766777942944187,5899,200,38
2024-01-19 08:00:00,8,4,0,1,T2,19,26,18,10,Rainy,1,7479,0.5207304356476412,8394,200,42
2024-01-19 09:00:00,9,4,0,1,T3,20,21,21,19,Clear,1,4262,0.3018914892359477,5605,200,35
2024-01-19 10:00:00,10,4,0,0,T1,7,10,14,16,Rainy,1,1544,0.6030003458516215,1843,200,80
2024-01-19 11:00:00,11,4,0,0,T1,14,18,14,17,Clear,1,2436,0.3137084916385244,2783,200,35
2024-01-19 12:00:00,12,4,0,0,T1,10,10,11,15,Clear,1,1893,0.6197704418702776,2488,200,66
2024-01-19 13:00:00,13,4,0,0,T3,12,19,11,10,Clear,1,2141,0.33287545625959547,2753,184,44
2024-01-19 14:00:00,14,4,0,0,T3,6,10,10,10,Clear,1,966,0.5027017417911286,1149,131,41
2024-01-19 15:00:00,15,4,0,0,T2,9,10,10,18,Clear,1,1666,0.3541379264415858,2209,200,61
2024-01-19 16:00:00,16,4,0,0,T3,8,12,14,13,Clear,1,1097,0.3037443863602323,1779,135,40
2024-01-19 17:00:00,17,4,0,1,T3,26,25,20,16,Rainy,1,8352,0.6646068156347963,9977,200,44
2024-01-19 18:00:00,18,4,0,1,T1,18,33,18,14,Clear,1,4697,0.4845655550138095,6387,200,16
2024-01-19 19:00:00,19,4,0,1,T3,22,23,22,15,Clear,1,4947,0.5894925714083006,8198,200,29
2024-01-19 20:00:00,20,4,0,1,T2,15,26,19,19,Rainy,1,3295,0.593261907599224,4875,200,32
2024-01-19 21:00:00,21,4,0,0,T1,14,13,9,13,Clear,1,1873,0.5297876739610057,2614,200,89
2024-01-19 22:00:00,22,4,0,0,T2,12,13,12,11,Clear,1,2378,0.5210851562752178,2782,200,73
2024-01-19 23:00:00,23,4,0,0,T2,8,17,11,13,Foggy,1,1968,0.3906318186870191,2453,200,44
2024-01-20 00:00:00,0,5,1,0,T2,12,19,9,14,Clear,1,2829,0.677083929440582,3604,200,53
2024-01-20 01:00:00,1,5,1,0,T2,8,12,12,14,Clear,1,1359,0.47707288318095387,2070,200,73
2024-01-20 02:00:00,2,5,1,0,T3,5,17,13,16,Rainy,1,1014,0.618385823789525,1389,194,55
2024-01-20 03:00:00,3,5,1,0,T3,13,19,11,13,Foggy,1,4166,0.5687546990378554,5435,200,66
2024-01-20 04:00:00,4,5,1,0,T1,9,16,11,10,Clear,1,2344,0.5524374985471199,2708,200,47
2024-01-20 05:00:00,5,5,1,0,T3,7,14,13,16,Rainy,1,2206,0.5975198552471483,2530,200,57
2024-01-20 06:00:00,6,5,1,1,T2,16,20,17,15,Clear,1,3356,0.5515954111587871,5472,200,43
2024-01-20 07:00:00,7,5,1,1,T3,28,21,21,14,Clear,1,7715,0.3718028953467174,9529,200,26
2024-01-20 08:00:00,8,5,1,1,T2,24,22,22,19,Clear,1,6829,0.5659974294614828,8069,200,39
2024-01-20 09:00:00,9,5,1,1,T1,19,28,19,8,Clear,1,5925,0.33613461132808053,7617,200,24
2024-01-20 10:00:00,10,5,1,0,T1,13,16,8,14,Rainy,1,3841,0.5601054797258469,4754,200,58
2024-01-20 11:00:00,11,5,1,0,T1,7,19,9,13,Clear,1,1311,0.5075551789597528,1961,200,52
2024-01-20 12:00:00,12,5,1,0,T2,7,17,12,12,Clear,1,1308,0.6003945973697233,1803,200,52
2024-01-20 13:00:00,13,5,1,0,T1,14,14,13,17,Clear,1,3497,0.44293965566751475,4575,200,36
2024-01-20 14:00:00,14,5,1,0,T2,10,11,8,8,Clear,1,2631,0.5600639405033655,3287,200,56
2024-01-20 15:00:00,15,5,1,0,T3,9,19,10,9,Clear,1,1802,0.49644919964428824,2346,200,37
2024-01-20 16:00:00,16,5,1,0,T3,5,16,10,15,Clear,1,1184,0.33262899631376114,1334,150,45
2024-01-20 17:00:00,17,5,1,1,T1,15,30,22,8,Clear,1,4878,0.42653016926024734,6073,200,26
2024-01-20 18:00:00,18,5,1,1,T1,15,28,24,16,Rainy,1,6313,0.32827312873643655,7779,200,24
2024-01-20 19:00:00,19,5,1,1,T2,20,23,16,9,Clear,1,5463,0.527093059416553,8609,200,25
2024-01-20 20:00:00,20,5,1,1,T3,27,25,17,18,Clear,1,9789,0.5549116957434859,12975,200,23
2024-01-20 21:00:00,21,5,1,0,T2,7,14,14,18,Clear,1,1647,0.3444139032430207,1947,200,59
2024-01-20 22:00:00,22,5,1,0,T2,11,15,12,12,Foggy,1,3499,0.3983244453552082,4397,200,87
2024-01-20 23:00:00,23,5,1,0,T1,14,14,13,13,Clear,1,3406,0.5325009846022413,4195,200,57
2024-01-21 00:00:00,0,6,1,0,T1,10,15,11,18,Clear,1,1762,0.6508624049732216,2218,200,42
2024-01-21 01:00:00,1,6,1,0,T1,7,12,9,13,Clear,1,1112,0.5437349212210095,1480,200,87
2024-01-21 02:00:00,2,6,1,0,T2,10,10,8,19,Clear,1,2298,0.5714169528979847,2598,200,89
2024-01-21 03:00:00,3,6,1,0,T2,12,12,9,9,Clear,1,1724,0.6351860183308433,2807,200,67
2024-01-21 04:00:00,4,6,1,0,T2,7,12,14,17,Clear,1,1382,0.4888126283152022,2080,200,56
2024-01-21 05:00:00,5,6,1,0,T1,5,19,14,16,Rainy,1,1025,0.6631803972198562,1451,134,30
2024-01-21 06:00:00,6,6,1,1,T1,22,30,21,10,Clear,1,6676,0.4052767322656148,8309,200,39
2024-01-21 07:00:00,7,6,1,1,T1,15,32,24,19,Rainy,1,5158,0.6800747886409598,7736,200,30
2024-01-21 08:00:00,8,6,1,1,T2,20,30,17,16,Clear,1,5725,0.6356552116767539,6580,200,42
2024-01-21 09:00:00,9,6,1,1,T2,28,26,19,8,Clear,1,7277,0.3041841324952811,11149,200,40
2024-01-21 10:00:00,10,6,1,0,T2,11,10,11,14,Clear,1,2447,0.6127174122156962,2746,200,82
2024-01-21 11:00:00,11,6,1,0,T1,13,19,12,17,Rainy,1,2807,0.4549483449171549,4578,200,60
2024-01-21 12:00:00,12,6,1,0,T2,8,17,8,9,Clear,1,1510,0.5041272077590166,1917,200,62
2024-01-21 13:00:00,13,6,1,0,T2,9,11,11,14,Clear,1,1488,0.6925413000196068,2151,200,55
2024-01-21 14:00:00,14,6,1,0,T1,7,11,12,13,Clear,1,1219,0.34810926879284027,1690,162,62
2024-01-21 15:00:00,15,6,1,0,T1,9,11,13,18,Clear,1,1712,0.512471773362382,2581,200,82
2024-01-21 16:00:00,16,6,1,0,T2,7,16,13,12,Clear,1,1336,0.30513137234865134,1679,151,29
2024-01-21 17:00:00,17,6,1,1,T3,22,24,15,10,Clear,1,7402,0.4878274707589084,9966,200,34
2024-01-21 18:00:00,18,6,1,1,T1,28,22,19,15,Clear,1,7296,0.3981548053201668,9459,200,40
2024-01-21 19:00:00,19,6,1,1,T3,23,23,18,12,Clear,1,7061,0.6853298220078188,9113,200,38
2024-01-21 20:00:00,20,6,1,1,T2,28,34,21,9,Rainy,1,10823,0.42811851599877065,12488,200,42
2024-01-21 21:00:00,21,6,1,0,T2,10,12,8,17,Clear,1,2729,0.5181039684915955,3142,200,58
2024-01-21 22:00:00,22,6,1,0,T2,14,11,14,9,Clear,1,2059,0.42694600252350945,3241,200,50
2024-01-21 23:00:00,23,6,1,0,T1,13,11,9,11,Rainy,1,2654,0.4179714050855523,3665,200,71
2024-01-22 00:00:00,0,0,0,0,T1,13,18,9,16,Clear,1,2372,0.3273830279566559,2841,200,55
2024-01-22 01:00:00,1,0,0,0,T1,10,12,11,11,Clear,1,2135,0.5750475809643562,2418,200,83
2024-01-22 02:00:00,2,0,0,0,T1,8,19,14,17,Clear,1,1551,0.5295353794134293,1905,195,27
2024-01-22 03:00:00,3,0,0,0,T1,8,13,12,19,Clear,1,1321,0.5995689691117374,1675,200,44
2024-01-22 04:00:00,4,0,0,0,T3,11,12,11,15,Rainy,1,1760,0.5037253139494619,2913,200,68
2024-01-22 05:00:00,5,0,0,0,T3,6,15,8,12,Clear,1,1173,0.5488000613251803,1365,149,43
2024-01-22 06:00:00,6,0,0,1,T2,20,27,24,8,Clear,1,3421,0.5087398399551468,5221,200,24
2024-01-22 07:00:00,7,0,0,1,T2,19,20,24,10,Foggy,1,7431,0.386236138382982,8478,200,53
2024-01-22 08:00:00,8,0,0,1,T2,24,30,24,11,Clear,1,6152,0.38082561987892527,7780,200,24
2024-01-22 09:00:00,9,0,0,1,T1,19,28,23,13,Clear,1,3965,0.5653030499424764,5236,200,26
2024-01-22 10:00:00,10,0,0,0,T2,12,17,14,10,Clear,1,1517,0.5547261602363596,2177,200,49
2024-01-22 11:00:00,11,0,0,0,T1,9,17,13,8,Clear,1,1283,0.43399368229856566,1475,138,26
2024-01-22 12:00:00,12,0,0,0,T1,7,17,10,14,Clear,1,1172,0.4920716317869095,1684,200,61
2024-01-22 13:00:00,13,0,0,0,T2,5,11,9,18,Rainy,1,850,0.5518323871434265,1103,188,107
2024-01-22 14:00:00,14,0,0,0,T3,6,18,8,17,Rainy,1,1177,0.6949787110380207,1660,200,42
2024-01-22 15:00:00,15,0,0,0,T1,9,12,9,10,Clear,1,1142,0.6403322608478375,1560,200,85
2024-01-22 16:00:00,16,0,0,0,T1,12,11,9,8,Clear,1,1733,0.346348075314342,2356,200,60
2024-01-22 17:00:00,17,0,0,1,T1,22,20,20,18,Rainy,1,5203,0.3565295516151114,7557,200,53
2024-01-22 18:00:00,18,0,0,1,T3,22,31,16,12,Clear,1,3779,0.5207696567573572,6026,200,24
2024-01-22 19:00:00,19,0,0,1,T3,28,30,23,15,Clear,1,6815,0.3691587436261813,10245,200,19
2024-01-22 20:00:00,20,0,0,1,T3,23,33,19,16,Foggy,1,6787,0.6478992932876595,10805,200,40
2024-01-22 21:00:00,21,0,0,0,T3,12,17,13,9,Clear,1,2354,0.3138840571146845,2982,200,40
2024-01-22 22:00:00,22,0,0,0,T3,10,13,14,16,Clear,1,1559,0.6865878540202492,2307,192,69
2024-01-22 23:00:00,23,0,0,0,T1,13,19,9,18,Clear,1,1906,0.6883418346703276,3052,200,33
2024-01-23 00:00:00,0,1,0,0,T3,12,13,10,17,Clear,1,1561,0.6445976688174103,2173,200,75
2024-01-23 01:00:00,1,1,0,0,T1,11,18,8,13,Foggy,1,1964,0.36911568182669136,2685,200,58
2024-01-23 02:00:00,2,1,0,0,T1,10,18,10,15,Clear,1,1233,0.47359250591238444,1740,126,28
2024-01-23 03:00:00,3,1,0,0,T2,5,19,13,11,Clear,1,958,0.557048280208956,1070,115,22
2024-01-23 04:00:00,4,1,0,0,T2,12,18,9,19,Foggy,1,2798,0.4340866939490775,3564,200,75
2024-01-23 05:00:00,5,1,0,0,T2,8,16,10,15,Clear,1,1326,0.6967417514533829,1657,200,64
2024-01-23 06:00:00,6,1,0,1,T1,23,23,17,9,Rainy,1,7966,0.5308847713445524,10287,200,44
2024-01-23 07:00:00,7,1,0,1,T1,21,25,19,10,Clear,1,3943,0.37313097234921555,6118,200,43
2024-01-23 08:00:00,8,1,0,1,T2,28,34,22,14,Clear,1,5901,0.5418728682613101,9125,200,21
2024-01-23 09:00:00,9,1,0,1,T1,23,27,15,11,Clear,1,3855,0.5795343851698289,6423,200,33
2024-01-23 10:00:00,10,1,0,0,T2,14,17,11,16,Clear,1,2176,0.381692602208092,2614,200,58
2024-01-23 11:00:00,11,1,0,0,T1,6,14,14,9,Clear,1,1290,0.44637218630601444,1529,184,36
2024-01-23 12:00:00,12,1,0,0,T1,10,11,9,18,Clear,1,1110,0.6945200707778956,1740,200,93
2024-01-23 13:00:00,13,1,0,0,T3,14,12,14,12,Clear,1,1864,0.5138479666463884,2443,200,74
2024-01-23 14:00:00,14,1,0,0,T2,11,10,14,11,Rainy,1,2401,0.621755634783508,2994,200,65
2024-01-23 15:00:00,15,1,0,0,T2,9,11,10,11,Clear,1,1108,0.4195113701091903,1686,200,54
2024-01-23 16:00:00,16,1,0,0,T2,6,12,8,16,Foggy,1,1050,0.3286904280692779,1674,200,120
2024-01-23 17:00:00,17,1,0,1,T3,25,20,15,8,Clear,1,7147,0.6583512127090086,8809,200,35
2024-01-23 18:00:00,18,1,0,1,T3,16,26,23,17,Clear,1,3287,0.5368652050884193,5454,200,24
2024-01-23 19:00:00,19,1,0,1,T1,29,23,16,18,Clear,1,9446,0.42025772646329296,10499,200,26
2024-01-23 20:00:00,20,1,0,1,T1,17,20,15,12,Clear,1,3669,0.6106637673295363,4780,200,33
2024-01-23 21:00:00,21,1,0,0,T1,14,10,8,9,Clear,1,1980,0.5538628846016516,2923,200,75
2024-01-23 22:00:00,22,1,0,0,T3,6,17,9,11,Clear,1,794,0.47889459706164283,1275,148,40
2024-01-23 23:00:00,23,1,0,0,T1,10,14,13,15,Clear,1,1396,0.4399581306526874,2278,200,63
2024-01-24 00:00:00,0,2,0,0,T2,12,17,12,17,Clear,1,1561,0.34087925970295685,2575,200,44
2024-01-24 01:00:00,1,2,0,0,T2,13,16,14,9,Foggy,1,3085,0.49828703692571474,4025,200,57
2024-01-24 02:00:00,2,2,0,0,T2,12,14,10,15,Foggy,1,2303,0.450125022006025,3614,200,57
2024-01-24 03:00:00,3,2,0,0,T1,11,18,12,9,Rainy,1,2155,0.4916031450609718,3150,200,61
2024-01-24 04:00:00,4,2,0,0,T3,14,19,12,19,Clear,1,1860,0.3363425319143011,2835,200,33
2024-01-24 05:00:00,5,2,0,0,T3,13,14,11,11,Clear,1,1555,0.4098885513701194,2324,200,62
2024-01-24 06:00:00,6,2,0,1,T1,28,21,17,10,Foggy,1,8696,0.6442411919512492,12745,200,66
2024-01-24 07:00:00,7,2,0,1,T2,29,28,19,15,Clear,1,6966,0.5566309672793159,8765,200,43
2024-01-24 08:00:00,8,2,0,1,T1,15,34,19,16,Foggy,1,5083,0.3079272966158066,5744,200,26
2024-01-24 09:00:00,9,2,0,1,T1,16,20,17,10,Rainy,1,4534,0.5551368859639888,6581,200,36
2024-01-24 10:00:00,10,2,0,0,T3,14,18,10,11,Rainy,1,3677,0.30098687752967374,4192,200,73
2024-01-24 11:00:00,11,2,0,0,T3,8,13,10,9,Clear,1,1094,0.5887745541258003,1656,159,48
2024-01-24 12:00:00,12,2,0,0,T2,6,13,10,14,Clear,1,1009,0.34652653858105575,1406,129,33
2024-01-24 13:00:00,13,2,0,0,T1,9,13,11,10,Foggy,1,1959,0.39432087183848363,2797,200,71
2024-01-24 14:00:00,14,2,0,0,T3,9,11,14,11,Clear,1,1438,0.6684647413254675,1965,200,51
2024-01-24 15:00:00,15,2,0,0,T1,12,17,14,12,Rainy,1,1760,0.6452371145307689,2817,200,67
2024-01-24 16:00:00,16,2,0,0,T2,7,13,10,13,Rainy,1,1436,0.5452288119528185,1872,200,79
2024-01-24 17:00:00,17,2,0,1,T3,22,27,17,12,Clear,1,4280,0.4210722997488413,6816,200,45
2024-01-24 18:00:00,18,2,0,1,T1,21,29,24,12,Clear,1,5657,0.4611701387479297,6924,200,17
2024-01-24 19:00:00,19,2,0,1,T3,18,30,23,11,Foggy,1,5721,0.4343547249919003,7879,200,37
2024-01-24 20:00:00,20,2,0,1,T3,24,30,22,16,Clear,1,7206,0.5256239794023322,8686,200,25
2024-01-24 21:00:00,21,2,0,0,T2,8,12,13,16,Clear,1,887,0.6308902971921182,1410,199,63
2024-01-24 22:00:00,22,2,0,0,T1,14,17,14,8,Clear,1,2879,0.3352526098437203,3229,200,49
2024-01-24 23:00:00,23,2,0,0,T2,13,14,13,14,Clear,1,2032,0.47374162698888556,2694,200,67
2024-01-25 00:00:00,0,3,0,0,T1,9,16,12,13,Clear,1,1503,0.3354299743342922,2070,200,45
2024-01-25 01:00:00,1,3,0,0,T2,7,16,8,9,Clear,1,1283,0.39312684391600056,1664,200,56
2024-01-25 02:00:00,2,3,0,0,T2,5,14,8,16,Foggy,1,1326,0.4178688819334444,1488,200,110
2024-01-25 03:00:00,3,3,0,0,T2,5,15,9,9,Clear,1,663,0.5479526577697379,878,151,42
2024-01-25 04:00:00,4,3,0,0,T3,13,12,12,17,Clear,1,1734,0.35453566691458216,2412,200,68
2024-01-25 05:00:00,5,3,0,0,T1,9,10,11,13,Clear,1,1425,0.655961294271855,1614,200,91
2024-01-25 06:00:00,6,3,0,1,T2,23,21,19,14,Rainy,1,6599,0.3401016078034863,7751,200,27
2024-01-25 07:00:00,7,3,0,1,T3,22,27,23,16,Foggy,1,8300,0.5179416945510587,10139,200,34
2024-01-25 08:00:00,8,3,0,1,T2,16,27,21,15,Clear,1,4297,0.6040308354218744,5018,200,26
2024-01-25 09:00:00,9,3,0,1,T1,28,30,22,11,Clear,1,5801,0.47449609601608067,9545,200,29
2024-01-25 10:00:00,10,3,0,0,T3,6,16,10,9,Clear,1,1034,0.4257958878882236,1230,181,52
2024-01-25 11:00:00,11,3,0,0,T3,14,12,9,13,Clear,1,2123,0.6997537284264779,2638,200,81
2024-01-25 12:00:00,12,3,0,0,T3,10,17,10,9,Clear,1,1208,0.30910736893468777,1881,200,69
2024-01-25 13:00:00,13,3,0,0,T1,9,13,8,17,Foggy,1,2399,0.6745368221753987,2694,200,95
2024-01-25 14:00:00,14,3,0,0,T2,9,15,13,8,Clear,1,1557,0.30705379431964963,1886,200,40
2024-01-25 15:00:00,15,3,0,0,T3,12,19,10,16,Clear,1,2108,0.5897082888572313,2390,168,35
2024-01-25 16:00:00,16,3,0,0,T2,6,18,9,9,Clear,1,952,0.4675936267212122,1442,115,17
2024-01-25 17:00:00,17,3,0,1,T1,20,25,21,17,Clear,1,4454,0.3628931999121204,6779,200,26
2024-01-25 18:00:00,18,3,0,1,T3,18,21,24,13,Clear,1,3956,0.6629842430156239,4638,200,25
2024-01-25 19:00:00,19,3,0,1,T3,29,34,17,19,Clear,1,9340,0.5471172816287286,10497,200,24
2024-01-25 20:00:00,20,3,0,1,T2,21,33,21,11,Clear,1,5037,0.35697888107683495,5697,200,36
2024-01-25 21:00:00,21,3,0,0,T1,12,12,13,9,Foggy,1,2662,0.48233280500780407,3545,200,52
2024-01-25 22:00:00,22,3,0,0,T1,5,16,8,15,Clear,1,719,0.5398649537859803,1110,139,36
2024-01-25 23:00:00,23,3,0,0,T1,10,18,11,8,Foggy,1,1712,0.3242224456830025,2421,200,47
2024-01-26 00:00:00,0,4,0,0,T1,5,16,13,14,Rainy,1,902,0.4694863935791047,1448,144,47
2024-01-26 01:00:00,1,4,0,0,T3,11,12,8,18,Clear,1,1617,0.3004935597708592,1959,200,94
2024-01-26 02:00:00,2,4,0,0,T2,12,17,10,15,Rainy,1,1738,0.43378939299517727,2806,200,78
2024-01-26 03:00:00,3,4,0,0,T2,13,11,10,11,Foggy,1,2027,0.5192745840235624,3138,200,107
2024-01-26 04:00:00,4,4,0,0,T3,10,18,10,9,Clear,1,1704,0.48823696305869624,2368,200,54
2024-01-26 05:00:00,5,4,0,0,T1,9,11,11,19,Clear,1,1046,0.5772979967334309,1591,200,42
2024-01-26 06:00:00,6,4,0,1,T1,28,31,24,16,Clear,1,7604,0.34167385923454385,9600,200,33
2024-01-26 07:00:00,7,4,0,1,T3,18,34,24,8,Clear,1,3784,0.6300269420975024,5934,200,15
2024-01-26 08:00:00,8,4,0,1,T3,23,22,20,12,Clear,1,5542,0.4258237636851654,6637,200,41
2024-01-26 09:00:00,9,4,0,1,T1,18,31,18,10,Rainy,1,6285,0.4293504829677427,7317,200,39
2024-01-26 10:00:00,10,4,0,0,T1,10,19,11,8,Clear,1,1469,0.6713434020923357,2218,200,52
2024-01-26 11:00:00,11,4,0,0,T2,9,11,13,18,Rainy,1,1411,0.6125030810613505,1949,200,94
2024-01-26 12:00:00,12,4,0,0,T1,8,14,11,12,Rainy,1,1367,0.5979704536417212,1844,200,64
2024-01-26 13:00:00,13,4,0,0,T2,12,18,8,15,Clear,1,2046,0.5108946672026773,2802,200,51
2024-01-26 14:00:00,14,4,0,0,T1,6,14,12,13,Clear,1,994,0.6866711838533495,1418,186,49
2024-01-26 15:00:00,15,4,0,0,T3,6,13,12,17,Clear,1,682,0.432603767067392,1113,165,65
2024-01-26 16:00:00,16,4,0,0,T1,10,17,13,13,Clear,1,1944,0.6712216806383089,2308,160,49
2024-01-26 17:00:00,17,4,0,1,T1,17,29,17,17,Clear,1,5342,0.5046040783436793,6174,200,22
2024-01-26 18:00:00,18,4,0,1,T3,28,31,16,15,Clear,1,5418,0.31364895387345215,8038,200,30
2024-01-26 19:00:00,19,4,0,1,T1,19,26,17,9,Rainy,1,6817,0.4636613701495943,7632,200,37
2024-01-26 20:00:00,20,4,0,1,T1,18,23,17,15,Rainy,1,5260,0.3737164271646347,6145,200,46
2024-01-26 21:00:00,21,4,0,0,T2,13,18,14,18,Rainy,1,2223,0.3235986773781508,3061,200,45
2024-01-26 22:00:00,22,4,0,0,T3,13,12,8,13,Rainy,1,2189,0.5870415101678812,2562,200,110
2024-01-26 23:00:00,23,4,0,0,T2,12,16,8,11,Clear,1,2358,0.35826756129409254,2741,200,59
2024-01-27 00:00:00,0,5,1,0,T2,10,18,10,12,Rainy,1,2355,0.5756155522536648,3061,200,75
2024-01-27 01:00:00,1,5,1,0,T1,14,13,14,15,Rainy,1,3826,0.5015296108214528,5166,200,71
2024-01-27 02:00:00,2,5,1,0,T2,7,17,9,11,Rainy,1,1847,0.3272834924962594,2540,200,73
2024-01-27 03:00:00,3,5,1,0,T1,13,18,8,15,Clear,1,2431,0.5390227682492924,2887,200,37
2024-01-27 04:00:00,4,5,1,0,T1,5,12,9,10,Clear,1,1234,0.43420470482239665,1512,200,82
2024-01-27 05:00:00,5,5,1,0,T2,11,11,11,15,Clear,1,1921,0.41120950783419913,2616,200,57
2024-01-27 06:00:00,6,5,1,1,T1,22,32,22,16,Rainy,1,7602,0.5831684341615238,10784,200,40
2024-01-27 07:00:00,7,5,1,1,T1,23,27,18,9,Clear,1,6726,0.4750544162188912,8685,200,35
2024-01-27 08:00:00,8,5,1,1,T1,24,29,24,9,Clear,1,7401,0.6245254529423947,9347,200,29
2024-01-27 09:00:00,9,5,1,1,T3,29,29,23,14,Rainy,1,13950,0.3264569916046574,16267,200,45
2024-01-27 10:00:00,10,5,1,0,T1,8,18,13,15,Clear,1,1633,0.6531077222157153,2005,186,36
2024-01-27 11:00:00,11,5,1,0,T2,9,12,10,11,Clear,1,1508,0.4547615884764094,2400,200,78
2024-01-27 12:00:00,12,5,1,0,T1,9,14,11,9,Clear,1,2432,0.6561127757932155,2742,200,73
2024-01-27 13:00:00,13,5,1,0,T2,12,10,8,14,Rainy,1,2200,0.40062181800229,3161,200,97
2024-01-27 14:00:00,14,5,1,0,T3,11,19,8,14,Clear,1,2530,0.6152705870961288,3537,200,68
2024-01-27 15:00:00,15,5,1,0,T2,12,14,8,8,Clear,1,2540,0.32971077064235815,3540,200,68
2024-01-27 16:00:00,16,5,1,0,T2,12,15,9,17,Rainy,1,3146,0.4374310520088024,3668,200,49
2024-01-27 17:00:00,17,5,1,1,T1,19,28,22,17,Clear,1,7845,0.5047560132979281,9185,200,31
2024-01-27 18:00:00,18,5,1,1,T3,19,25,19,9,Clear,1,7162,0.3518606860803198,8056,200,43
2024-01-27 19:00:00,19,5,1,1,T2,20,34,19,14,Clear,1,6815,0.4035349610359839,8523,200,28
2024-01-27 20:00:00,20,5,1,1,T3,29,26,15,9,Foggy,1,11684,0.3383876391784527,15129,200,45
2024-01-27 21:00:00,21,5,1,0,T1,12,11,8,14,Clear,1,2076,0.6244112453223685,3041,200,65
2024-01-27 22:00:00,22,5,1,0,T3,9,10,13,9,Clear,1,1823,0.5480511336120334,2583,200,73
2024-01-27 23:00:00,23,5,1,0,T1,5,18,14,14,Clear,1,1363,0.3948240283115605,1588,118,22
2024-01-28 00:00:00,0,6,1,0,T1,12,14,14,12,Clear,1,1654,0.5696179431177336,2624,200,46
2024-01-28 01:00:00,1,6,1,0,T2,9,17,13,12,Clear,1,1702,0.3531148959137089,2611,200,32
2024-01-28 02:00:00,2,6,1,0,T3,7,15,14,12,Clear,1,1449,0.6006258464011992,1979,189,42
2024-01-28 03:00:00,3,6,1,0,T2,9,16,14,9,Rainy,1,2580,0.584176810721823,3331,200,65
2024-01-28 04:00:00,4,6,1,0,T1,9,14,10,14,Clear,1,1619,0.6773881882786437,2557,200,61
2024-01-28 05:00:00,5,6,1,0,T2,5,19,10,16,Clear,1,777,0.47342194701224827,1262,150,47
2024-01-28 06:00:00,6,6,1,1,T1,20,34,19,16,Clear,1,6285,0.5278469667821165,7702,200,28
2024-01-28 07:00:00,7,6,1,1,T2,27,25,15,12,Clear,1,9234,0.5362219566177567,10641,200,30
2024-01-28 08:00:00,8,6,1,1,T3,16,21,20,12,Foggy,1,6777,0.5120616920114356,9490,200,40
2024-01-28 09:00:00,9,6,1,1,T1,15,25,23,15,Clear,1,4251,0.3569841545422171,5986,200,29
2024-01-28 10:00:00,10,6,1,0,T2,5,15,13,16,Clear,1,1215,0.49369593801364364,1461,200,35
2024-01-28 11:00:00,11,6,1,0,T1,5,10,11,10,Clear,1,883,0.5910481480909437,1170,125,39
2024-01-28 12:00:00,12,6,1,0,T3,8,17,8,12,Clear,1,1262,0.4525667711471021,1857,200,53
2024-01-28 13:00:00,13,6,1,0,T1,14,18,8,14,Clear,1,2395,0.6586349108734931,3361,200,63
2024-01-28 14:00:00,14,6,1,0,T2,5,16,12,17,Rainy,1,1656,0.498026584917865,1974,200,56
2024-01-28 15:00:00,15,6,1,0,T2,14,17,10,18,Foggy,1,3134,0.6065776472271285,3983,200,62
2024-01-28 16:00:00,16,6,1,0,T3,7,17,8,8,Rainy,1,1377,0.4185655828569126,1937,200,61
2024-01-28 17:00:00,17,6,1,1,T2,28,29,21,11,Clear,1,8740,0.42376052114587637,12912,200,36
2024-01-28 18:00:00,18,6,1,1,T2,16,26,22,14,Clear,1,5177,0.3925853081903794,7634,200,29
2024-01-28 19:00:00,19,6,1,1,T3,18,27,18,15,Rainy,1,4544,0.40964187506529903,7367,200,46
2024-01-28 20:00:00,20,6,1,1,T3,28,25,21,13,Clear,1,7283,0.6506215285257178,12007,200,22
2024-01-28 21:00:00,21,6,1,0,T1,5,12,14,19,Clear,1,724,0.6569850637425458,1154,124,36
2024-01-28 22:00:00,22,6,1,0,T2,9,11,10,15,Clear,1,1576,0.6788790810983755,2177,200,76
2024-01-28 23:00:00,23,6,1,0,T1,8,18,13,18,Clear,1,1925,0.43085152406750576,2535,200,50
2024-01-29 00:00:00,0,0,0,0,T1,13,11,8,16,Clear,1,2722,0.692486275616824,3087,200,76
2024-01-29 01:00:00,1,0,0,0,T2,13,11,14,19,Rainy,1,2500,0.5595974354817159,2836,200,66
2024-01-29 02:00:00,2,0,0,0,T3,6,16,12,14,Clear,1,1213,0.6144367340605041,1383,132,32
2024-01-29 03:00:00,3,0,0,0,T2,14,17,9,14,Clear,1,2011,0.5183361960979875,3316,200,56
2024-01-29 04:00:00,4,0,0,0,T1,14,17,14,11,Clear,1,2383,0.3357586281544233,3365,200,50
2024-01-29 05:00:00,5,0,0,0,T3,6,11,10,9,Clear,1,1114,0.38405933557569355,1424,200,80
2024-01-29 06:00:00,6,0,0,1,T3,24,24,17,10,Clear,1,5748,0.46653492962740933,8215,200,36
2024-01-29 07:00:00,7,0,0,1,T1,26,32,16,17,Clear,1,7067,0.4045149858122908,8452,200,17
2024-01-29 08:00:00,8,0,0,1,T3,27,30,19,16,Clear,1,4795,0.6787545846217187,7980,200,32
2024-01-29 09:00:00,9,0,0,1,T2,15,21,18,11,Foggy,1,3803,0.5128211404739047,4886,200,43
2024-01-29 10:00:00,10,0,0,0,T2,7,13,11,18,Foggy,1,1717,0.6613885649326512,2183,200,89
2024-01-29 11:00:00,11,0,0,0,T1,10,16,14,14,Clear,1,1257,0.3706633614687843,1876,130,33
2024-01-29 12:00:00,12,0,0,0,T2,14,19,8,14,Clear,1,2019,0.3460327721047632,2932,200,34
2024-01-29 13:00:00,13,0,0,0,T1,14,18,11,15,Clear,1,2058,0.33800525627485245,2515,200,39
2024-01-29 14:00:00,14,0,0,0,T1,6,10,12,15,Clear,1,778,0.6073354618162132,976,153,47
2024-01-29 15:00:00,15,0,0,0,T2,7,11,10,10,Foggy,1,1379,0.3196002395327418,1686,200,77
2024-01-29 16:00:00,16,0,0,0,T1,12,16,11,14,Clear,1,2016,0.4376146452172316,2488,200,66
2024-01-29 17:00:00,17,0,0,1,T3,21,20,23,13,Clear,1,5483,0.3028927208396897,7297,200,33
2024-01-29 18:00:00,18,0,0,1,T3,29,34,21,8,Rainy,1,8571,0.4211316016978222,12028,200,30
2024-01-29 19:00:00,19,0,0,1,T1,26,30,16,14,Clear,1,5168,0.4065335383912508,8244,200,37
2024-01-29 20:00:00,20,0,0,1,T1,17,28,17,15,Rainy,1,5289,0.433790899566924,7708,200,44
2024-01-29 21:00:00,21,0,0,0,T2,14,12,11,11,Clear,1,1856,0.41290478652315366,2441,200,65
2024-01-29 22:00:00,22,0,0,0,T1,6,11,14,11,Clear,1,957,0.4906380474954002,1341,139,52
2024-01-29 23:00:00,23,0,0,0,T1,12,15,12,12,Foggy,1,2917,0.35786472428680915,3554,200,77
2024-01-30 00:00:00,0,1,0,0,T3,12,10,14,10,Rainy,1,1756,0.3090604916046458,2673,200,84
2024-01-30 01:00:00,1,1,0,0,T2,12,10,12,14,Clear,1,1682,0.3044641221925375,2565,200,72
2024-01-30 02:00:00,2,1,0,0,T2,12,10,12,17,Clear,1,1775,0.6212310455731567,2216,200,84
2024-01-30 03:00:00,3,1,0,0,T3,9,13,13,14,Clear,1,1178,0.6287730717300497,1809,198,48
2024-01-30 04:00:00,4,1,0,0,T3,13,15,9,19,Clear,1,1970,0.3943946300116903,3191,200,45
2024-01-30 05:00:00,5,1,0,0,T1,7,19,14,17,Foggy,1,1934,0.3416700871505566,2215,200,68
2024-01-30 06:00:00,6,1,0,1,T3,17,34,18,13,Clear,1,3416,0.5635455324314438,4623,200,30
2024-01-30 07:00:00,7,1,0,1,T2,21,32,19,19,Clear,1,5289,0.658470653085811,7136,200,23
2024-01-30 08:00:00,8,1,0,1,T2,27,25,15,19,Rainy,1,8312,0.37137094323673114,11926,200,32
2024-01-30 09:00:00,9,1,0,1,T1,17,33,21,14,Rainy,1,5139,0.6494653565792884,7115,200,39
2024-01-30 10:00:00,10,1,0,0,T3,5,18,13,14,Clear,1,737,0.6743426822510268,957,120,29
2024-01-30 11:00:00,11,1,0,0,T3,8,18,9,8,Clear,1,1018,0.3455585918768813,1431,127,40
2024-01-30 12:00:00,12,1,0,0,T3,8,17,11,11,Foggy,1,1701,0.6498302470979382,2129,200,80
2024-01-30 13:00:00,13,1,0,0,T3,9,12,8,16,Clear,1,1393,0.44048010163385254,1671,200,80
2024-01-30 14:00:00,14,1,0,0,T2,9,17,11,16,Rainy,1,2049,0.5828453748906637,2632,200,66
2024-01-30 15:00:00,15,1,0,0,T3,6,13,14,12,Rainy,1,989,0.3138494231741565,1150,112,42
2024-01-30 16:00:00,16,1,0,0,T1,10,13,11,12,Clear,1,1415,0.3283844689854597,1707,169,54
2024-01-30 17:00:00,17,1,0,1,T1,25,34,18,9,Clear,1,5554,0.5496677284616245,8063,200,24
2024-01-30 18:00:00,18,1,0,1,T3,18,23,21,11,Clear,1,3192,0.5485587792971673,5192,200,30
2024-01-30 19:00:00,19,1,0,1,T3,16,33,24,10,Clear,1,3759,0.6828672661329958,4258,200,15
2024-01-30 20:00:00,20,1,0,1,T1,28,31,23,11,Rainy,1,6771,0.5788269088894294,8547,200,24
2024-01-30 21:00:00,21,1,0,0,T1,13,14,10,15,Clear,1,1811,0.40077838649133574,2889,200,69
2024-01-30 22:00:00,22,1,0,0,T2,14,11,12,19,Clear,1,2782,0.5347662626211557,3102,200,82
2024-01-30 23:00:00,23,1,0,0,T1,9,16,9,16,Clear,1,1274,0.6370412606491681,1571,151,51
2024-01-01 00:00:00,0,0,0,0,T2,12,17,11,17,Clear,1,2104,0.36876451922242814,2550,200,34
2024-01-01 01:00:00,1,0,0,0,T2,5,16,8,8,Clear,1,879,0.47454835940143436,1212,188,61
2024-01-01 02:00:00,2,0,0,0,T3,9,17,11,8,Rainy,1,1387,0.3903200450571459,2077,200,76
2024-01-01 03:00:00,3,0,0,0,T3,6,11,8,15,Clear,1,767,0.6294807122689998,1097,198,89
2024-01-01 04:00:00,4,0,0,0,T3,8,15,9,14,Clear,1,1479,0.3383445414337892,1683,200,57
2024-01-01 05:00:00,5,0,0,0,T1,13,17,13,14,Clear,1,2560,0.5499513229851156,3037,200,40
2024-01-01 06:00:00,6,0,0,1,T3,21,28,16,15,Clear,1,3703,0.6033601329397915,5461,200,38
2024-01-01 07:00:00,7,0,0,1,T2,28,27,22,19,Foggy,1,8257,0.3598846336293227,11259,200,30
2024-01-01 08:00:00,8,0,0,1,T3,23,24,22,18,Foggy,1,5629,0.4022324053509454,8614,200,49
2024-01-01 09:00:00,9,0,0,1,T3,23,28,15,10,Clear,1,4578,0.6390064389280455,6088,200,44
2024-01-01 10:00:00,10,0,0,0,T1,14,11,10,14,Clear,1,3082,0.45322303699485045,3444,200,57
2024-01-01 11:00:00,11,0,0,0,T1,9,11,11,10,Foggy,1,1367,0.3702671590320159,2217,200,91
2024-01-01 12:00:00,12,0,0,0,T3,7,10,12,11,Foggy,1,1304,0.533889143602567,2004,200,82
2024-01-01 13:00:00,13,0,0,0,T1,10,12,11,15,Clear,1,1557,0.5379923776537294,2115,197,49
2024-01-01 14:00:00,14,0,0,0,T3,6,18,9,11,Clear,1,993,0.3577947794516925,1422,131,30
2024-01-01 15:00:00,15,0,0,0,T2,10,12,10,14,Clear,1,1815,0.3470816949249943,2284,200,78
2024-01-01 16:00:00,16,0,0,0,T1,10,17,9,10,Clear,1,1233,0.6165409408515955,1963,200,59
2024-01-01 17:00:00,17,0,0,1,T1,22,23,22,18,Clear,1,4703,0.5057818790237419,7690,200,35
2024-01-01 18:00:00,18,0,0,1,T3,19,27,21,9,Rainy,1,5792,0.5944724860277573,8301,200,41
2024-01-01 19:00:00,19,0,0,1,T2,25,20,15,13,Clear,1,5368,0.5839848322470883,6455,200,50
2024-01-01 20:00:00,20,0,0,1,T3,18,25,17,16,Clear,1,3820,0.6377145683452035,5123,200,42
2024-01-01 21:00:00,21,0,0,0,T1,6,18,14,14,Foggy,1,1583,0.6583722457327075,1833,200,69
2024-01-01 22:00:00,22,0,0,0,T3,10,11,10,8,Clear,1,1682,0.341718544502149,2349,200,89
2024-01-01 23:00:00,23,0,0,0,T2,5,19,13,14,Rainy,1,1000,0.30086353629993595,1398,142,48
2024-01-02 00:00:00,0,1,0,0,T1,12,11,11,14,Clear,1,1919,0.6068671647137558,2409,200,52
2024-01-02 01:00:00,1,1,0,0,T2,11,18,14,9,Foggy,1,2160,0.4828624668229923,2912,200,64
2024-01-02 02:00:00,2,1,0,0,T3,12,18,13,16,Rainy,1,3065,0.6127854019998147,3560,200,64
2024-01-02 03:00:00,3,1,0,0,T2,5,13,13,11,Rainy,1,847,0.478900248026263,1048,182,49
2024-01-02 04:00:00,4,1,0,0,T2,14,14,12,12,Clear,1,2096,0.5145821647426077,2804,200,62
2024-01-02 05:00:00,5,1,0,0,T1,11,16,9,17,Clear,1,1694,0.320511627025529,1898,200,64
2024-01-02 06:00:00,6,1,0,1,T3,16,21,18,14,Foggy,1,6456,0.3038513695325023,7381,200,47
2024-01-02 07:00:00,7,1,0,1,T1,23,23,19,14,Foggy,1,6591,0.6714687829051119,9554,200,29
2024-01-02 08:00:00,8,1,0,1,T2,15,25,19,19,Rainy,1,3719,0.6160850454729239,4817,200,40
2024-01-02 09:00:00,9,1,0,1,T3,17,30,21,18,Clear,1,5235,0.6596651769659143,6378,200,26
2024-01-02 10:00:00,10,1,0,0,T1,6,18,13,16,Clear,1,846,0.5735273479949865,1087,108,25
2024-01-02 11:00:00,11,1,0,0,T1,12,13,11,8,Clear,1,1751,0.3380387713754578,1985,200,85
2024-01-02 12:00:00,12,1,0,0,T2,9,10,12,13,Clear,1,1388,0.40662155835437247,1680,200,58
2024-01-02 13:00:00,13,1,0,0,T3,12,19,9,18,Clear,1,1801,0.43556761423701984,2600,200,54
2024-01-02 14:00:00,14,1,0,0,T2,8,10,12,10,Clear,1,1644,0.5950828274056913,2063,200,51
2024-01-02 15:00:00,15,1,0,0,T1,12,19,13,18,Clear,1,1935,0.6734899072339022,2753,200,43
2024-01-02 16:00:00,16,1,0,0,T3,12,13,10,9,Clear,1,2031,0.5163269923184635,2733,200,50
2024-01-02 17:00:00,17,1,0,1,T1,26,32,18,10,Rainy,1,7254,0.3693341231714642,8480,200,23
2024-01-02 18:00:00,18,1,0,1,T3,18,32,24,13,Rainy,1,5658,0.5896018435712712,7036,200,31
2024-01-02 19:00:00,19,1,0,1,T3,28,26,20,16,Clear,1,7705,0.6690195576083983,9733,200,32
2024-01-02 20:00:00,20,1,0,1,T2,19,27,16,19,Clear,1,3874,0.6976403056441306,6223,200,42
2024-01-02 21:00:00,21,1,0,0,T1,11,17,8,14,Clear,1,1319,0.6547679182497517,2111,200,48
2024-01-02 22:00:00,22,1,0,0,T2,6,14,14,19,Clear,1,809,0.6106622430361153,1261,115,22
2024-01-02 23:00:00,23,1,0,0,T3,12,14,9,19,Clear,1,1896,0.4458609776181869,2762,200,46
2024-01-03 00:00:00,0,2,0,0,T2,5,16,11,17,Clear,1,840,0.611297847423028,1037,147,45
2024-01-03 01:00:00,1,2,0,0,T3,10,19,8,13,Foggy,1,2525,0.49129462009721914,3223,200,44
2024-01-03 02:00:00,2,2,0,0,T2,6,18,11,12,Rainy,1,1045,0.4240988155361279,1400,149,48
2024-01-03 03:00:00,3,2,0,0,T3,10,10,12,12,Clear,1,1549,0.49711494892625263,1970,200,83
2024-01-03 04:00:00,4,2,0,0,T1,6,15,14,9,Clear,1,714,0.4475584287064737,1029,111,42
2024-01-03 05:00:00,5,2,0,0,T3,13,16,13,12,Clear,1,2636,0.3344182165680962,2947,200,41
2024-01-03 06:00:00,6,2,0,1,T1,23,24,22,8,Rainy,1,7224,0.3826762917161603,8761,200,28
2024-01-03 07:00:00,7,2,0,1,T3,22,26,24,15,Clear,1,5076,0.576840640117732,5766,200,33
2024-01-03 08:00:00,8,2,0,1,T1,21,27,22,14,Clear,1,5540,0.42546363835542633,6617,200,25
2024-01-03 09:00:00,9,2,0,1,T1,19,30,20,11,Clear,1,3461,0.45219510315481865,4900,200,30
2024-01-03 10:00:00,10,2,0,0,T1,11,11,9,14,Clear,1,1907,0.43925830284597617,2668,200,85
2024-01-03 11:00:00,11,2,0,0,T3,6,19,9,8,Rainy,1,937,0.6067122465799906,1234,125,27
2024-01-03 12:00:00,12,2,0,0,T1,5,11,9,11,Clear,1,867,0.6955267524830263,1024,166,63
2024-01-03 13:00:00,13,2,0,0,T1,14,19,13,15,Rainy,1,2803,0.6848703696366414,4085,200,52
2024-01-03 14:00:00,14,2,0,0,T1,12,11,12,18,Clear,1,1332,0.6914367920970222,2087,200,76
2024-01-03 15:00:00,15,2,0,0,T1,5,13,13,18,Clear,1,881,0.5627627078382018,1075,100,26
2024-01-03 16:00:00,16,2,0,0,T3,6,10,14,9,Clear,1,831,0.5810209147967587,1348,141,38
2024-01-03 17:00:00,17,2,0,1,T3,25,28,24,18,Rainy,1,6558,0.5125338315891587,10737,200,25
2024-01-03 18:00:00,18,2,0,1,T3,27,26,15,14,Rainy,1,7746,0.3011819449902522,11070,200,43
2024-01-03 19:00:00,19,2,0,1,T1,27,30,15,15,Foggy,1,9356,0.6061915011690808,10997,200,32
2024-01-03 20:00:00,20,2,0,1,T2,23,20,19,16,Clear,1,5620,0.5542876542841222,8209,200,35
2024-01-03 21:00:00,21,2,0,0,T1,6,13,13,16,Clear,1,975,0.4779637638834676,1295,137,34
2024-01-03 22:00:00,22,2,0,0,T1,9,10,11,12,Clear,1,1249,0.6502343051022017,2006,200,92
2024-01-03 23:00:00,23,2,0,0,T2,12,13,13,9,Foggy,1,2327,0.5897507757469949,3270,200,84
2024-01-04 00:00:00,0,3,0,0,T3,5,14,8,15,Clear,1,712,0.3921783959931949,867,136,47
2024-01-04 01:00:00,1,3,0,0,T2,9,11,11,13,Rainy,1,1725,0.515899383294439,2011,200,52
2024-01-04 02:00:00,2,3,0,0,T3,6,16,13,11,Clear,1,917,0.4029299622065787,1401,152,27
2024-01-04 03:00:00,3,3,0,0,T2,5,19,11,14,Foggy,1,685,0.5813341850901741,1059,111,19
2024-01-04 04:00:00,4,3,0,0,T2,7,15,8,19,Clear,1,912,0.4769567288425415,1498,200,50
2024-01-04 05:00:00,5,3,0,0,T3,11,13,9,11,Clear,1,1151,0.5454040702843731,1896,200,50
2024-01-04 06:00:00,6,3,0,1,T2,15,33,15,15,Rainy,1,3775,0.4593533313215819,5311,200,24
2024-01-04 07:00:00,7,3,0,1,T2,20,32,22,16,Rainy,1,5138,0.4610577829560442,8537,200,21
2024-01-04 08:00:00,8,3,0,1,T2,22,33,20,10,Clear,1,5429,0.41743293209435633,7813,200,18
2024-01-04 09:00:00,9,3,0,1,T2,18,32,19,10,Clear,1,3807,0.6018013653548844,5733,200,29
2024-01-04 10:00:00,10,3,0,0,T2,12,19,13,11,Clear,1,1866,0.6336577421093278,2743,200,51
2024-01-04 11:00:00,11,3,0,0,T2,7,18,8,13,Clear,1,970,0.4160693011757318,1275,197,55
2024-01-04 12:00:00,12,3,0,0,T1,14,11,10,14,Rainy,1,3414,0.3577922544914309,4133,200,101
2024-01-04 13:00:00,13,3,0,0,T3,12,18,10,15,Clear,1,1744,0.5985313741970955,2359,200,63
2024-01-04 14:00:00,14,3,0,0,T1,11,19,10,14,Clear,1,1819,0.6503345102315217,2485,199,38
2024-01-04 15:00:00,15,3,0,0,T3,5,11,9,19,Foggy,1,785,0.31015763215207265,1116,200,72
2024-01-04 16:00:00,16,3,0,0,T1,7,18,8,11,Clear,1,1044,0.433684334958393,1388,200,65
2024-01-04 17:00:00,17,3,0,1,T3,29,21,22,15,Clear,1,6874,0.4697077721492606,9437,200,30
2024-01-04 18:00:00,18,3,0,1,T2,27,34,18,14,Clear,1,5591,0.3257758019065825,8227,200,27
2024-01-04 19:00:00,19,3,0,1,T2,24,32,17,13,Clear,1,6988,0.48276392343203045,8723,200,23
2024-01-04 20:00:00,20,3,0,1,T1,23,28,17,8,Rainy,1,7229,0.37699904052812205,9191,200,31
2024-01-04 21:00:00,21,3,0,0,T1,6,19,11,10,Clear,1,750,0.3263846350618347,1137,84,24
2024-01-04 22:00:00,22,3,0,0,T2,9,10,13,17,Rainy,1,1954,0.38469930297193067,2539,200,83
2024-01-04 23:00:00,23,3,0,0,T2,11,12,13,17,Clear,1,1763,0.6743620475465608,2146,200,69
2024-01-05 00:00:00,0,4,0,0,T1,8,18,13,18,Clear,1,1146,0.6684661081971518,1357,176,34
2024-01-05 01:00:00,1,4,0,0,T2,6,14,10,14,Clear,1,1135,0.5166405358063795,1302,167,36
2024-01-05 02:00:00,2,4,0,0,T1,7,19,9,10,Clear,1,986,0.6053157990254592,1562,200,50
2024-01-05 03:00:00,3,4,0,0,T1,6,15,11,14,Clear,1,850,0.3901358135018225,1085,139,55
2024-01-05 04:00:00,4,4,0,0,T2,7,16,8,18,Rainy,1,1314,0.49078318115780173,1995,200,91
2024-01-05 05:00:00,5,4,0,0,T1,12,15,14,10,Clear,1,1368,0.38203087348138165,2060,175,45
2024-01-05 06:00:00,6,4,0,1,T1,23,33,24,14,Clear,1,5259,0.3161592223200666,7250,200,27
2024-01-05 07:00:00,7,4,0,1,T1,15,29,19,9,Clear,1,3527,0.4016770487169308,4421,200,24
2024-01-05 08:00:00,8,4,0,1,T1,17,29,24,9,Clear,1,3200,0.3325589334316181,4646,200,24
2024-01-05 09:00:00,9,4,0,1,T2,16,30,22,10,Clear,1,3699,0.5859301382761111,5460,200,34
2024-01-05 10:00:00,10,4,0,0,T1,14,16,14,18,Clear,1,2329,0.6873859394752706,2761,200,35
2024-01-05 11:00:00,11,4,0,0,T1,13,11,11,18,Clear,1,2388,0.6247869773601886,3124,200,53
2024-01-05 12:00:00,12,4,0,0,T2,5,15,14,9,Clear,1,780,0.45911833549509534,1060,128,27
2024-01-05 13:00:00,13,4,0,0,T2,13,15,14,8,Rainy,1,1850,0.45431912922746476,3054,200,66
2024-01-05 14:00:00,14,4,0,0,T2,12,16,8,16,Rainy,1,1602,0.4329824163574376,2616,200,50
2024-01-05 15:00:00,15,4,0,0,T3,13,18,12,16,Rainy,1,2891,0.4992481133250533,3251,200,35
2024-01-05 16:00:00,16,4,0,0,T1,10,10,11,17,Clear,1,1503,0.42420670211032746,1912,200,93
2024-01-05 17:00:00,17,4,0,1,T3,18,31,24,13,Clear,1,4932,0.511123035843119,5745,200,20
2024-01-05 18:00:00,18,4,0,1,T1,29,21,18,16,Clear,1,6259,0.4737944452351111,8260,200,35
2024-01-05 19:00:00,19,4,0,1,T1,17,28,23,12,Clear,1,3917,0.3705112517593969,5074,200,40
2024-01-05 20:00:00,20,4,0,1,T2,26,28,24,14,Clear,1,5750,0.488493320221942,8876,200,24
2024-01-05 21:00:00,21,4,0,0,T1,9,19,9,10,Clear,1,1402,0.47072960531388874,1832,158,50
2024-01-05 22:00:00,22,4,0,0,T1,6,17,11,15,Clear,1,841,0.5771712542707406,1260,159,52
2024-01-05 23:00:00,23,4,0,0,T3,6,15,11,11,Clear,1,1110,0.5001703162068066,1324,168,36
2024-01-06 00:00:00,0,5,1,0,T3,8,12,14,14,Clear,1,1362,0.46046258129623835,2263,200,73
2024-01-06 01:00:00,1,5,1,0,T3,8,16,10,9,Clear,1,2162,0.45445570691815684,2543,200,46
2024-01-06 02:00:00,2,5,1,0,T2,5,14,9,10,Clear,1,1052,0.4282456632980721,1510,179,63
2024-01-06 03:00:00,3,5,1,0,T1,13,13,11,15,Clear,1,2739,0.4198663274416566,3106,200,52
2024-01-06 04:00:00,4,5,1,0,T1,12,14,10,15,Clear,1,3067,0.5548225088655774,3496,200,61
2024-01-06 05:00:00,5,5,1,0,T3,9,16,10,18,Clear,1,1355,0.5682366899017315,2128,200,49
2024-01-06 06:00:00,6,5,1,1,T2,18,27,24,11,Rainy,1,5576,0.40940242772231517,7761,200,27
2024-01-06 07:00:00,7,5,1,1,T1,15,31,17,14,Rainy,1,4678,0.4316792467647589,7145,200,27
2024-01-06 08:00:00,8,5,1,1,T2,24,23,24,17,Clear,1,9211,0.44834774356671225,10721,200,27
2024-01-06 09:00:00,9,5,1,1,T1,22,29,17,17,Clear,1,7169,0.5649593069846088,9283,200,25
2024-01-06 10:00:00,10,5,1,0,T1,11,16,10,13,Rainy,1,3104,0.4300160313107547,4005,200,53
2024-01-06 11:00:00,11,5,1,0,T1,9,10,9,11,Foggy,1,1959,0.5299812652524085,2467,200,110
2024-01-06 12:00:00,12,5,1,0,T1,6,15,13,18,Clear,1,1022,0.6472750646899894,1394,170,40
2024-01-06 13:00:00,13,5,1,0,T2,9,12,13,18,Rainy,1,2342,0.347446579576221,2718,200,54
2024-01-06 14:00:00,14,5,1,0,T2,11,16,9,19,Rainy,1,2681,0.6636161046521549,4096,200,40
2024-01-06 15:00:00,15,5,1,0,T2,8,12,13,14,Foggy,1,2123,0.5568714995224857,3126,200,66
2024-01-06 16:00:00,16,5,1,0,T1,8,19,11,18,Clear,1,1465,0.3067890592090697,1810,200,36
2024-01-06 17:00:00,17,5,1,1,T3,22,31,17,9,Rainy,1,8678,0.35533086156843413,10587,200,34
2024-01-06 18:00:00,18,5,1,1,T2,21,27,17,9,Foggy,1,8614,0.40270079282064164,11850,200,40
2024-01-06 19:00:00,19,5,1,1,T1,26,24,20,19,Clear,1,8119,0.44345947391849055,10811,200,35
2024-01-06 20:00:00,20,5,1,1,T1,23,33,24,12,Clear,1,7579,0.39554656494127516,9605,200,23
2024-01-06 21:00:00,21,5,1,0,T2,8,13,13,15,Clear,1,1981,0.3010548338813544,2454,200,65
2024-01-06 22:00:00,22,5,1,0,T1,13,12,12,18,Clear,1,2787,0.3334522044055449,3213,200,78
2024-01-06 23:00:00,23,5,1,0,T1,5,11,13,19,Foggy,1,1596,0.6531551618561817,2108,200,56
2024-01-07 00:00:00,0,6,1,0,T2,8,11,8,8,Foggy,1,1735,0.5384655376631597,2714,200,102
2024-01-07 01:00:00,1,6,1,0,T3,14,11,9,10,Foggy,1,4796,0.45272930190369665,5521,200,105
2024-01-07 02:00:00,2,6,1,0,T3,13,19,8,18,Clear,1,2833,0.6138592950810645,4217,200,61
2024-01-07 03:00:00,3,6,1,0,T1,8,17,14,17,Clear,1,1642,0.6859207372555581,2066,188,49
2024-01-07 04:00:00,4,6,1,0,T1,11,11,14,13,Clear,1,1999,0.4046074791965749,2642,200,71
2024-01-07 05:00:00,5,6,1,0,T2,5,16,12,11,Rainy,1,892,0.45887139232419955,1248,137,47
2024-01-07 06:00:00,6,6,1,1,T1,23,21,18,13,Rainy,1,11218,0.5456392970661177,13305,200,46
2024-01-07 07:00:00,7,6,1,1,T3,27,28,21,17,Clear,1,8442,0.6593109100188785,10107,200,28
2024-01-07 08:00:00,8,6,1,1,T2,27,33,17,17,Clear,1,7393,0.3798219905882648,12293,200,32
2024-01-07 09:00:00,9,6,1,1,T3,22,34,15,18,Clear,1,6554,0.4031958441877632,9372,200,22
2024-01-07 10:00:00,10,6,1,0,T2,5,16,14,15,Clear,1,1161,0.511203999936414,1383,127,37
2024-01-07 11:00:00,11,6,1,0,T1,13,15,10,13,Clear,1,2380,0.6112608411167497,2897,200,47
2024-01-07 12:00:00,12,6,1,0,T1,10,19,11,11,Rainy,1,3230,0.5319505459088149,3706,200,47
2024-01-07 13:00:00,13,6,1,0,T3,6,17,8,16,Clear,1,1245,0.33144777334637054,1717,200,62
2024-01-07 14:00:00,14,6,1,0,T2,12,17,13,10,Clear,1,3214,0.31445170979385234,3666,200,49
2024-01-07 15:00:00,15,6,1,0,T3,7,15,14,10,Rainy,1,1526,0.5185607576022653,2156,200,66
2024-01-07 16:00:00,16,6,1,0,T1,6,17,14,9,Foggy,1,1279,0.43204220948026273,1956,162,54
2024-01-07 17:00:00,17,6,1,1,T3,20,24,19,16,Clear,1,5321,0.5414920502233966,7121,200,32
2024-01-07 18:00:00,18,6,1,1,T3,24,33,21,19,Clear,1,8801,0.6724984710550828,11027,200,34
2024-01-07 19:00:00,19,6,1,1,T1,23,26,21,18,Foggy,1,8208,0.4742044705288717,9904,200,45
2024-01-07 20:00:00,20,6,1,1,T1,28,31,18,17,Rainy,1,12742,0.6156768959761452,14495,200,27
2024-01-07 21:00:00,21,6,1,0,T3,11,17,14,9,Clear,1,2098,0.35484527109725456,2577,200,60
2024-01-07 22:00:00,22,6,1,0,T2,13,18,13,10,Clear,1,3147,0.45473125983073076,4123,200,42
2024-01-07 23:00:00,23,6,1,0,T1,5,14,14,19,Clear,1,1012,0.43518312814597293,1464,123,36
2024-01-08 00:00:00,0,0,0,0,T2,6,15,14,14,Foggy,1,1181,0.598123890032602,1415,200,58
2024-01-08 01:00:00,1,0,0,0,T2,9,14,13,15,Clear,1,1303,0.41993973841875093,1481,196,73
2024-01-08 02:00:00,2,0,0,0,T1,6,17,12,10,Rainy,1,1197,0.6494364418813323,1493,200,57
2024-01-08 03:00:00,3,0,0,0,T2,7,16,8,14,Rainy,1,1433,0.41246834849915287,2067,200,53
2024-01-08 04:00:00,4,0,0,0,T1,8,19,8,19,Clear,1,1235,0.49109688760857295,1892,200,39
2024-01-08 05:00:00,5,0,0,0,T2,10,13,13,14,Clear,1,1539,0.47322564703652237,2466,200,65
2024-01-08 06:00:00,6,0,0,1,T2,28,25,17,13,Clear,1,6392,0.5152247137397016,8950,200,38
2024-01-08 07:00:00,7,0,0,1,T2,26,23,21,17,Rainy,1,7697,0.4596637737193367,10528,200,37
2024-01-08 08:00:00,8,0,0,1,T1,20,28,15,13,Clear,1,4844,0.6228705095891895,5597,200,21
2024-01-08 09:00:00,9,0,0,1,T1,26,29,19,10,Clear,1,5387,0.6111394063565436,7734,200,30
2024-01-08 10:00:00,10,0,0,0,T1,7,19,12,15,Clear,1,876,0.46091889701003574,1202,100,13
2024-01-08 11:00:00,11,0,0,0,T1,6,17,13,10,Clear,1,956,0.6447376552426791,1377,170,49
2024-01-08 12:00:00,12,0,0,0,T1,11,10,12,17,Clear,1,2160,0.45623039686834693,2532,200,63
2024-01-08 13:00:00,13,0,0,0,T2,14,10,14,16,Foggy,1,3176,0.41099892459030296,3929,200,104
2024-01-08 14:00:00,14,0,0,0,T1,6,13,13,8,Foggy,1,1203,0.6024244454408875,1723,200,94
2024-01-08 15:00:00,15,0,0,0,T1,13,19,10,15,Foggy,1,2994,0.5085237111486295,3353,200,67
2024-01-08 16:00:00,16,0,0,0,T2,9,11,12,18,Clear,1,1605,0.33335013439098415,2060,200,58
2024-01-08 17:00:00,17,0,0,1,T1,21,26,23,19,Clear,1,4603,0.6762211442069943,5601,200,26
2024-01-08 18:00:00,18,0,0,1,T1,23,28,17,10,Clear,1,6688,0.46773484650313657,8251,200,38
2024-01-08 19:00:00,19,0,0,1,T3,22,29,16,10,Rainy,1,7606,0.5716636102279491,8475,200,46
2024-01-08 20:00:00,20,0,0,1,T1,22,20,20,19,Clear,1,7166,0.5751221730548037,8080,200,47
2024-01-08 21:00:00,21,0,0,0,T3,11,11,13,17,Clear,1,2039,0.5386482154502019,2543,200,87
2024-01-08 22:00:00,22,0,0,0,T1,11,17,10,19,Clear,1,1254,0.5251020907759848,2008,177,39
2024-01-08 23:00:00,23,0,0,0,T2,8,14,11,16,Rainy,1,1893,0.4796327476127112,2192,200,70
2024-01-09 00:00:00,0,1,0,0,T2,5,16,9,19,Clear,1,836,0.681974828703308,1141,185,54
2024-01-09 01:00:00,1,1,0,0,T1,8,19,11,10,Clear,1,902,0.43843713106677823,1395,135,32
2024-01-09 02:00:00,2,1,0,0,T3,6,16,10,19,Clear,1,961,0.6378004941265335,1072,126,47
2024-01-09 03:00:00,3,1,0,0,T1,7,12,9,15,Rainy,1,1164,0.3657567604446761,1767,200,98
2024-01-09 04:00:00,4,1,0,0,T1,14,13,9,12,Clear,1,1942,0.4708883778638887,2460,200,46
2024-01-09 05:00:00,5,1,0,0,T1,9,17,11,18,Rainy,1,1386,0.3956295042368469,2129,200,63
2024-01-09 06:00:00,6,1,0,1,T1,16,33,18,15,Clear,1,3757,0.5126912380355936,4918,200,31
2024-01-09 07:00:00,7,1,0,1,T3,25,21,20,16,Clear,1,5275,0.4872552177177437,6649,200,48
2024-01-09 08:00:00,8,1,0,1,T2,27,33,18,14,Clear,1,7514,0.6575843213550842,8432,200,24
2024-01-09 09:00:00,9,1,0,1,T2,20,32,22,10,Rainy,1,6952,0.31548753853478667,7989,200,32
2024-01-09 10:00:00,10,1,0,0,T2,5,11,10,11,Foggy,1,1021,0.6008824419344944,1270,200,85
2024-01-09 11:00:00,11,1,0,0,T1,5,18,14,15,Rainy,1,719,0.4951890280422583,1084,107,26
2024-01-09 12:00:00,12,1,0,0,T3,5,18,8,18,Clear,1,931,0.32042047996438605,1071,129,42
2024-01-09 13:00:00,13,1,0,0,T1,11,10,14,10,Clear,1,1362,0.6874083720616256,2157,200,58
2024-01-09 14:00:00,14,1,0,0,T2,5,15,10,9,Clear,1,836,0.3661320509651821,973,90,22
2024-01-09 15:00:00,15,1,0,0,T3,9,15,8,8,Clear,1,1308,0.37281644474902825,1823,200,44
2024-01-09 16:00:00,16,1,0,0,T1,6,12,12,8,Clear,1,957,0.5225851274697594,1357,128,37
2024-01-09 17:00:00,17,1,0,1,T1,18,33,18,10,Clear,1,4120,0.47077037455735826,5426,200,24
2024-01-09 18:00:00,18,1,0,1,T1,26,32,24,10,Clear,1,7499,0.3689700253772681,9431,200,25
2024-01-09 19:00:00,19,1,0,1,T1,16,31,16,8,Foggy,1,5250,0.4890621971075396,7604,200,48
2024-01-09 20:00:00,20,1,0,1,T1,24,32,23,10,Clear,1,5478,0.35113505703058684,6263,200,14
2024-01-09 21:00:00,21,1,0,0,T2,14,16,9,10,Clear,1,1787,0.46848703925733104,2749,200,44
2024-01-09 22:00:00,22,1,0,0,T1,12,14,10,13,Clear,1,2546,0.5700924256355507,2865,200,50
2024-01-09 23:00:00,23,1,0,0,T2,11,15,14,16,Clear,1,1581,0.5598557624040281,2461,200,41
2024-01-10 00:00:00,0,2,0,0,T1,7,12,8,13,Clear,1,802,0.3851449759538322,1189,143,57
2024-01-10 01:00:00,1,2,0,0,T2,5,10,8,11,Clear,1,663,0.4168440311351233,1004,148,62
2024-01-10 02:00:00,2,2,0,0,T1,11,18,9,13,Clear,1,1491,0.5842305787258899,2478,200,64
2024-01-10 03:00:00,3,2,0,0,T1,6,19,14,14,Clear,1,940,0.37070324663849397,1410,119,20
2024-01-10 04:00:00,4,2,0,0,T2,5,16,14,9,Clear,1,1022,0.35430935296877153,1244,146,40
2024-01-10 05:00:00,5,2,0,0,T1,14,14,9,17,Clear,1,2481,0.47770273851107137,2914,200,62
2024-01-10 06:00:00,6,2,0,1,T2,22,31,24,12,Rainy,1,6033,0.6197495066524132,7488,200,34
2024-01-10 07:00:00,7,2,0,1,T1,27,28,17,11,Clear,1,6479,0.4297150432130718,9238,200,27
2024-01-10 08:00:00,8,2,0,1,T2,22,22,18,9,Clear,1,4139,0.604831938241152,6010,200,40
2024-01-10 09:00:00,9,2,0,1,T2,17,32,18,19,Foggy,1,4078,0.400108244952236,6677,200,47
2024-01-10 10:00:00,10,2,0,0,T1,11,13,14,14,Clear,1,1835,0.5631100611350435,2118,200,60
2024-01-10 11:00:00,11,2,0,0,T1,5,15,10,9,Rainy,1,839,0.34553211414879753,943,152,39
2024-01-10 12:00:00,12,2,0,0,T1,8,15,9,9,Clear,1,1218,0.4226138629388674,1843,200,67
2024-01-10 13:00:00,13,2,0,0,T1,13,15,8,8,Foggy,1,2355,0.4190047584957922,2984,200,97
2024-01-10 14:00:00,14,2,0,0,T2,5,12,11,13,Clear,1,767,0.32468736810510906,1163,109,34
2024-01-10 15:00:00,15,2,0,0,T2,6,12,10,16,Foggy,1,1716,0.6824534187331143,1912,200,86
2024-01-10 16:00:00,16,2,0,0,T3,9,19,10,10,Rainy,1,1925,0.6952880866148041,2152,190,70
2024-01-10 17:00:00,17,2,0,1,T3,22,21,15,8,Clear,1,6451,0.33836438536216407,7520,200,46
2024-01-10 18:00:00,18,2,0,1,T2,23,24,18,11,Clear,1,7027,0.6133111084259761,8505,200,34
2024-01-10 19:00:00,19,2,0,1,T3,23,25,18,17,Clear,1,6716,0.5742500813458767,7916,200,38
2024-01-10 20:00:00,20,2,0,1,T2,18,23,20,16,Clear,1,3829,0.5929542728075328,5389,200,36
2024-01-10 21:00:00,21,2,0,0,T2,13,19,13,15,Clear,1,2065,0.592779082650714,2541,200,46
2024-01-10 22:00:00,22,2,0,0,T2,14,17,12,11,Foggy,1,3368,0.4249572010230545,4303,200,62
2024-01-10 23:00:00,23,2,0,0,T1,11,19,12,8,Clear,1,1298,0.3729374953840625,1989,200,60
2024-01-11 00:00:00,0,3,0,0,T2,13,13,11,19,Foggy,1,2385,0.4242477687860633,2986,200,57
2024-01-11 01:00:00,1,3,0,0,T2,6,18,9,19,Rainy,1,1246,0.6264999094089905,1660,200,54
2024-01-11 02:00:00,2,3,0,0,T1,7,15,9,16,Rainy,1,1714,0.5601928246184754,1930,200,54
2024-01-11 03:00:00,3,3,0,0,T2,10,17,14,19,Clear,1,1809,0.3867504478871721,2365,199,54
2024-01-11 04:00:00,4,3,0,0,T2,11,17,10,14,Clear,1,2341,0.5850658721812423,2880,200,59
2024-01-11 05:00:00,5,3,0,0,T1,6,12,9,13,Clear,1,1147,0.6165503103850073,1408,200,90
2024-01-11 06:00:00,6,3,0,1,T1,25,31,21,8,Foggy,1,7049,0.3661768808286401,11190,200,35
2024-01-11 07:00:00,7,3,0,1,T2,24,32,17,17,Clear,1,5408,0.3310527299526429,6754,200,26
2024-01-11 08:00:00,8,3,0,1,T3,21,31,19,9,Clear,1,5244,0.4456209433057978,6940,200,32
2024-01-11 09:00:00,9,3,0,1,T3,15,20,23,16,Clear,1,3022,0.5097968270033928,4945,200,37
2024-01-11 10:00:00,10,3,0,0,T1,8,19,11,16,Clear,1,994,0.3038570382417993,1430,124,20
2024-01-11 11:00:00,11,3,0,0,T1,14,17,11,13,Rainy,1,2779,0.35651696560163815,3128,200,76
2024-01-11 12:00:00,12,3,0,0,T2,11,18,10,12,Clear,1,1898,0.3358437879136803,2345,200,38
2024-01-11 13:00:00,13,3,0,0,T1,8,11,11,9,Clear,1,1015,0.6488220846679994,1552,200,47
2024-01-11 14:00:00,14,3,0,0,T3,9,16,9,18,Rainy,1,1705,0.39972698925280953,1905,194,66
2024-01-11 15:00:00,15,3,0,0,T2,7,12,8,12,Rainy,1,1514,0.36593850236459735,2049,200,103
2024-01-11 16:00:00,16,3,0,0,T2,8,12,14,15,Clear,1,1736,0.4556015757957235,1982,190,41
2024-01-11 17:00:00,17,3,0,1,T1,23,32,21,16,Clear,1,5492,0.6897555370614854,6789,200,28
2024-01-11 18:00:00,18,3,0,1,T1,24,29,23,11,Clear,1,5577,0.6664227518359241,7223,200,33
2024-01-11 19:00:00,19,3,0,1,T1,15,30,20,9,Clear,1,3237,0.47589165499133,4073,200,30
2024-01-11 20:00:00,20,3,0,1,T1,23,23,19,13,Foggy,1,7730,0.48892936383068786,11000,200,39
2024-01-11 21:00:00,21,3,0,0,T2,5,17,9,10,Clear,1,649,0.34326513579923384,1076,131,27
2024-01-11 22:00:00,22,3,0,0,T2,8,16,13,14,Clear,1,1252,0.5286476965045178,2028,193,35
2024-01-11 23:00:00,23,3,0,0,T2,13,13,14,12,Clear,1,1925,0.6544491603679706,2927,200,56
2024-01-12 00:00:00,0,4,0,0,T1,7,13,12,8,Clear,1,1061,0.5111416414766459,1542,160,57
2024-01-12 01:00:00,1,4,0,0,T3,13,14,11,18,Rainy,1,2194,0.5483582862719786,3438,200,82
2024-01-12 02:00:00,2,4,0,0,T3,11,16,12,19,Clear,1,1599,0.4122559327998498,2053,200,61
2024-01-12 03:00:00,3,4,0,0,T1,8,18,14,8,Clear,1,1520,0.6665239176176874,1940,200,44
2024-01-12 04:00:00,4,4,0,0,T3,13,14,9,16,Clear,1,1965,0.42578567781104315,2678,200,53
2024-01-12 05:00:00,5,4,0,0,T2,11,12,12,19,Clear,1,1471,0.5964703897227284,2051,200,78
2024-01-12 06:00:00,6,4,0,1,T1,20,29,15,14,Clear,1,5039,0.6189550267276156,5734,200,31
2024-01-12 07:00:00,7,4,0,1,T1,29,24,19,18,Clear,1,7483,0.5333198678412816,9383,200,42
2024-01-12 08:00:00,8,4,0,1,T1,24,25,19,16,Clear,1,5044,0.3804184790652715,6132,200,24
2024-01-12 09:00:00,9,4,0,1,T2,15,26,24,10,Clear,1,3680,0.5456210609097841,4453,200,28
2024-01-12 10:00:00,10,4,0,0,T1,12,17,11,10,Clear,1,1393,0.3195424087102187,2055,200,60
2024-01-12 11:00:00,11,4,0,0,T1,8,18,11,9,Clear,1,1087,0.467239505167769,1784,200,47
2024-01-12 12:00:00,12,4,0,0,T2,10,10,9,11,Rainy,1,1548,0.6975844857122624,2279,200,115
2024-01-12 13:00:00,13,4,0,0,T1,10,16,13,18,Clear,1,1198,0.5081871541323426,1719,155,46
2024-01-12 14:00:00,14,4,0,0,T3,10,11,9,8,Clear,1,1880,0.39586601120103326,2468,200,59
2024-01-12 15:00:00,15,4,0,0,T3,11,10,10,11,Rainy,1,2490,0.30800505527525657,2789,200,107
2024-01-12 16:00:00,16,4,0,0,T1,13,18,13,8,Foggy,1,2544,0.5909835157401853,4040,200,82
2024-01-12 17:00:00,17,4,0,1,T1,22,22,17,8,Rainy,1,5489,0.6033021774389573,8499,200,58
2024-01-12 18:00:00,18,4,0,1,T1,18,26,24,17,Clear,1,2827,0.3146573842637586,4707,200,37
2024-01-12 19:00:00,19,4,0,1,T2,20,31,23,15,Clear,1,4316,0.6828059124373412,5300,200,24
2024-01-12 20:00:00,20,4,0,1,T2,23,26,18,14,Clear,1,5764,0.5010807818406409,7412,200,38
2024-01-12 21:00:00,21,4,0,0,T3,12,10,13,16,Clear,1,1847,0.43358420686478477,2522,200,74
2024-01-12 22:00:00,22,4,0,0,T2,6,14,13,18,Clear,1,956,0.4814679712624244,1287,165,35
2024-01-12 23:00:00,23,4,0,0,T2,8,14,8,17,Clear,1,937,0.5857480520264035,1308,138,44
2024-01-13 00:00:00,0,5,1,0,T1,6,19,9,14,Rainy,1,1627,0.5559371454005853,2282,197,71
2024-01-13 01:00:00,1,5,1,0,T1,6,11,13,8,Foggy,1,1952,0.6664069634918195,2279,200,92
2024-01-13 02:00:00,2,5,1,0,T3,14,16,12,11,Clear,1,3675,0.3172980167085793,4243,200,57
2024-01-13 03:00:00,3,5,1,0,T3,7,13,13,17,Clear,1,1458,0.38533760542565154,1954,200,48
2024-01-13 04:00:00,4,5,1,0,T1,12,16,8,16,Clear,1,3240,0.614252972859797,3864,200,69
2024-01-13 05:00:00,5,5,1,0,T1,7,18,13,18,Foggy,1,1685,0.4721611757414881,2482,200,75
2024-01-13 06:00:00,6,5,1,1,T2,29,25,24,11,Clear,1,11148,0.44470076664911923,14254,200,31
2024-01-13 07:00:00,7,5,1,1,T2,24,28,18,11,Clear,1,7306,0.5752907515230927,8907,200,36
2024-01-13 08:00:00,8,5,1,1,T3,25,26,23,19,Clear,1,6828,0.5776356099211999,9795,200,37
2024-01-13 09:00:00,9,5,1,1,T3,21,24,22,18,Clear,1,6590,0.6841157029461444,8339,200,38
2024-01-13 10:00:00,10,5,1,0,T2,10,10,11,8,Clear,1,2060,0.5818771161933225,3246,200,66
2024-01-13 11:00:00,11,5,1,0,T1,8,17,14,14,Rainy,1,1806,0.5701375886708748,2294,200,63
2024-01-13 12:00:00,12,5,1,0,T2,11,18,13,10,Foggy,1,2565,0.6807052690123446,3170,200,58
2024-01-13 13:00:00,13,5,1,0,T2,5,13,14,13,Clear,1,1038,0.6089105316167571,1372,171,39
2024-01-13 14:00:00,14,5,1,0,T1,13,16,11,9,Clear,1,2874,0.4225885667415304,4039,200,68
2024-01-13 15:00:00,15,5,1,0,T3,8,17,8,9,Clear,1,2184,0.46766241392074115,2519,200,40
2024-01-13 16:00:00,16,5,1,0,T3,7,12,14,16,Clear,1,1773,0.6801458565163301,1999,200,76
2024-01-13 17:00:00,17,5,1,1,T1,28,33,21,17,Clear,1,7481,0.33925517409241895,10481,200,22
2024-01-13 18:00:00,18,5,1,1,T3,26,29,24,13,Clear,1,7464,0.3715207250715505,11941,200,21
2024-01-13 19:00:00,19,5,1,1,T1,25,28,22,9,Clear,1,7822,0.5734504852762081,11377,200,20
2024-01-13 20:00:00,20,5,1,1,T3,22,20,20,9,Foggy,1,9023,0.6495321109426144,13448,200,46
2024-01-13 21:00:00,21,5,1,0,T2,5,17,12,15,Clear,1,1229,0.4651888617731246,1467,107,39
2024-01-13 22:00:00,22,5,1,0,T3,13,15,8,8,Clear,1,1925,0.6073632997723464,3042,200,59
2024-01-13 23:00:00,23,5,1,0,T1,7,14,12,17,Clear,1,1108,0.5236637373787718,1800,200,41
2024-01-14 00:00:00,0,6,1,0,T2,12,17,11,12,Clear,1,2784,0.5861711285205351,3983,200,32
2024-01-14 01:00:00,1,6,1,0,T2,10,11,14,11,Clear,1,1980,0.655770707835691,3158,200,51
2024-01-14 02:00:00,2,6,1,0,T3,11,13,12,16,Foggy,1,3700,0.6067311926373107,4475,200,95
2024-01-14 03:00:00,3,6,1,0,T1,13,16,11,14,Clear,1,3581,0.6847438225316715,4164,200,45
2024-01-14 04:00:00,4,6,1,0,T2,7,15,12,16,Rainy,1,1927,0.5447052669273988,2193,200,75
2024-01-14 05:00:00,5,6,1,0,T1,10,17,10,10,Clear,1,2070,0.5006812870025338,3116,200,35
2024-01-14 06:00:00,6,6,1,1,T1,29,20,19,10,Clear,1,8708,0.6171431255565203,10190,200,26
2024-01-14 07:00:00,7,6,1,1,T1,27,33,23,8,Clear,1,8249,0.5247705083973817,11731,200,34
2024-01-14 08:00:00,8,6,1,1,T3,17,32,21,9,Clear,1,5153,0.4030566018502418,6707,200,19
2024-01-14 09:00:00,9,6,1,1,T1,19,31,23,19,Clear,1,3922,0.3263332261519145,6237,200,29
2024-01-14 10:00:00,10,6,1,0,T2,14,12,9,17,Rainy,1,3151,0.5941495170973299,3758,200,102
2024-01-14 11:00:00,11,6,1,0,T2,8,10,11,19,Clear,1,1177,0.3046347554705452,1718,200,55
2024-01-14 12:00:00,12,6,1,0,T2,10,10,11,18,Clear,1,2445,0.6217505460307153,3238,200,69
2024-01-14 13:00:00,13,6,1,0,T1,14,14,12,14,Rainy,1,3262,0.3456760300040323,4041,200,85
2024-01-14 14:00:00,14,6,1,0,T2,8,17,12,9,Clear,1,1359,0.6370810119063547,1938,200,37
2024-01-14 15:00:00,15,6,1,0,T3,8,16,11,19,Clear,1,1742,0.5584380621735382,2257,196,46
2024-01-14 16:00:00,16,6,1,0,T1,11,19,11,8,Clear,1,2596,0.5029695565243867,3190,200,35
2024-01-14 17:00:00,17,6,1,1,T2,18,22,21,9,Foggy,1,5852,0.5943829260663155,8953,200,37
2024-01-14 18:00:00,18,6,1,1,T1,22,25,16,10,Clear,1,6656,0.5262672173595886,10699,200,32
2024-01-14 19:00:00,19,6,1,1,T1,20,31,22,9,Rainy,1,5860,0.4340275479839398,7808,200,22
2024-01-14 20:00:00,20,6,1,1,T1,15,33,15,14,Foggy,1,7755,0.5560510933099659,8804,200,41
2024-01-14 21:00:00,21,6,1,0,T3,11,15,10,17,Clear,1,2789,0.42573522447408835,3152,200,47
2024-01-14 22:00:00,22,6,1,0,T1,14,10,14,11,Clear,1,2268,0.6177514476660217,3588,200,50
2024-01-14 23:00:00,23,6,1,0,T1,8,17,9,18,Rainy,1,1524,0.3906569001412749,2465,200,57
2024-01-15 00:00:00,0,0,0,0,T2,11,14,9,17,Clear,1,1605,0.6225648677989783,2227,200,74
2024-01-15 01:00:00,1,0,0,0,T1,8,11,11,12,Clear,1,1117,0.4947592536518872,1810,200,84
2024-01-15 02:00:00,2,0,0,0,T1,10,17,12,15,Clear,1,1737,0.657207204552829,2119,200,50
2024-01-15 03:00:00,3,0,0,0,T3,7,12,8,19,Rainy,1,1327,0.6958120704125581,1667,200,86
2024-01-15 04:00:00,4,0,0,0,T2,13,14,8,13,Clear,1,1631,0.5815638844938681,2243,200,44
2024-01-15 05:00:00,5,0,0,0,T2,6,12,12,19,Clear,1,883,0.3337758077535822,1366,187,77
2024-01-15 06:00:00,6,0,0,1,T2,19,31,21,17,Clear,1,4575,0.41598921797981014,7035,200,29
2024-01-15 07:00:00,7,0,0,1,T2,19,29,21,19,Foggy,1,6668,0.5074142717178468,8355,200,30
2024-01-15 08:00:00,8,0,0,1,T2,18,26,19,10,Rainy,1,5068,0.3863011598893254,6001,200,37
2024-01-15 09:00:00,9,0,0,1,T1,22,29,21,12,Clear,1,6954,0.35965898969539245,7994,200,37
2024-01-15 10:00:00,10,0,0,0,T2,12,10,12,18,Clear,1,1870,0.4982809243516367,2540,200,75
2024-01-15 11:00:00,11,0,0,0,T2,5,10,8,17,Clear,1,885,0.5286139723541653,1215,200,104
2024-01-15 12:00:00,12,0,0,0,T1,6,17,13,15,Clear,1,929,0.4227328561681206,1419,129,24
2024-01-15 13:00:00,13,0,0,0,T3,6,19,8,13,Rainy,1,1496,0.310480501548652,1835,180,41
2024-01-15 14:00:00,14,0,0,0,T3,5,14,8,17,Foggy,1,1214,0.5370657409741528,1569,200,56
2024-01-15 15:00:00,15,0,0,0,T3,5,13,11,12,Clear,1,901,0.34110225167486785,1067,145,61
2024-01-15 16:00:00,16,0,0,0,T2,10,18,14,12,Clear,1,1714,0.6810187044330673,2014,131,34
2024-01-15 17:00:00,17,0,0,1,T1,27,25,18,19,Clear,1,5186,0.5573859688283287,8420,200,26
2024-01-15 18:00:00,18,0,0,1,T1,25,23,23,9,Clear,1,7683,0.3037419156817026,9115,200,36
2024-01-15 19:00:00,19,0,0,1,T2,25,29,16,13,Clear,1,5312,0.5701118588579421,6974,200,26
2024-01-15 20:00:00,20,0,0,1,T2,27,29,20,14,Clear,1,6163,0.41124997136697616,9237,200,21
2024-01-15 21:00:00,21,0,0,0,T2,8,16,14,19,Rainy,1,1260,0.4415982277627932,1810,200,49
2024-01-15 22:00:00,22,0,0,0,T2,14,13,8,13,Clear,1,2306,0.6406621572278428,2776,200,55
2024-01-15 23:00:00,23,0,0,0,T1,14,14,9,19,Clear,1,1617,0.3874853469932622,2583,200,54
2024-01-16 00:00:00,0,1,0,0,T2,12,12,8,16,Foggy,1,2765,0.4073027994096497,3106,200,88
2024-01-16 01:00:00,1,1,0,0,T2,7,14,8,18,Clear,1,1154,0.31848780998622434,1571,193,49
2024-01-16 02:00:00,2,1,0,0,T1,12,12,9,15,Clear,1,1244,0.6441190629796003,2029,200,66
2024-01-16 03:00:00,3,1,0,0,T2,12,11,14,18,Clear,1,2129,0.48893394758210595,2659,200,75
2024-01-16 04:00:00,4,1,0,0,T2,12,16,12,9,Rainy,1,2376,0.6770167215161456,3529,200,46
2024-01-16 05:00:00,5,1,0,0,T2,13,16,12,14,Foggy,1,3122,0.47313742704758444,4109,200,54
2024-01-16 06:00:00,6,1,0,1,T2,24,34,18,12,Clear,1,6158,0.4342510912091934,7554,200,17
2024-01-16 07:00:00,7,1,0,1,T3,24,25,17,19,Clear,1,6187,0.5595212301583949,8763,200,43
2024-01-16 08:00:00,8,1,0,1,T1,25,24,18,17,Foggy,1,9507,0.5221616463403372,12272,200,32
2024-01-16 09:00:00,9,1,0,1,T3,28,27,23,17,Clear,1,6678,0.44220624724106194,10144,200,29
2024-01-16 10:00:00,10,1,0,0,T1,14,17,10,15,Clear,1,2465,0.39230324022740337,3468,200,50
2024-01-16 11:00:00,11,1,0,0,T3,9,10,11,10,Clear,1,1594,0.35048453768106896,2146,200,95
2024-01-16 12:00:00,12,1,0,0,T1,11,17,10,11,Clear,1,1833,0.6161308247354071,2159,200,59
2024-01-16 13:00:00,13,1,0,0,T2,11,10,10,11,Clear,1,2044,0.46192646623874534,2574,200,78
2024-01-16 14:00:00,14,1,0,0,T2,5,19,14,19,Clear,1,870,0.6936829818065757,993,68,13
2024-01-16 15:00:00,15,1,0,0,T1,12,19,13,10,Clear,1,1733,0.5930500352495007,2059,161,29
2024-01-16 16:00:00,16,1,0,0,T2,11,13,14,10,Clear,1,1469,0.4524285024864806,1979,200,46
2024-01-16 17:00:00,17,1,0,1,T3,21,23,24,12,Clear,1,4989,0.5344792259410445,7488,200,35
2024-01-16 18:00:00,18,1,0,1,T3,28,27,24,16,Clear,1,8276,0.3063197796815956,9949,200,34
2024-01-16 19:00:00,19,1,0,1,T1,23,26,20,19,Clear,1,4710,0.49511407304905336,6896,200,25
2024-01-16 20:00:00,20,1,0,1,T2,20,21,15,12,Clear,1,5156,0.5317750215376991,5739,200,31
2024-01-16 21:00:00,21,1,0,0,T3,10,12,8,13,Clear,1,1200,0.5663900280247359,1707,176,58
2024-01-16 22:00:00,22,1,0,0,T1,14,10,9,11,Foggy,1,3483,0.6519184260294695,4207,200,114
2024-01-16 23:00:00,23,1,0,0,T2,10,12,10,14,Clear,1,1444,0.5668171368184682,1716,194,75
2024-01-17 00:00:00,0,2,0,0,T3,7,15,8,14,Foggy,1,1545,0.3501279989567863,2058,200,83
2024-01-17 01:00:00,1,2,0,0,T1,5,10,9,19,Rainy,1,887,0.5881639227960038,1066,147,76
2024-01-17 02:00:00,2,2,0,0,T3,10,11,14,15,Clear,1,1828,0.5371347927424771,2141,200,59
2024-01-17 03:00:00,3,2,0,0,T1,6,11,10,13,Clear,1,931,0.5782840966973672,1342,154,49
2024-01-17 04:00:00,4,2,0,0,T2,12,12,9,8,Clear,1,2007,0.3730870728319012,2960,200,44
2024-01-17 05:00:00,5,2,0,0,T3,14,12,14,8,Clear,1,2103,0.5208101115162569,2935,200,61
2024-01-17 06:00:00,6,2,0,1,T2,18,26,15,12,Clear,1,3996,0.3551950927299841,6512,200,21
2024-01-17 07:00:00,7,2,0,1,T2,26,33,15,15,Clear,1,6395,0.5161181879418062,9285,200,27
2024-01-17 08:00:00,8,2,0,1,T2,28,33,19,15,Clear,1,6641,0.4050552687564307,10269,200,21
2024-01-17 09:00:00,9,2,0,1,T1,26,22,24,18,Clear,1,5380,0.6366778632813026,7221,200,38
2024-01-17 10:00:00,10,2,0,0,T3,5,12,10,9,Clear,1,638,0.36129690039641493,947,122,46
2024-01-17 11:00:00,11,2,0,0,T3,14,11,14,14,Clear,1,2225,0.540523857581825,3216,200,49
2024-01-17 12:00:00,12,2,0,0,T1,8,14,14,16,Clear,1,1760,0.4269609504726302,2001,181,55
2024-01-17 13:00:00,13,2,0,0,T2,11,16,12,11,Rainy,1,1397,0.5999239963862497,2254,200,74
2024-01-17 14:00:00,14,2,0,0,T1,12,16,9,15,Clear,1,2489,0.41867288081577086,2818,200,43
2024-01-17 15:00:00,15,2,0,0,T1,10,14,9,14,Clear,1,1795,0.5497151442030849,2430,200,78
2024-01-17 16:00:00,16,2,0,0,T3,9,13,12,8,Clear,1,1818,0.30796493195343105,2290,200,68
2024-01-17 17:00:00,17,2,0,1,T1,27,27,15,11,Clear,1,6393,0.4788872250356767,8700,200,38
2024-01-17 18:00:00,18,2,0,1,T2,20,20,21,19,Clear,1,4318,0.5307240933799188,6471,200,38
2024-01-17 19:00:00,19,2,0,1,T3,28,32,18,8,Rainy,1,7505,0.35763735088139664,11472,200,25
2024-01-17 20:00:00,20,2,0,1,T1,23,29,20,15,Clear,1,5634,0.37584510582198616,7021,200,21
2024-01-17 21:00:00,21,2,0,0,T1,6,14,10,8,Clear,1,745,0.3972859768645839,1181,105,38
2024-01-17 22:00:00,22,2,0,0,T3,10,15,14,19,Clear,1,1720,0.602504145021143,2316,200,54
2024-01-17 23:00:00,23,2,0,0,T2,6,10,8,13,Clear,1,928,0.44636224915550915,1047,126,45
2024-01-18 00:00:00,0,3,0,0,T2,6,18,12,17,Clear,1,869,0.6527372252219208,1073,82,16
2024-01-18 01:00:00,1,3,0,0,T3,7,19,13,12,Clear,1,1397,0.34036494641373705,1654,134,36
2024-01-18 02:00:00,2,3,0,0,T1,12,19,11,9,Clear,1,2504,0.36806042738255335,2838,200,46
2024-01-18 03:00:00,3,3,0,0,T2,11,16,14,17,Clear,1,2067,0.3532277127320121,2519,200,46
2024-01-18 04:00:00,4,3,0,0,T1,14,13,14,11,Foggy,1,2719,0.6085945844543303,4161,200,78
2024-01-18 05:00:00,5,3,0,0,T1,13,12,11,9,Rainy,1,2297,0.6923820333544267,3704,200,71
2024-01-18 06:00:00,6,3,0,1,T2,17,20,17,15,Clear,1,4007,0.6816091845800212,4663,200,50
2024-01-18 07:00:00,7,3,0,1,T1,27,20,15,8,Rainy,1,8524,0.5380461945034496,9792,200,61
2024-01-18 08:00:00,8,3,0,1,T3,22,22,22,12,Clear,1,5145,0.41022691030142044,7179,200,29
2024-01-18 09:00:00,9,3,0,1,T2,19,25,20,13,Rainy,1,3879,0.5326428550387718,5920,200,32
2024-01-18 10:00:00,10,3,0,0,T1,6,11,11,10,Foggy,1,1168,0.6427925302886006,1787,200,72
2024-01-18 11:00:00,11,3,0,0,T1,7,19,9,11,Clear,1,977,0.5620777295695285,1411,157,42
2024-01-18 12:00:00,12,3,0,0,T3,5,19,12,13,Clear,1,949,0.4383376787032468,1214,83,24
2024-01-18 13:00:00,13,3,0,0,T1,10,10,14,14,Foggy,1,2283,0.6995295244852962,3139,200,80
2024-01-18 14:00:00,14,3,0,0,T1,9,10,11,14,Clear,1,1393,0.4269800092232209,2113,200,51
2024-01-18 15:00:00,15,3,0,0,T2,13,19,13,14,Clear,1,1660,0.4004622224159254,2502,200,34
2024-01-18 16:00:00,16,3,0,0,T2,9,18,8,14,Rainy,1,1356,0.4431311302107372,1762,200,65
2024-01-18 17:00:00,17,3,0,1,T2,17,24,22,17,Clear,1,4106,0.6192683273841096,4637,200,47
2024-01-18 18:00:00,18,3,0,1,T2,21,26,20,19,Clear,1,6689,0.581262141319032,7897,200,24
2024-01-18 19:00:00,19,3,0,1,T1,20,34,15,8,Clear,1,4743,0.6796784785455625,5501,200,29
2024-01-18 20:00:00,20,3,0,1,T2,19,27,15,12,Clear,1,5958,0.5218229906204733,6869,200,43
2024-01-18 21:00:00,21,3,0,0,T3,7,10,9,17,Clear,1,1048,0.43067985564103073,1179,200,92
2024-01-18 22:00:00,22,3,0,0,T3,14,13,12,15,Clear,1,2165,0.3812160820141536,2697,200,63
2024-01-18 23:00:00,23,3,0,0,T3,13,10,14,9,Clear,1,2096,0.5671365143940763,3111,200,56
2024-01-19 00:00:00,0,4,0,0,T3,5,15,14,19,Clear,1,1094,0.3060264683130894,1270,148,51
2024-01-19 01:00:00,1,4,0,0,T2,14,16,10,19,Rainy,1,2919,0.42397882347002813,3859,200,49
2024-01-19 02:00:00,2,4,0,0,T3,5,12,13,15,Foggy,1,1050,0.353784068942062,1381,184,90
2024-01-19 03:00:00,3,4,0,0,T2,11,14,12,9,Clear,1,1927,0.6638119875744216,2314,200,37
2024-01-19 04:00:00,4,4,0,0,T1,8,19,11,10,Foggy,1,1548,0.3384827841120984,2026,199,47
2024-01-19 05:00:00,5,4,0,0,T2,14,17,13,17,Clear,1,1594,0.6678864663307131,2468,200,62
2024-01-19 06:00:00,6,4,0,1,T1,22,25,17,9,Clear,1,4781,0.690315986434275,7875,200,37
2024-01-19 07:00:00,7,4,0,1,T3,19,20,18,12,Foggy,1,6786,0.4127338343716308,7770,200,48
2024-01-19 08:00:00,8,4,0,1,T3,17,29,22,12,Rainy,1,4545,0.5223946053294687,6426,200,42
2024-01-19 09:00:00,9,4,0,1,T3,21,26,20,10,Rainy,1,6018,0.37283685813721873,8353,200,41
2024-01-19 10:00:00,10,4,0,0,T1,6,16,12,18,Clear,1,945,0.5326017915500059,1162,106,31
2024-01-19 11:00:00,11,4,0,0,T3,5,18,9,9,Foggy,1,1017,0.4690431744304683,1181,138,57
2024-01-19 12:00:00,12,4,0,0,T3,6,13,14,12,Clear,1,1188,0.47570862835531913,1330,111,21
2024-01-19 13:00:00,13,4,0,0,T3,9,19,13,8,Clear,1,1558,0.5387658356248723,1854,200,38
2024-01-19 14:00:00,14,4,0,0,T1,7,13,13,12,Clear,1,807,0.544866315731326,1175,175,41
2024-01-19 15:00:00,15,4,0,0,T3,10,15,8,8,Clear,1,2033,0.6236201508869703,2384,200,74
2024-01-19 16:00:00,16,4,0,0,T2,14,11,9,10,Clear,1,1647,0.6684464303615388,2309,200,74
2024-01-19 17:00:00,17,4,0,1,T1,19,29,21,15,Clear,1,4042,0.4143173574888707,5882,200,26
2024-01-19 18:00:00,18,4,0,1,T1,22,29,15,19,Clear,1,7163,0.3339084109020402,8239,200,26
2024-01-19 19:00:00,19,4,0,1,T1,25,31,19,8,Clear,1,6754,0.3182741033756254,8963,200,22
2024-01-19 20:00:00,20,4,0,1,T1,23,22,22,13,Rainy,1,7118,0.6823055222733804,8203,200,43
2024-01-19 21:00:00,21,4,0,0,T2,7,12,13,12,Clear,1,954,0.6343948338758807,1386,200,63
2024-01-19 22:00:00,22,4,0,0,T3,5,18,8,8,Rainy,1,881,0.5633656453107306,1370,200,46
2024-01-19 23:00:00,23,4,0,0,T3,6,13,8,17,Clear,1,1330,0.6899834789449301,1586,200,71
2024-01-20 00:00:00,0,5,1,0,T1,9,15,10,18,Clear,1,1597,0.5520748709466285,1959,196,42
2024-01-20 01:00:00,1,5,1,0,T2,11,11,9,17,Foggy,1,2074,0.5057661862291696,3135,200,77
2024-01-20 02:00:00,2,5,1,0,T1,13,11,8,10,Clear,1,2951,0.6658389753075583,3321,200,73
2024-01-20 03:00:00,3,5,1,0,T3,8,14,8,8,Clear,1,1395,0.35531683887836824,1765,200,58
2024-01-20 04:00:00,4,5,1,0,T3,13,19,12,14,Clear,1,2184,0.5014898503816392,3464,200,52
2024-01-20 05:00:00,5,5,1,0,T2,14,13,12,8,Clear,1,2845,0.34480329454226233,4079,200,58
2024-01-20 06:00:00,6,5,1,1,T2,22,27,19,16,Foggy,1,8360,0.407559685125881,12144,200,56
2024-01-20 07:00:00,7,5,1,1,T1,23,22,16,19,Clear,1,8515,0.35070574423002726,11072,200,24
2024-01-20 08:00:00,8,5,1,1,T2,16,34,17,17,Clear,1,4195,0.4606604741405642,5468,200,14
2024-01-20 09:00:00,9,5,1,1,T2,16,23,21,12,Clear,1,6207,0.5610471501818239,7113,200,39
2024-01-20 10:00:00,10,5,1,0,T2,14,10,11,14,Foggy,1,3246,0.591858406526395,4201,200,107
2024-01-20 11:00:00,11,5,1,0,T3,14,10,9,15,Clear,1,2401,0.45894334323886254,3770,200,76
2024-01-20 12:00:00,12,5,1,0,T3,7,17,8,17,Clear,1,1349,0.38655627276615906,1791,200,66
2024-01-20 13:00:00,13,5,1,0,T3,13,15,9,13,Rainy,1,2647,0.3806998748152975,3725,200,67
2024-01-20 14:00:00,14,5,1,0,T1,7,12,10,15,Clear,1,1449,0.5394568264428669,2229,200,73
2024-01-20 15:00:00,15,5,1,0,T3,5,15,11,12,Rainy,1,1441,0.4172234753771642,1770,192,61
2024-01-20 16:00:00,16,5,1,0,T1,14,10,12,14,Clear,1,2802,0.6499643376765512,3810,200,65
2024-01-20 17:00:00,17,5,1,1,T2,17,25,17,13,Rainy,1,5499,0.6612980339341648,7042,200,36
2024-01-20 18:00:00,18,5,1,1,T1,22,32,17,17,Clear,1,6556,0.5934609832818434,10642,200,28
2024-01-20 19:00:00,19,5,1,1,T3,29,28,19,8,Clear,1,6859,0.4777948523237988,9754,200,20
2024-01-20 20:00:00,20,5,1,1,T2,21,29,18,13,Foggy,1,9135,0.413372903562152,11533,200,31
2024-01-20 21:00:00,21,5,1,0,T3,7,14,9,16,Clear,1,1317,0.6864114204227387,2100,200,58
2024-01-20 22:00:00,22,5,1,0,T2,11,15,11,10,Clear,1,2005,0.4962131841303961,2550,200,61
2024-01-20 23:00:00,23,5,1,0,T2,12,15,8,12,Clear,1,2969,0.5827806533231634,3793,200,47
2024-01-21 00:00:00,0,6,1,0,T2,13,13,10,17,Rainy,1,2449,0.47075854858839106,3579,200,91
2024-01-21 01:00:00,1,6,1,0,T1,12,13,14,17,Rainy,1,2991,0.5367172457577571,3883,200,53
2024-01-21 02:00:00,2,6,1,0,T1,7,13,8,8,Clear,1,1491,0.5070690397347323,2313,200,72
2024-01-21 03:00:00,3,6,1,0,T1,13,16,14,10,Clear,1,2877,0.5997626131424696,3295,200,42
2024-01-21 04:00:00,4,6,1,0,T1,6,19,14,13,Rainy,1,1206,0.6486332736573558,1916,148,47
2024-01-21 05:00:00,5,6,1,0,T3,13,18,12,14,Clear,1,3394,0.5506680739316772,3867,200,39
2024-01-21 06:00:00,6,6,1,1,T2,22,22,23,18,Clear,1,8079,0.3542161295316698,10806,200,41
2024-01-21 07:00:00,7,6,1,1,T1,24,20,16,15,Clear,1,7943,0.6323526438716227,9171,200,53
2024-01-21 08:00:00,8,6,1,1,T1,25,23,22,8,Clear,1,8243,0.6958566370495136,10287,200,33
2024-01-21 09:00:00,9,6,1,1,T3,23,31,19,9,Rainy,1,8819,0.3352148682150346,11095,200,42
2024-01-21 10:00:00,10,6,1,0,T2,13,15,9,18,Clear,1,2888,0.5915715597730851,3923,200,73
2024-01-21 11:00:00,11,6,1,0,T3,6,18,12,16,Clear,1,1283,0.6004407009586763,1914,200,55
2024-01-21 12:00:00,12,6,1,0,T2,9,10,10,10,Clear,1,1590,0.5321484125481255,2460,200,48
2024-01-21 13:00:00,13,6,1,0,T1,6,19,10,16,Rainy,1,1698,0.42697654452661715,2280,200,48
2024-01-21 14:00:00,14,6,1,0,T2,12,19,9,14,Rainy,1,3194,0.6724721239617697,4194,200,61
2024-01-21 15:00:00,15,6,1,0,T1,10,11,12,15,Rainy,1,1851,0.5538531367641252,2589,200,95
2024-01-21 16:00:00,16,6,1,0,T1,7,19,13,15,Clear,1,1439,0.5530472562339468,1865,169,44
2024-01-21 17:00:00,17,6,1,1,T3,21,25,24,12,Rainy,1,9745,0.3974110112857689,12076,200,36
2024-01-21 18:00:00,18,6,1,1,T1,15,25,17,10,Clear,1,5790,0.5567419777469143,6659,200,30
2024-01-21 19:00:00,19,6,1,1,T3,26,21,21,12,Clear,1,10300,0.4118925779732645,12556,200,47
2024-01-21 20:00:00,20,6,1,1,T3,21,22,24,10,Rainy,1,7723,0.48510268189904504,9405,200,40
2024-01-21 21:00:00,21,6,1,0,T1,7,12,11,12,Clear,1,1268,0.3694970328008262,2079,200,66
2024-01-21 22:00:00,22,6,1,0,T2,13,13,14,16,Clear,1,2426,0.5735505450067768,2923,200,61
2024-01-21 23:00:00,23,6,1,0,T2,5,19,9,17,Rainy,1,1200,0.43107988592303365,1390,200,58
2024-01-22 00:00:00,0,0,0,0,T2,7,13,12,17,Clear,1,1027,0.3242766576851723,1670,200,42
2024-01-22 01:00:00,1,0,0,0,T3,5,10,12,15,Clear,1,693,0.38652591659021507,956,145,66
2024-01-22 02:00:00,2,0,0,0,T1,6,17,13,17,Clear,1,1075,0.6066374638058857,1265,119,26
2024-01-22 03:00:00,3,0,0,0,T1,7,14,14,14,Clear,1,1026,0.6838962874036476,1264,98,25
2024-01-22 04:00:00,4,0,0,0,T3,8,10,12,8,Rainy,1,1767,0.30346558093664455,2429,200,58
2024-01-22 05:00:00,5,0,0,0,T2,11,19,11,15,Clear,1,2311,0.5827334469700545,2658,200,58
2024-01-22 06:00:00,6,0,0,1,T2,16,20,19,19,Foggy,1,4252,0.46735784934780233,6034,200,56
2024-01-22 07:00:00,7,0,0,1,T1,27,26,24,19,Clear,1,8409,0.40766773298053244,10057,200,38
2024-01-22 08:00:00,8,0,0,1,T1,17,27,18,18,Clear,1,3345,0.444092856220052,4492,200,25
2024-01-22 09:00:00,9,0,0,1,T2,19,23,16,9,Foggy,1,5959,0.353661771899837,6882,200,44
2024-01-22 10:00:00,10,0,0,0,T2,9,16,12,17,Clear,1,1864,0.6528341254471162,2089,200,68
2024-01-22 11:00:00,11,0,0,0,T3,6,15,9,9,Clear,1,878,0.5492669390635463,1193,103,23
2024-01-22 12:00:00,12,0,0,0,T2,13,13,13,9,Clear,1,2231,0.49824999641326234,3289,200,78
2024-01-22 13:00:00,13,0,0,0,T3,5,13,14,19,Clear,1,854,0.458837343018386,1104,135,24
2024-01-22 14:00:00,14,0,0,0,T2,12,17,8,14,Clear,1,1719,0.5122547561378142,2241,200,54
2024-01-22 15:00:00,15,0,0,0,T2,12,19,10,14,Clear,1,1957,0.600057304317519,3047,200,41
2024-01-22 16:00:00,16,0,0,0,T3,13,17,14,12,Clear,1,2000,0.6630486928699355,2381,200,50
2024-01-22 17:00:00,17,0,0,1,T1,16,30,24,15,Clear,1,3984,0.5031882084673305,4670,196,21
2024-01-22 18:00:00,18,0,0,1,T1,27,32,22,14,Clear,1,5845,0.5010934943071192,7990,200,26
2024-01-22 19:00:00,19,0,0,1,T2,29,33,15,9,Clear,1,8174,0.3235880801330431,10841,200,37
2024-01-22 20:00:00,20,0,0,1,T1,16,29,18,14,Clear,1,3388,0.6357005310020807,5027,200,27
2024-01-22 21:00:00,21,0,0,0,T1,14,18,11,12,Clear,1,1922,0.30060776884439305,2817,200,44
2024-01-22 22:00:00,22,0,0,0,T2,10,13,12,15,Clear,1,1479,0.382335542031341,2225,200,74
2024-01-22 23:00:00,23,0,0,0,T1,7,11,10,19,Rainy,1,1237,0.38347115460066356,1644,200,54
2024-01-23 00:00:00,0,1,0,0,T1,12,15,14,10,Rainy,1,1649,0.5486304201523958,2546,200,50
2024-01-23 01:00:00,1,1,0,0,T1,14,17,9,19,Foggy,1,2722,0.43398271747899536,3329,200,65
2024-01-23 02:00:00,2,1,0,0,T1,10,18,14,19,Rainy,1,1664,0.4456068978082898,2046,200,43
2024-01-23 03:00:00,3,1,0,0,T2,7,14,14,15,Clear,1,1330,0.5982319191340003,1603,170,34
2024-01-23 04:00:00,4,1,0,0,T3,5,16,13,18,Rainy,1,742,0.6344908600582885,1044,119,33
2024-01-23 05:00:00,5,1,0,0,T3,6,12,14,12,Clear,1,1218,0.5570142897928763,1389,136,31
2024-01-23 06:00:00,6,1,0,1,T3,22,34,20,18,Clear,1,4292,0.4829272366590386,6075,200,33
2024-01-23 07:00:00,7,1,0,1,T2,27,31,20,14,Rainy,1,6055,0.488844923479821,8182,200,35
2024-01-23 08:00:00,8,1,0,1,T1,15,20,16,15,Clear,1,3913,0.5730394517559103,4635,200,45
2024-01-23 09:00:00,9,1,0,1,T3,15,26,18,8,Clear,1,3644,0.6032539726323378,4317,200,20
2024-01-23 10:00:00,10,1,0,0,T2,10,12,9,15,Clear,1,1472,0.3857704816801079,1774,200,51
2024-01-23 11:00:00,11,1,0,0,T3,10,11,13,16,Clear,1,1331,0.6602439297598854,1792,200,83
2024-01-23 12:00:00,12,1,0,0,T2,10,14,9,19,Clear,1,1931,0.4873342980668296,2422,200,40
2024-01-23 13:00:00,13,1,0,0,T1,10,10,13,17,Clear,1,1879,0.5873425557145688,2506,200,51
2024-01-23 14:00:00,14,1,0,0,T2,9,14,8,9,Foggy,1,1704,0.6568549935088001,2479,200,66
2024-01-23 15:00:00,15,1,0,0,T2,11,13,11,16,Clear,1,1666,0.6486092291670831,2107,200,52
2024-01-23 16:00:00,16,1,0,0,T1,11,17,14,15,Foggy,1,2841,0.3824904551716941,3671,200,68
2024-01-23 17:00:00,17,1,0,1,T1,18,23,21,14,Clear,1,4378,0.351149153300372,6239,200,23
2024-01-23 18:00:00,18,1,0,1,T2,29,34,24,14,Clear,1,5500,0.6680953832734631,7546,200,24
2024-01-23 19:00:00,19,1,0,1,T3,27,33,23,18,Rainy,1,6756,0.31165159431662326,10945,200,44
2024-01-23 20:00:00,20,1,0,1,T2,18,29,24,8,Rainy,1,5579,0.36393791121649044,6700,200,45
2024-01-23 21:00:00,21,1,0,0,T1,10,10,8,18,Clear,1,1591,0.6654313468350579,2510,200,101
2024-01-23 22:00:00,22,1,0,0,T1,13,12,14,19,Foggy,1,2410,0.47977752745487573,3928,200,48
2024-01-23 23:00:00,23,1,0,0,T2,11,10,8,15,Clear,1,1869,0.3749800963901582,2480,200,81
2024-01-24 00:00:00,0,2,0,0,T3,10,10,8,19,Clear,1,1681,0.6491909803599261,2077,200,101
2024-01-24 01:00:00,1,2,0,0,T1,5,19,9,14,Clear,1,832,0.6253458209733491,1091,159,43
2024-01-24 02:00:00,2,2,0,0,T2,13,14,9,11,Clear,1,1886,0.3722194484060043,2615,200,72
2024-01-24 03:00:00,3,2,0,0,T1,5,15,8,18,Clear,1,829,0.6462630031373889,1130,166,62
2024-01-24 04:00:00,4,2,0,0,T2,8,10,13,11,Clear,1,1428,0.6085527683815692,1718,200,55
2024-01-24 05:00:00,5,2,0,0,T1,8,16,9,15,Foggy,1,1854,0.4311015946919018,2078,200,97
2024-01-24 06:00:00,6,2,0,1,T2,15,26,23,13,Clear,1,3555,0.5197158712850973,5376,200,25
2024-01-24 07:00:00,7,2,0,1,T2,16,22,24,11,Clear,1,4653,0.5337291088886986,5415,200,34
2024-01-24 08:00:00,8,2,0,1,T1,28,25,22,17,Clear,1,5384,0.46445619204990113,7376,200,32
2024-01-24 09:00:00,9,2,0,1,T2,22,28,16,15,Rainy,1,6452,0.6431204368602623,9762,200,32
2024-01-24 10:00:00,10,2,0,0,T3,9,14,12,13,Clear,1,1786,0.37684153047748803,2069,200,49
2024-01-24 11:00:00,11,2,0,0,T1,14,13,11,10,Clear,1,2970,0.3303981604028338,3454,200,82
2024-01-24 12:00:00,12,2,0,0,T3,14,13,9,8,Clear,1,2300,0.40419964410699605,3476,200,58
2024-01-24 13:00:00,13,2,0,0,T2,8,18,8,9,Rainy,1,1980,0.32491177569018254,2256,200,82
2024-01-24 14:00:00,14,2,0,0,T3,14,12,9,11,Rainy,1,3093,0.6615213347394662,3566,200,59
2024-01-24 15:00:00,15,2,0,0,T1,7,18,13,15,Rainy,1,914,0.5482502891912202,1319,159,53
2024-01-24 16:00:00,16,2,0,0,T1,5,14,13,14,Foggy,1,834,0.5444601981022033,1196,191,73
2024-01-24 17:00:00,17,2,0,1,T2,24,21,15,15,Rainy,1,7391,0.6723773381865039,8818,200,43
2024-01-24 18:00:00,18,2,0,1,T1,26,23,22,14,Clear,1,5508,0.5038345777229997,8562,200,19
2024-01-24 19:00:00,19,2,0,1,T1,25,26,23,12,Rainy,1,8781,0.5831429765736782,10806,200,41
2024-01-24 20:00:00,20,2,0,1,T1,29,26,21,9,Clear,1,6255,0.6596258029171375,9740,200,25
2024-01-24 21:00:00,21,2,0,0,T1,14,18,13,10,Clear,1,2173,0.4808544848059416,2614,200,54
2024-01-24 22:00:00,22,2,0,0,T1,7,14,8,14,Clear,1,1011,0.6177736617421294,1357,200,71
2024-01-24 23:00:00,23,2,0,0,T3,12,17,8,19,Clear,1,1563,0.5940912304732514,2592,200,64
2024-01-25 00:00:00,0,3,0,0,T2,10,18,8,10,Clear,1,1210,0.44298107632681494,1963,200,70
2024-01-25 01:00:00,1,3,0,0,T1,5,13,8,12,Clear,1,839,0.47071715778923906,963,173,54
2024-01-25 02:00:00,2,3,0,0,T3,11,18,11,12,Foggy,1,2216,0.36781400309345824,3534,200,50
2024-01-25 03:00:00,3,3,0,0,T1,6,14,10,15,Clear,1,931,0.3131698503491085,1255,126,40
2024-01-25 04:00:00,4,3,0,0,T1,14,14,10,12,Foggy,1,2485,0.4966668571704645,3144,200,76
2024-01-25 05:00:00,5,3,0,0,T1,8,18,9,19,Clear,1,1237,0.503441841594721,1457,178,32
2024-01-25 06:00:00,6,3,0,1,T1,20,34,21,14,Clear,1,4137,0.583942988970634,5415,200,27
2024-01-25 07:00:00,7,3,0,1,T2,27,21,17,19,Clear,1,4796,0.3461659537033035,7861,200,35
2024-01-25 08:00:00,8,3,0,1,T3,28,22,15,13,Clear,1,8214,0.6512308610282898,9174,200,37
2024-01-25 09:00:00,9,3,0,1,T1,25,25,24,19,Clear,1,7562,0.6807457944297004,8887,200,39
2024-01-25 10:00:00,10,3,0,0,T2,11,16,10,15,Clear,1,2296,0.688517930287484,2637,200,60
2024-01-25 11:00:00,11,3,0,0,T2,7,14,9,15,Clear,1,1533,0.3588790539811167,1704,200,43
2024-01-25 12:00:00,12,3,0,0,T1,9,14,8,9,Foggy,1,1506,0.5184031541336733,2184,200,72
2024-01-25 13:00:00,13,3,0,0,T1,11,10,12,12,Rainy,1,1822,0.43351142790291297,2379,200,106
2024-01-25 14:00:00,14,3,0,0,T3,10,15,14,12,Clear,1,1477,0.6022174726704446,1830,200,31
2024-01-25 15:00:00,15,3,0,0,T2,10,15,13,13,Clear,1,1260,0.6088221660286863,1977,200,56
2024-01-25 16:00:00,16,3,0,0,T1,7,19,8,12,Rainy,1,1518,0.41544434647795564,1958,195,66
2024-01-25 17:00:00,17,3,0,1,T2,20,32,21,10,Clear,1,3855,0.6632139619865399,5906,200,35
2024-01-25 18:00:00,18,3,0,1,T1,15,33,17,14,Clear,1,2879,0.6614743750117731,3821,200,23
2024-01-25 19:00:00,19,3,0,1,T2,19,28,23,13,Rainy,1,6157,0.5083377038425736,8026,200,46
2024-01-25 20:00:00,20,3,0,1,T2,16,27,20,17,Foggy,1,5055,0.4023745349374511,5998,200,38
2024-01-25 21:00:00,21,3,0,0,T2,10,18,10,12,Clear,1,1809,0.4231818614173133,2335,171,37
2024-01-25 22:00:00,22,3,0,0,T1,6,17,10,10,Clear,1,1121,0.5107706586279772,1289,175,36
2024-01-25 23:00:00,23,3,0,0,T3,5,11,8,12,Clear,1,704,0.3495262956737042,980,193,72
2024-01-26 00:00:00,0,4,0,0,T1,13,17,14,19,Clear,1,2021,0.3083878199021261,2299,200,47
2024-01-26 01:00:00,1,4,0,0,T1,14,16,11,14,Clear,1,2370,0.45394337279193836,2937,200,48
2024-01-26 02:00:00,2,4,0,0,T1,10,18,8,12,Clear,1,1702,0.5112432059015976,2444,200,44
2024-01-26 03:00:00,3,4,0,0,T2,9,16,9,10,Clear,1,1891,0.32979116898765376,2153,200,55
2024-01-26 04:00:00,4,4,0,0,T1,11,10,14,11,Clear,1,1732,0.4701389491689433,2573,200,68
2024-01-26 05:00:00,5,4,0,0,T2,8,19,12,16,Clear,1,1251,0.5528444059840145,1943,138,24
2024-01-26 06:00:00,6,4,0,1,T3,25,28,22,14,Clear,1,8411,0.624808342053119,9411,200,17
2024-01-26 07:00:00,7,4,0,1,T2,19,31,20,13,Clear,1,4109,0.5467413366414229,5673,200,21
2024-01-26 08:00:00,8,4,0,1,T1,16,27,16,10,Clear,1,3582,0.6053683641259879,4473,200,42
2024-01-26 09:00:00,9,4,0,1,T1,18,34,22,16,Clear,1,3908,0.39073235491290986,6423,200,28
2024-01-26 10:00:00,10,4,0,0,T3,5,19,12,16,Rainy,1,1040,0.48535062815796925,1258,114,32
2024-01-26 11:00:00,11,4,0,0,T2,9,18,9,15,Clear,1,1432,0.6884840138152578,1774,185,50
2024-01-26 12:00:00,12,4,0,0,T2,8,15,11,8,Clear,1,1190,0.576756177822234,1673,131,23
2024-01-26 13:00:00,13,4,0,0,T2,11,11,13,18,Clear,1,2116,0.32290782429302467,2513,200,79
2024-01-26 14:00:00,14,4,0,0,T3,5,13,13,9,Clear,1,710,0.4467720005329937,959,131,39
2024-01-26 15:00:00,15,4,0,0,T1,6,15,8,15,Clear,1,1090,0.38238371443221636,1258,158,56
2024-01-26 16:00:00,16,4,0,0,T1,5,12,10,19,Clear,1,705,0.5861206476318379,1167,121,29
2024-01-26 17:00:00,17,4,0,1,T3,26,28,23,17,Clear,1,4787,0.4967808441732242,6536,200,17
2024-01-26 18:00:00,18,4,0,1,T3,15,31,19,10,Foggy,1,4219,0.6483903726283865,5531,200,30
2024-01-26 19:00:00,19,4,0,1,T3,18,34,21,17,Clear,1,4613,0.3030853959003334,5820,200,20
2024-01-26 20:00:00,20,4,0,1,T1,26,24,15,19,Clear,1,6979,0.4887092777464271,7869,200,42
2024-01-26 21:00:00,21,4,0,0,T2,9,11,9,13,Clear,1,1437,0.3238802889519048,1829,200,76
2024-01-26 22:00:00,22,4,0,0,T1,11,16,8,19,Rainy,1,1854,0.6754919843871263,2446,200,61
2024-01-26 23:00:00,23,4,0,0,T1,8,14,13,15,Foggy,1,1697,0.6581125594412747,2397,200,67
2024-01-27 00:00:00,0,5,1,0,T3,12,11,11,9,Rainy,1,2772,0.638599958594242,3456,200,93
2024-01-27 01:00:00,1,5,1,0,T2,6,12,12,8,Clear,1,1631,0.4867829242106795,1971,200,36
2024-01-27 02:00:00,2,5,1,0,T3,6,15,8,13,Clear,1,1123,0.5600987241848991,1604,200,62
2024-01-27 03:00:00,3,5,1,0,T2,14,16,8,14,Clear,1,2880,0.47608797813010406,3962,200,44
2024-01-27 04:00:00,4,5,1,0,T1,11,10,10,13,Rainy,1,2309,0.5721752957394737,3630,200,86
2024-01-27 05:00:00,5,5,1,0,T2,9,18,11,14,Clear,1,1900,0.5067377388324593,2568,200,42
2024-01-27 06:00:00,6,5,1,1,T1,18,29,23,18,Rainy,1,5737,0.6027373676734153,8035,200,41
2024-01-27 07:00:00,7,5,1,1,T1,20,20,23,11,Rainy,1,6042,0.6494334056092836,9186,200,32
2024-01-27 08:00:00,8,5,1,1,T2,25,30,16,13,Clear,1,7712,0.6151256008390547,8694,200,31
2024-01-27 09:00:00,9,5,1,1,T2,26,20,22,19,Clear,1,9264,0.5373471846451561,12402,200,41
2024-01-27 10:00:00,10,5,1,0,T2,13,16,8,16,Foggy,1,3202,0.41668214679909676,3907,200,55
2024-01-27 11:00:00,11,5,1,0,T2,8,11,12,19,Rainy,1,1727,0.37788053217313555,2726,200,56
2024-01-27 12:00:00,12,5,1,0,T2,11,12,10,12,Clear,1,2968,0.4568517915208634,3511,200,77
2024-01-27 13:00:00,13,5,1,0,T2,6,15,12,9,Rainy,1,1671,0.6963129474933015,2200,200,82
2024-01-27 14:00:00,14,5,1,0,T3,14,15,14,10,Clear,1,2318,0.4750464960989529,3859,200,34
2024-01-27 15:00:00,15,5,1,0,T1,13,10,13,18,Clear,1,2480,0.5272241058446886,3143,200,72
2024-01-27 16:00:00,16,5,1,0,T1,6,12,9,11,Clear,1,1073,0.5051371956824133,1451,200,58
2024-01-27 17:00:00,17,5,1,1,T3,29,21,15,9,Clear,1,8855,0.47165627220536127,12747,200,28
2024-01-27 18:00:00,18,5,1,1,T3,15,27,23,17,Rainy,1,4986,0.5643560970306543,6441,200,37
2024-01-27 19:00:00,19,5,1,1,T2,20,32,23,14,Rainy,1,6816,0.4298157929068121,9523,200,34
2024-01-27 20:00:00,20,5,1,1,T1,17,31,22,10,Clear,1,3841,0.6876323963874761,5717,200,21
2024-01-27 21:00:00,21,5,1,0,T3,14,12,13,15,Rainy,1,2765,0.6191114956056174,4267,200,62
2024-01-27 22:00:00,22,5,1,0,T3,7,11,9,8,Clear,1,1242,0.30988246340853803,1769,200,80
2024-01-27 23:00:00,23,5,1,0,T1,11,10,13,17,Clear,1,2126,0.5626955489237425,3280,200,54
2024-01-28 00:00:00,0,6,1,0,T3,11,12,10,10,Clear,1,2487,0.3153233799139186,2985,200,69
2024-01-28 01:00:00,1,6,1,0,T3,13,13,8,18,Rainy,1,3606,0.31374546413580623,5112,200,103
2024-01-28 02:00:00,2,6,1,0,T1,7,12,10,11,Clear,1,1061,0.412378122811429,1666,200,89
2024-01-28 03:00:00,3,6,1,0,T3,7,15,12,10,Clear,1,1055,0.6401980386849419,1625,130,26
2024-01-28 04:00:00,4,6,1,0,T3,10,15,12,19,Clear,1,2827,0.335281486470309,3157,200,55
2024-01-28 05:00:00,5,6,1,0,T2,14,13,8,18,Rainy,1,2526,0.5213832695412994,4068,200,65
2024-01-28 06:00:00,6,6,1,1,T1,16,29,23,8,Rainy,1,7570,0.6400657153508915,8794,200,22
2024-01-28 07:00:00,7,6,1,1,T1,16,31,24,10,Clear,1,4504,0.32933080188620784,6561,200,21
2024-01-28 08:00:00,8,6,1,1,T2,29,28,24,10,Clear,1,8503,0.6115522809760143,9870,200,25
2024-01-28 09:00:00,9,6,1,1,T3,24,23,21,9,Rainy,1,7458,0.625758688037534,10135,200,36
2024-01-28 10:00:00,10,6,1,0,T3,8,14,9,16,Clear,1,1983,0.6266184515840247,2268,200,60
2024-01-28 11:00:00,11,6,1,0,T1,5,12,10,13,Rainy,1,1153,0.3975877163138821,1390,159,71
2024-01-28 12:00:00,12,6,1,0,T1,13,17,13,11,Foggy,1,3373,0.6346650231351779,4528,200,66
2024-01-28 13:00:00,13,6,1,0,T1,11,17,11,19,Clear,1,2287,0.41907580416679746,3079,200,47
2024-01-28 14:00:00,14,6,1,0,T3,8,16,8,8,Rainy,1,1959,0.3426440338742607,2839,200,71
2024-01-28 15:00:00,15,6,1,0,T2,13,15,8,16,Clear,1,2911,0.6810582830511493,3298,200,65
2024-01-28 16:00:00,16,6,1,0,T2,10,15,14,8,Clear,1,2409,0.469067648706179,3203,200,62
2024-01-28 17:00:00,17,6,1,1,T2,17,28,17,10,Clear,1,6111,0.34143323706991047,8199,200,22
2024-01-28 18:00:00,18,6,1,1,T1,16,26,17,15,Clear,1,5986,0.31810781495671875,7197,200,32
2024-01-28 19:00:00,19,6,1,1,T1,15,21,21,16,Clear,1,5152,0.5486064595637297,6040,200,39
2024-01-28 20:00:00,20,6,1,1,T2,24,22,22,12,Clear,1,6647,0.3029418499845975,8138,200,20
2024-01-28 21:00:00,21,6,1,0,T1,13,14,13,19,Rainy,1,3754,0.3419752270570824,4206,200,78
2024-01-28 22:00:00,22,6,1,0,T1,13,19,9,11,Foggy,1,4710,0.6590003172050284,5452,200,40
2024-01-28 23:00:00,23,6,1,0,T1,12,10,10,8,Clear,1,1990,0.5500341542120004,3073,200,78
2024-01-29 00:00:00,0,0,0,0,T2,7,13,9,10,Clear,1,1127,0.3310959722165433,1808,200,84
2024-01-29 01:00:00,1,0,0,0,T3,13,17,9,12,Clear,1,1795,0.5315147745153791,2897,200,65
2024-01-29 02:00:00,2,0,0,0,T1,8,15,12,13,Foggy,1,1446,0.6592309462197448,1845,200,60
2024-01-29 03:00:00,3,0,0,0,T1,13,11,13,8,Clear,1,2073,0.5962164571352973,2391,200,49
2024-01-29 04:00:00,4,0,0,0,T3,12,17,13,13,Clear,1,1753,0.5950134407855152,2296,200,41
2024-01-29 05:00:00,5,0,0,0,T1,11,14,9,12,Clear,1,2276,0.6754365119884493,2583,200,68
2024-01-29 06:00:00,6,0,0,1,T1,21,33,21,17,Rainy,1,5395,0.5362426917691516,7730,200,29
2024-01-29 07:00:00,7,0,0,1,T2,15,33,23,9,Clear,1,3262,0.47068140527618685,5053,200,25
